case,clients,method,data_used,rpi5_rate,rpi4_rate,run_id,final_acc,best_acc,total_time_s,total_time_min,mean_round_time_s,round_count
A,12 rpi5,FedAvg,12/15,1.0,excluded,xfb856p2,0.6854,0.6854,1617.5750757259957,26.959584595433263,57.40745505930063,20
B,12rpi5 + 3 rpi4,FedAvg,15/15,1.0,1.0,vq2hb555,0.704,0.704,7274.273943237,121.23789905395,331.5942955950999,20
C,12rpi5 + 3 rpi4,HeteroFL,15/15,1.0,1/8,0qujvgnw,0.6972,0.6972,2373.977604214997,39.56629340358328,93.07521074795076,20
D,12rpi5 + 3 rpi4,FedRolex,15/15,1.0,1/8,2qe5vs0v,0.6928,0.6928,2365.7518858969997,39.42919809828333,92.5771179247491,20
E,12rpi5 + 3 rpi4,FIARSE,15/15,1.0,1/8,11po16lu,0.7077,0.7077,7975.693513252001,132.9282252208667,371.80213741659935,20
