run_id,regime,method,seed,server_round,client_trips_total,node_id,device_type,model_rate,train_duration_s,examples_per_second,num_examples
rkomuihv,iid,heterofl,1338,1,1,5532303548584057692,rpi5,0.5,8.226920854998752,364.6564799729625,3000
rkomuihv,iid,heterofl,1338,1,2,1226109634357631632,rpi5,0.5,8.544623482972383,351.09797476487546,3000
rkomuihv,iid,heterofl,1338,1,3,3265283237884559304,rpi5,0.5,8.664646691060625,346.23454446159013,3000
rkomuihv,iid,heterofl,1338,1,4,4550505566950515116,rpi5,0.5,9.061694834032096,331.0638964284255,3000
rkomuihv,iid,heterofl,1338,1,5,11020528845870731691,rpi5,1.0,10.0213885899866,299.35971178660895,3000
rkomuihv,iid,heterofl,1338,1,6,17881531835083801105,rpi5,1.0,12.016820566961542,249.65006203454956,3000
rkomuihv,iid,heterofl,1338,1,7,6226895357772843930,rpi5,0.5,10.550716626923531,284.3408752297014,3000
rkomuihv,iid,heterofl,1338,1,8,15049107749738871698,rpi5,1.0,11.024963330011815,272.1097485951262,3000
rkomuihv,iid,heterofl,1338,1,9,14791231259536223683,rpi5,1.0,11.703983288025483,256.32299074361663,3000
rkomuihv,iid,heterofl,1338,1,10,17776558039558919030,rpi5,1.0,12.42387438705191,241.47056759738192,3000
rkomuihv,iid,heterofl,1338,1,11,7368903663230891954,rpi4,0.125,13.23424277198501,226.68467336495965,3000
rkomuihv,iid,heterofl,1338,1,12,6022106998388930192,rpi4,0.125,13.881004438968375,216.12268861308408,3000
rkomuihv,iid,heterofl,1338,1,13,16565005610778523794,rpi4,0.25,14.949026213027537,200.6819679923772,3000
rkomuihv,iid,heterofl,1338,1,14,11508824180813951708,rpi4,0.125,14.408187040011398,208.214953877891,3000
rkomuihv,iid,heterofl,1338,1,15,18347454573829162500,rpi4,0.25,15.809941962943412,189.75401725266522,3000
rkomuihv,iid,heterofl,1338,1,16,12276784619065902077,rpi4,0.25,15.619213416008279,192.07113188717122,3000
rkomuihv,iid,heterofl,1338,1,17,7387320608177884486,rpi4,0.125,14.587014479096979,205.6623721254932,3000
rkomuihv,iid,heterofl,1338,1,18,17146601223509430139,rpi4,0.25,22.295223201042973,134.5579711379458,3000
rkomuihv,iid,heterofl,1338,1,19,1499256645180829448,rpi4,0.125,23.202843868988566,129.29449583590088,3000
rkomuihv,iid,heterofl,1338,1,20,16514944756520373613,rpi4,0.25,21.886332567082718,137.07184567377143,3000
rkomuihv,iid,heterofl,1338,2,21,3265283237884559304,rpi5,0.5,2.547537654056214,1177.6077166998382,3000
rkomuihv,iid,heterofl,1338,2,22,4550505566950515116,rpi5,0.5,2.529921393026598,1185.8075939707508,3000
rkomuihv,iid,heterofl,1338,2,23,1226109634357631632,rpi5,0.5,2.5082229339750484,1196.0659315261025,3000
rkomuihv,iid,heterofl,1338,2,24,5532303548584057692,rpi5,0.5,2.4880451330682263,1205.7659083942892,3000
rkomuihv,iid,heterofl,1338,2,25,15049107749738871698,rpi5,1.0,4.420603813952766,678.6403229647249,3000
rkomuihv,iid,heterofl,1338,2,26,17776558039558919030,rpi5,1.0,4.413373633986339,679.7521009546335,3000
rkomuihv,iid,heterofl,1338,2,27,17881531835083801105,rpi5,1.0,4.444113623001613,675.050247246775,3000
rkomuihv,iid,heterofl,1338,2,28,6226895357772843930,rpi5,0.5,2.491203877958469,1204.237046410865,3000
rkomuihv,iid,heterofl,1338,2,29,11020528845870731691,rpi5,1.0,4.307779305963777,696.4145066221798,3000
rkomuihv,iid,heterofl,1338,2,30,14791231259536223683,rpi5,1.0,4.3297894690185785,692.8743352225857,3000
rkomuihv,iid,heterofl,1338,2,31,7387320608177884486,rpi4,0.125,7.029739835998043,426.758325341933,3000
rkomuihv,iid,heterofl,1338,2,32,12276784619065902077,rpi4,0.25,7.795491421944462,384.83782966586824,3000
rkomuihv,iid,heterofl,1338,2,33,11508824180813951708,rpi4,0.125,7.115973948035389,421.5867036483817,3000
rkomuihv,iid,heterofl,1338,2,34,18347454573829162500,rpi4,0.25,7.784217906999402,385.3951721087438,3000
rkomuihv,iid,heterofl,1338,2,35,16565005610778523794,rpi4,0.25,7.685202750028111,390.36055359619843,3000
rkomuihv,iid,heterofl,1338,2,36,6022106998388930192,rpi4,0.125,7.15529951103963,419.2696609514973,3000
rkomuihv,iid,heterofl,1338,2,37,7368903663230891954,rpi4,0.125,6.941955643007532,432.1548788664228,3000
rkomuihv,iid,heterofl,1338,2,38,1499256645180829448,rpi4,0.125,15.181937698973343,197.6032348099328,3000
rkomuihv,iid,heterofl,1338,2,39,17146601223509430139,rpi4,0.25,16.98192971094977,176.65836869326054,3000
rkomuihv,iid,heterofl,1338,2,40,16514944756520373613,rpi4,0.25,17.425237174029462,172.16408419801562,3000
rkomuihv,iid,heterofl,1338,3,41,4550505566950515116,rpi5,0.5,2.5128762669628486,1193.8510620046989,3000
rkomuihv,iid,heterofl,1338,3,42,5532303548584057692,rpi5,0.5,2.473698065034114,1212.7591650756408,3000
rkomuihv,iid,heterofl,1338,3,43,3265283237884559304,rpi5,0.5,2.518925381009467,1190.9840690865328,3000
rkomuihv,iid,heterofl,1338,3,44,14791231259536223683,rpi5,1.0,4.355496044037864,688.7849213194969,3000
rkomuihv,iid,heterofl,1338,3,45,15049107749738871698,rpi5,1.0,4.307853261940181,696.4025507797479,3000
rkomuihv,iid,heterofl,1338,3,46,6226895357772843930,rpi5,0.5,2.4896303529385477,1204.9981622609378,3000
rkomuihv,iid,heterofl,1338,3,47,17776558039558919030,rpi5,1.0,4.315888579003513,695.1059892034248,3000
rkomuihv,iid,heterofl,1338,3,48,11020528845870731691,rpi5,1.0,4.395159840001725,682.5690325744382,3000
rkomuihv,iid,heterofl,1338,3,49,1226109634357631632,rpi5,0.5,2.4954968460369855,1202.1654143799856,3000
rkomuihv,iid,heterofl,1338,3,50,17881531835083801105,rpi5,1.0,4.356709863990545,688.5930194240977,3000
rkomuihv,iid,heterofl,1338,3,51,7387320608177884486,rpi4,0.125,6.993751852074638,428.9543099974408,3000
rkomuihv,iid,heterofl,1338,3,52,16565005610778523794,rpi4,0.25,7.7810711660422385,385.5510296695974,3000
rkomuihv,iid,heterofl,1338,3,53,6022106998388930192,rpi4,0.125,7.087929995032027,423.2547446296335,3000
rkomuihv,iid,heterofl,1338,3,54,12276784619065902077,rpi4,0.25,7.824916742974892,383.39066069851293,3000
rkomuihv,iid,heterofl,1338,3,55,11508824180813951708,rpi4,0.125,6.964672173955478,430.74532800245163,3000
rkomuihv,iid,heterofl,1338,3,56,18347454573829162500,rpi4,0.25,7.776318792952225,385.7866530264857,3000
rkomuihv,iid,heterofl,1338,3,57,7368903663230891954,rpi4,0.125,7.030112380045466,426.7357103017744,3000
rkomuihv,iid,heterofl,1338,3,58,1499256645180829448,rpi4,0.125,15.354511537007056,195.38231436209975,3000
rkomuihv,iid,heterofl,1338,3,59,17146601223509430139,rpi4,0.25,16.733310909941792,179.28310877302857,3000
rkomuihv,iid,heterofl,1338,3,60,16514944756520373613,rpi4,0.25,17.40628020989243,172.35158596924254,3000
rkomuihv,iid,heterofl,1338,4,61,17881531835083801105,rpi5,1.0,4.335285117966123,691.9960091131064,3000
rkomuihv,iid,heterofl,1338,4,62,5532303548584057692,rpi5,0.5,2.4872712030773982,1206.1410899978353,3000
rkomuihv,iid,heterofl,1338,4,63,4550505566950515116,rpi5,0.5,2.524807924986817,1188.2091981375827,3000
rkomuihv,iid,heterofl,1338,4,64,1226109634357631632,rpi5,0.5,2.5012010680511594,1199.4237641748193,3000
rkomuihv,iid,heterofl,1338,4,65,6226895357772843930,rpi5,0.5,2.497093860991299,1201.396570175002,3000
rkomuihv,iid,heterofl,1338,4,66,3265283237884559304,rpi5,0.5,2.5258464100770652,1187.7206737635595,3000
rkomuihv,iid,heterofl,1338,4,67,17776558039558919030,rpi5,1.0,4.4316628619562835,676.9468015614573,3000
rkomuihv,iid,heterofl,1338,4,68,14791231259536223683,rpi5,1.0,4.3017256039893255,697.3945519021172,3000
rkomuihv,iid,heterofl,1338,4,69,11020528845870731691,rpi5,1.0,4.346911903005093,690.1451115045717,3000
rkomuihv,iid,heterofl,1338,4,70,15049107749738871698,rpi5,1.0,4.329274896066636,692.9566895199126,3000
rkomuihv,iid,heterofl,1338,4,71,7368903663230891954,rpi4,0.125,7.024038866045885,427.10469819607096,3000
rkomuihv,iid,heterofl,1338,4,72,6022106998388930192,rpi4,0.125,7.079074312001467,423.78422202942096,3000
rkomuihv,iid,heterofl,1338,4,73,18347454573829162500,rpi4,0.25,7.840778682031669,382.61505925106064,3000
rkomuihv,iid,heterofl,1338,4,74,11508824180813951708,rpi4,0.125,6.991066691931337,429.11906468613967,3000
rkomuihv,iid,heterofl,1338,4,75,16565005610778523794,rpi4,0.25,7.829572558985092,383.16267936711927,3000
rkomuihv,iid,heterofl,1338,4,76,7387320608177884486,rpi4,0.125,7.258012769045308,413.33628025493385,3000
rkomuihv,iid,heterofl,1338,4,77,12276784619065902077,rpi4,0.25,7.826770939980634,383.29983373800167,3000
rkomuihv,iid,heterofl,1338,4,78,1499256645180829448,rpi4,0.125,14.986053260974586,200.18612958038435,3000
rkomuihv,iid,heterofl,1338,4,79,17146601223509430139,rpi4,0.25,17.048567189020105,175.96786678543336,3000
rkomuihv,iid,heterofl,1338,4,80,16514944756520373613,rpi4,0.25,17.45247558702249,171.89538441358852,3000
rkomuihv,iid,heterofl,1338,5,81,5532303548584057692,rpi5,0.5,2.5084650160279125,1195.9505039262697,3000
rkomuihv,iid,heterofl,1338,5,82,6226895357772843930,rpi5,0.5,2.4709641500376165,1214.1009815760904,3000
rkomuihv,iid,heterofl,1338,5,83,1226109634357631632,rpi5,0.5,2.515131084015593,1192.7807735612246,3000
rkomuihv,iid,heterofl,1338,5,84,4550505566950515116,rpi5,0.5,2.5735733560286462,1165.6943809168838,3000
rkomuihv,iid,heterofl,1338,5,85,3265283237884559304,rpi5,0.5,2.5031810010550544,1198.4750598280923,3000
rkomuihv,iid,heterofl,1338,5,86,17776558039558919030,rpi5,1.0,4.35849773499649,688.3105561605657,3000
rkomuihv,iid,heterofl,1338,5,87,17881531835083801105,rpi5,1.0,4.413444160018116,679.7412386401838,3000
rkomuihv,iid,heterofl,1338,5,88,11020528845870731691,rpi5,1.0,4.349535114015453,689.728883975011,3000
rkomuihv,iid,heterofl,1338,5,89,15049107749738871698,rpi5,1.0,4.39996026805602,681.8243386832793,3000
rkomuihv,iid,heterofl,1338,5,90,14791231259536223683,rpi5,1.0,4.379986132029444,684.9336754885946,3000
rkomuihv,iid,heterofl,1338,5,91,18347454573829162500,rpi4,0.25,7.764046243974008,386.3964620674976,3000
rkomuihv,iid,heterofl,1338,5,92,7368903663230891954,rpi4,0.125,7.283518036012538,411.88886814954486,3000
rkomuihv,iid,heterofl,1338,5,93,6022106998388930192,rpi4,0.125,7.167985141044483,418.5276533040992,3000
rkomuihv,iid,heterofl,1338,5,94,11508824180813951708,rpi4,0.125,7.107021205010824,422.11777810439656,3000
rkomuihv,iid,heterofl,1338,5,95,7387320608177884486,rpi4,0.125,7.108785880031064,422.01299218016266,3000
rkomuihv,iid,heterofl,1338,5,96,16565005610778523794,rpi4,0.25,7.90469025191851,379.5215124681052,3000
rkomuihv,iid,heterofl,1338,5,97,12276784619065902077,rpi4,0.25,7.819557178067043,383.6534386390388,3000
rkomuihv,iid,heterofl,1338,5,98,1499256645180829448,rpi4,0.125,15.00870720599778,199.88397127243178,3000
rkomuihv,iid,heterofl,1338,5,99,17146601223509430139,rpi4,0.25,16.870319428038783,177.8271011877786,3000
rkomuihv,iid,heterofl,1338,5,100,16514944756520373613,rpi4,0.25,17.68601572897751,169.62554178240802,3000
rkomuihv,iid,heterofl,1338,6,101,3265283237884559304,rpi5,0.5,2.573397023952566,1165.7742556149383,3000
rkomuihv,iid,heterofl,1338,6,102,4550505566950515116,rpi5,0.5,2.5565265769837424,1173.467167135606,3000
rkomuihv,iid,heterofl,1338,6,103,17881531835083801105,rpi5,1.0,4.340287744998932,691.1984126989577,3000
rkomuihv,iid,heterofl,1338,6,104,6226895357772843930,rpi5,0.5,2.4970965910470113,1201.3952566977498,3000
rkomuihv,iid,heterofl,1338,6,105,1226109634357631632,rpi5,0.5,2.4573948479956016,1220.8050336098734,3000
rkomuihv,iid,heterofl,1338,6,106,15049107749738871698,rpi5,1.0,4.327678282046691,693.2123426192413,3000
rkomuihv,iid,heterofl,1338,6,107,17776558039558919030,rpi5,1.0,4.406539185089059,680.806382058615,3000
rkomuihv,iid,heterofl,1338,6,108,14791231259536223683,rpi5,1.0,4.313289775978774,695.5247979645046,3000
rkomuihv,iid,heterofl,1338,6,109,11020528845870731691,rpi5,1.0,4.380137308035046,684.9100356960765,3000
rkomuihv,iid,heterofl,1338,6,110,5532303548584057692,rpi5,0.5,2.5038537189830095,1198.1530619202908,3000
rkomuihv,iid,heterofl,1338,6,111,16565005610778523794,rpi4,0.25,7.789353966945782,385.14105440971565,3000
rkomuihv,iid,heterofl,1338,6,112,11508824180813951708,rpi4,0.125,7.072381463018246,424.18526428291733,3000
rkomuihv,iid,heterofl,1338,6,113,7387320608177884486,rpi4,0.125,7.0104272630997,427.93397426586137,3000
rkomuihv,iid,heterofl,1338,6,114,7368903663230891954,rpi4,0.125,7.03350462205708,426.5298967163533,3000
rkomuihv,iid,heterofl,1338,6,115,12276784619065902077,rpi4,0.25,7.8524319579591975,382.0472454981556,3000
rkomuihv,iid,heterofl,1338,6,116,18347454573829162500,rpi4,0.25,7.701241718954407,389.54757031146767,3000
rkomuihv,iid,heterofl,1338,6,117,6022106998388930192,rpi4,0.125,7.191160988993943,417.1788122378979,3000
rkomuihv,iid,heterofl,1338,6,118,17146601223509430139,rpi4,0.25,16.897733060061,177.5386076544619,3000
rkomuihv,iid,heterofl,1338,6,119,1499256645180829448,rpi4,0.125,15.114073805976659,198.49049558125685,3000
rkomuihv,iid,heterofl,1338,6,120,16514944756520373613,rpi4,0.25,17.41002447390929,172.31451940207253,3000
rkomuihv,iid,heterofl,1338,7,121,3265283237884559304,rpi5,0.5,2.574664261075668,1165.2004672433022,3000
rkomuihv,iid,heterofl,1338,7,122,1226109634357631632,rpi5,0.5,2.4556527009699494,1221.67112589457,3000
rkomuihv,iid,heterofl,1338,7,123,5532303548584057692,rpi5,0.5,2.557635704986751,1172.9582888410375,3000
rkomuihv,iid,heterofl,1338,7,124,4550505566950515116,rpi5,0.5,2.522351976018399,1189.3661267431762,3000
rkomuihv,iid,heterofl,1338,7,125,15049107749738871698,rpi5,1.0,4.294796250993386,698.5197491746204,3000
rkomuihv,iid,heterofl,1338,7,126,11020528845870731691,rpi5,1.0,4.401488182949834,681.5876529263859,3000
rkomuihv,iid,heterofl,1338,7,127,14791231259536223683,rpi5,1.0,4.460537743056193,672.5646486615116,3000
rkomuihv,iid,heterofl,1338,7,128,6226895357772843930,rpi5,0.5,2.511320766992867,1194.5905275940886,3000
rkomuihv,iid,heterofl,1338,7,129,17776558039558919030,rpi5,1.0,4.363440164015628,687.5309130489213,3000
rkomuihv,iid,heterofl,1338,7,130,17881531835083801105,rpi5,1.0,4.3599488500040025,688.0814668266684,3000
rkomuihv,iid,heterofl,1338,7,131,18347454573829162500,rpi4,0.25,7.76847826607991,386.17601765060283,3000
rkomuihv,iid,heterofl,1338,7,132,7387320608177884486,rpi4,0.125,7.022757460945286,427.1826297125446,3000
rkomuihv,iid,heterofl,1338,7,133,6022106998388930192,rpi4,0.125,7.07542534195818,424.0027779262421,3000
rkomuihv,iid,heterofl,1338,7,134,12276784619065902077,rpi4,0.25,7.769138319999911,386.14320873618254,3000
rkomuihv,iid,heterofl,1338,7,135,7368903663230891954,rpi4,0.125,7.264918336994015,412.9433891532636,3000
rkomuihv,iid,heterofl,1338,7,136,11508824180813951708,rpi4,0.125,7.105279249022715,422.2212660273177,3000
rkomuihv,iid,heterofl,1338,7,137,16565005610778523794,rpi4,0.25,7.752159090945497,386.98896201756133,3000
rkomuihv,iid,heterofl,1338,7,138,17146601223509430139,rpi4,0.25,16.629524954012595,180.40202641363604,3000
rkomuihv,iid,heterofl,1338,7,139,1499256645180829448,rpi4,0.125,14.718678593053482,203.82264488171225,3000
rkomuihv,iid,heterofl,1338,7,140,16514944756520373613,rpi4,0.25,17.323744744993746,173.17272011104566,3000
rkomuihv,iid,heterofl,1338,8,141,4550505566950515116,rpi5,0.5,2.5688159180572256,1167.8532427768803,3000
rkomuihv,iid,heterofl,1338,8,142,6226895357772843930,rpi5,0.5,2.509320882963948,1195.5425949575942,3000
rkomuihv,iid,heterofl,1338,8,143,15049107749738871698,rpi5,1.0,4.325783216045238,693.51602939148,3000
rkomuihv,iid,heterofl,1338,8,144,17881531835083801105,rpi5,1.0,4.368461752077565,686.7405897678403,3000
rkomuihv,iid,heterofl,1338,8,145,1226109634357631632,rpi5,0.5,2.5358004110166803,1183.0584090792886,3000
rkomuihv,iid,heterofl,1338,8,146,14791231259536223683,rpi5,1.0,4.399826242006384,681.8451081904445,3000
rkomuihv,iid,heterofl,1338,8,147,11020528845870731691,rpi5,1.0,4.3383161559468135,691.5125343937195,3000
rkomuihv,iid,heterofl,1338,8,148,3265283237884559304,rpi5,0.5,2.4964647740125656,1201.6993114539737,3000
rkomuihv,iid,heterofl,1338,8,149,5532303548584057692,rpi5,0.5,2.4921563419047743,1203.7768054740407,3000
rkomuihv,iid,heterofl,1338,8,150,17776558039558919030,rpi5,1.0,4.297187760006636,698.1310027736296,3000
rkomuihv,iid,heterofl,1338,8,151,16565005610778523794,rpi4,0.25,7.809496364905499,384.14769145440306,3000
rkomuihv,iid,heterofl,1338,8,152,11508824180813951708,rpi4,0.125,7.0465871669584885,425.7380103189566,3000
rkomuihv,iid,heterofl,1338,8,153,18347454573829162500,rpi4,0.25,7.883560325950384,380.53872564720206,3000
rkomuihv,iid,heterofl,1338,8,154,6022106998388930192,rpi4,0.125,7.185218484024517,417.52383823402795,3000
rkomuihv,iid,heterofl,1338,8,155,7387320608177884486,rpi4,0.125,7.2352683619828895,414.63562233064476,3000
rkomuihv,iid,heterofl,1338,8,156,7368903663230891954,rpi4,0.125,7.172434955951758,418.2679966321019,3000
rkomuihv,iid,heterofl,1338,8,157,12276784619065902077,rpi4,0.25,7.892611580900848,380.1023234514203,3000
rkomuihv,iid,heterofl,1338,8,158,17146601223509430139,rpi4,0.25,17.042973171104677,176.0256247475832,3000
rkomuihv,iid,heterofl,1338,8,159,1499256645180829448,rpi4,0.125,15.137154969968833,198.18783687897837,3000
rkomuihv,iid,heterofl,1338,8,160,16514944756520373613,rpi4,0.25,17.5035508609144,171.39379454137097,3000
rkomuihv,iid,heterofl,1338,9,161,5532303548584057692,rpi5,0.5,2.5062531650764868,1197.005969629746,3000
rkomuihv,iid,heterofl,1338,9,162,4550505566950515116,rpi5,0.5,2.5385930510237813,1181.7569573784735,3000
rkomuihv,iid,heterofl,1338,9,163,3265283237884559304,rpi5,0.5,2.509193579899147,1195.603250395922,3000
rkomuihv,iid,heterofl,1338,9,164,1226109634357631632,rpi5,0.5,2.515128784929402,1192.7818638854344,3000
rkomuihv,iid,heterofl,1338,9,165,6226895357772843930,rpi5,0.5,2.4960551409749314,1201.8965249414455,3000
rkomuihv,iid,heterofl,1338,9,166,17881531835083801105,rpi5,1.0,4.4394427760271356,675.7604842211086,3000
rkomuihv,iid,heterofl,1338,9,167,14791231259536223683,rpi5,1.0,4.35663505201228,688.6048439183205,3000
rkomuihv,iid,heterofl,1338,9,168,11020528845870731691,rpi5,1.0,4.408713249024004,680.4706567532231,3000
rkomuihv,iid,heterofl,1338,9,169,17776558039558919030,rpi5,1.0,4.330317583982833,692.7898339596455,3000
rkomuihv,iid,heterofl,1338,9,170,15049107749738871698,rpi5,1.0,4.28017779905349,700.9054625402276,3000
rkomuihv,iid,heterofl,1338,9,171,11508824180813951708,rpi4,0.125,6.903706007055007,434.54921124020234,3000
rkomuihv,iid,heterofl,1338,9,172,7387320608177884486,rpi4,0.125,7.065444189938717,424.6017545891932,3000
rkomuihv,iid,heterofl,1338,9,173,7368903663230891954,rpi4,0.125,6.9132548089837655,433.9489983938541,3000
rkomuihv,iid,heterofl,1338,9,174,6022106998388930192,rpi4,0.125,7.286585976951756,411.7154466425454,3000
rkomuihv,iid,heterofl,1338,9,175,18347454573829162500,rpi4,0.25,7.787404113914818,385.2374881431273,3000
rkomuihv,iid,heterofl,1338,9,176,16565005610778523794,rpi4,0.25,7.886332734953612,380.4049487670579,3000
rkomuihv,iid,heterofl,1338,9,177,12276784619065902077,rpi4,0.25,7.825371007085778,383.368404805796,3000
rkomuihv,iid,heterofl,1338,9,178,1499256645180829448,rpi4,0.125,14.833279971964657,202.24791857701666,3000
rkomuihv,iid,heterofl,1338,9,179,17146601223509430139,rpi4,0.25,16.976234066998586,176.71763879787284,3000
rkomuihv,iid,heterofl,1338,9,180,16514944756520373613,rpi4,0.25,17.460566755966283,171.8157286604055,3000
rkomuihv,iid,heterofl,1338,10,181,6226895357772843930,rpi5,0.5,2.479280882049352,1210.0282875251416,3000
rkomuihv,iid,heterofl,1338,10,182,5532303548584057692,rpi5,0.5,2.477489909972064,1210.9030143472219,3000
rkomuihv,iid,heterofl,1338,10,183,1226109634357631632,rpi5,0.5,2.4979759020498022,1200.9723542722106,3000
rkomuihv,iid,heterofl,1338,10,184,3265283237884559304,rpi5,0.5,2.5587336919270456,1172.4549567097097,3000
rkomuihv,iid,heterofl,1338,10,185,11020528845870731691,rpi5,1.0,4.340888240025379,691.1027960449082,3000
rkomuihv,iid,heterofl,1338,10,186,17881531835083801105,rpi5,1.0,4.362722724908963,687.6439758299334,3000
rkomuihv,iid,heterofl,1338,10,187,4550505566950515116,rpi5,0.5,2.513209394994192,1193.6928160364978,3000
rkomuihv,iid,heterofl,1338,10,188,14791231259536223683,rpi5,1.0,4.276186403003521,701.5596882991,3000
rkomuihv,iid,heterofl,1338,10,189,17776558039558919030,rpi5,1.0,4.341508967918344,691.0039855194478,3000
rkomuihv,iid,heterofl,1338,10,190,15049107749738871698,rpi5,1.0,4.369027061969973,686.651732170163,3000
rkomuihv,iid,heterofl,1338,10,191,11508824180813951708,rpi4,0.125,7.077441488043405,423.88199253475784,3000
rkomuihv,iid,heterofl,1338,10,192,6022106998388930192,rpi4,0.125,7.090165725094266,423.1212804211447,3000
rkomuihv,iid,heterofl,1338,10,193,7368903663230891954,rpi4,0.125,7.094753298093565,422.8476839083512,3000
rkomuihv,iid,heterofl,1338,10,194,18347454573829162500,rpi4,0.25,7.807013003970496,384.26988637962535,3000
rkomuihv,iid,heterofl,1338,10,195,16565005610778523794,rpi4,0.25,7.772103726048954,385.99587778855954,3000
rkomuihv,iid,heterofl,1338,10,196,7387320608177884486,rpi4,0.125,7.176060369005427,418.0566837142966,3000
rkomuihv,iid,heterofl,1338,10,197,12276784619065902077,rpi4,0.25,7.889089980977587,380.2719967998452,3000
rkomuihv,iid,heterofl,1338,10,198,1499256645180829448,rpi4,0.125,15.101483942940831,198.6559738986675,3000
rkomuihv,iid,heterofl,1338,10,199,17146601223509430139,rpi4,0.25,17.029862063005567,176.1611449876028,3000
rkomuihv,iid,heterofl,1338,10,200,16514944756520373613,rpi4,0.25,17.385264796903357,172.55992560633052,3000
rkomuihv,iid,heterofl,1338,11,201,3265283237884559304,rpi5,0.5,2.506465838989243,1196.9044035364868,3000
rkomuihv,iid,heterofl,1338,11,202,1226109634357631632,rpi5,0.5,2.551108565996401,1175.9593613485724,3000
rkomuihv,iid,heterofl,1338,11,203,4550505566950515116,rpi5,0.5,2.5492438439978287,1176.8195526149734,3000
rkomuihv,iid,heterofl,1338,11,204,17881531835083801105,rpi5,1.0,4.368862190982327,686.6776448550459,3000
rkomuihv,iid,heterofl,1338,11,205,14791231259536223683,rpi5,1.0,4.388441668008454,683.6139629859655,3000
rkomuihv,iid,heterofl,1338,11,206,17776558039558919030,rpi5,1.0,4.320776425069198,694.3196557438064,3000
rkomuihv,iid,heterofl,1338,11,207,15049107749738871698,rpi5,1.0,4.318325190921314,694.7137761433734,3000
rkomuihv,iid,heterofl,1338,11,208,6226895357772843930,rpi5,0.5,2.489847767050378,1204.8929415287018,3000
rkomuihv,iid,heterofl,1338,11,209,11020528845870731691,rpi5,1.0,4.380793240969069,684.8074846226648,3000
rkomuihv,iid,heterofl,1338,11,210,5532303548584057692,rpi5,0.5,2.4919748010579497,1203.864500847429,3000
rkomuihv,iid,heterofl,1338,11,211,12276784619065902077,rpi4,0.25,7.8062739700544626,384.3062658969257,3000
rkomuihv,iid,heterofl,1338,11,212,16565005610778523794,rpi4,0.25,7.86389750498347,381.49022136909275,3000
rkomuihv,iid,heterofl,1338,11,213,7368903663230891954,rpi4,0.125,7.118848368991166,421.4164770059766,3000
rkomuihv,iid,heterofl,1338,11,214,11508824180813951708,rpi4,0.125,7.266479867976159,412.8546496387049,3000
rkomuihv,iid,heterofl,1338,11,215,7387320608177884486,rpi4,0.125,7.110731160035357,421.8975422472705,3000
rkomuihv,iid,heterofl,1338,11,216,6022106998388930192,rpi4,0.125,7.133787262951955,420.53398698612193,3000
rkomuihv,iid,heterofl,1338,11,217,18347454573829162500,rpi4,0.25,7.805802589049563,384.3294735904,3000
rkomuihv,iid,heterofl,1338,11,218,1499256645180829448,rpi4,0.125,14.919539372087456,201.07859399551,3000
rkomuihv,iid,heterofl,1338,11,219,17146601223509430139,rpi4,0.25,16.785318166017532,178.72762198059525,3000
rkomuihv,iid,heterofl,1338,11,220,16514944756520373613,rpi4,0.25,17.620879360940307,170.25257017819513,3000
rkomuihv,iid,heterofl,1338,12,221,15049107749738871698,rpi5,1.0,4.281979229999706,700.6105912382499,3000
rkomuihv,iid,heterofl,1338,12,222,1226109634357631632,rpi5,0.5,2.5457011359976605,1178.4572656932487,3000
rkomuihv,iid,heterofl,1338,12,223,3265283237884559304,rpi5,0.5,2.478881531045772,1210.2232246388887,3000
rkomuihv,iid,heterofl,1338,12,224,4550505566950515116,rpi5,0.5,2.4936843879986554,1203.0391714517232,3000
rkomuihv,iid,heterofl,1338,12,225,6226895357772843930,rpi5,0.5,2.5143656799336895,1193.1438708148123,3000
rkomuihv,iid,heterofl,1338,12,226,5532303548584057692,rpi5,0.5,2.503281885990873,1198.4267600021046,3000
rkomuihv,iid,heterofl,1338,12,227,14791231259536223683,rpi5,1.0,4.353031703038141,689.1748566651122,3000
rkomuihv,iid,heterofl,1338,12,228,17776558039558919030,rpi5,1.0,4.394853388075717,682.6166279265911,3000
rkomuihv,iid,heterofl,1338,12,229,17881531835083801105,rpi5,1.0,4.299048958928324,697.8287590257744,3000
rkomuihv,iid,heterofl,1338,12,230,11020528845870731691,rpi5,1.0,4.359222006984055,688.1961953746792,3000
rkomuihv,iid,heterofl,1338,12,231,6022106998388930192,rpi4,0.125,7.1237199530005455,421.1282896847153,3000
rkomuihv,iid,heterofl,1338,12,232,18347454573829162500,rpi4,0.25,7.786125676007941,385.3007419651802,3000
rkomuihv,iid,heterofl,1338,12,233,11508824180813951708,rpi4,0.125,7.114299316890538,421.6859407190667,3000
rkomuihv,iid,heterofl,1338,12,234,7387320608177884486,rpi4,0.125,7.224792480003089,415.2368401311808,3000
rkomuihv,iid,heterofl,1338,12,235,16565005610778523794,rpi4,0.25,7.786743002943695,385.2701956216973,3000
rkomuihv,iid,heterofl,1338,12,236,12276784619065902077,rpi4,0.25,8.108176485053264,369.9968797583829,3000
rkomuihv,iid,heterofl,1338,12,237,7368903663230891954,rpi4,0.125,7.286128539009951,411.74129497414054,3000
rkomuihv,iid,heterofl,1338,12,238,1499256645180829448,rpi4,0.125,15.49278268404305,193.6385516521755,3000
rkomuihv,iid,heterofl,1338,12,239,17146601223509430139,rpi4,0.25,17.266726980917156,173.7445668374522,3000
rkomuihv,iid,heterofl,1338,12,240,16514944756520373613,rpi4,0.25,17.28882016800344,173.52254062727337,3000
rkomuihv,iid,heterofl,1338,13,241,6226895357772843930,rpi5,0.5,2.467056587105617,1216.0239921856187,3000
rkomuihv,iid,heterofl,1338,13,242,4550505566950515116,rpi5,0.5,2.522143771057017,1189.4643098568151,3000
rkomuihv,iid,heterofl,1338,13,243,1226109634357631632,rpi5,0.5,2.5038908619899303,1198.1352883790607,3000
rkomuihv,iid,heterofl,1338,13,244,5532303548584057692,rpi5,0.5,2.4645874940324575,1217.2422392241886,3000
rkomuihv,iid,heterofl,1338,13,245,17881531835083801105,rpi5,1.0,4.322686024010181,694.0129316209004,3000
rkomuihv,iid,heterofl,1338,13,246,3265283237884559304,rpi5,0.5,2.521655000047758,1189.6948630733318,3000
rkomuihv,iid,heterofl,1338,13,247,14791231259536223683,rpi5,1.0,4.35247533605434,689.2629523133834,3000
rkomuihv,iid,heterofl,1338,13,248,11020528845870731691,rpi5,1.0,4.447796100052074,674.491350888337,3000
rkomuihv,iid,heterofl,1338,13,249,15049107749738871698,rpi5,1.0,4.371222962043248,686.3067901248636,3000
rkomuihv,iid,heterofl,1338,13,250,17776558039558919030,rpi5,1.0,4.312408783938736,695.6668883463204,3000
rkomuihv,iid,heterofl,1338,13,251,7387320608177884486,rpi4,0.125,7.109885590034537,421.94771800616655,3000
rkomuihv,iid,heterofl,1338,13,252,16565005610778523794,rpi4,0.25,7.756655106088147,386.76465035106696,3000
rkomuihv,iid,heterofl,1338,13,253,6022106998388930192,rpi4,0.125,7.098078992101364,422.6495652328405,3000
rkomuihv,iid,heterofl,1338,13,254,11508824180813951708,rpi4,0.125,7.104889356996864,422.2444360862021,3000
rkomuihv,iid,heterofl,1338,13,255,12276784619065902077,rpi4,0.25,7.725721281953156,388.3132578194128,3000
rkomuihv,iid,heterofl,1338,13,256,18347454573829162500,rpi4,0.25,7.828953375923447,383.1929832697645,3000
rkomuihv,iid,heterofl,1338,13,257,7368903663230891954,rpi4,0.125,7.187071886030026,417.41616719199556,3000
rkomuihv,iid,heterofl,1338,13,258,1499256645180829448,rpi4,0.125,15.021575610036962,199.71273838914016,3000
rkomuihv,iid,heterofl,1338,13,259,17146601223509430139,rpi4,0.25,17.037268646992743,176.08456274060876,3000
rkomuihv,iid,heterofl,1338,13,260,16514944756520373613,rpi4,0.25,17.41056255705189,172.30919392578124,3000
rkomuihv,iid,heterofl,1338,14,261,14791231259536223683,rpi5,1.0,4.361956501961686,687.7647676337033,3000
rkomuihv,iid,heterofl,1338,14,262,4550505566950515116,rpi5,0.5,2.4830707880901173,1208.1814237392261,3000
rkomuihv,iid,heterofl,1338,14,263,5532303548584057692,rpi5,0.5,2.503264258033596,1198.4351993091643,3000
rkomuihv,iid,heterofl,1338,14,264,3265283237884559304,rpi5,0.5,2.541968379053287,1180.1877728775285,3000
rkomuihv,iid,heterofl,1338,14,265,1226109634357631632,rpi5,0.5,2.515548321069218,1192.5829350496708,3000
rkomuihv,iid,heterofl,1338,14,266,17881531835083801105,rpi5,1.0,4.362248755991459,687.7186900172902,3000
rkomuihv,iid,heterofl,1338,14,267,11020528845870731691,rpi5,1.0,4.305747948936187,696.7430596445397,3000
rkomuihv,iid,heterofl,1338,14,268,17776558039558919030,rpi5,1.0,4.301324034924619,697.4596602444939,3000
rkomuihv,iid,heterofl,1338,14,269,15049107749738871698,rpi5,1.0,4.329863377963193,692.8625081494436,3000
rkomuihv,iid,heterofl,1338,14,270,6226895357772843930,rpi5,0.5,2.5113165149232373,1194.592550231248,3000
rkomuihv,iid,heterofl,1338,14,271,7387320608177884486,rpi4,0.125,7.207681720028631,416.2225964644958,3000
rkomuihv,iid,heterofl,1338,14,272,11508824180813951708,rpi4,0.125,7.150940636987798,419.52522783963354,3000
rkomuihv,iid,heterofl,1338,14,273,6022106998388930192,rpi4,0.125,7.020986171904951,427.2904014545342,3000
rkomuihv,iid,heterofl,1338,14,274,18347454573829162500,rpi4,0.25,7.779852932086214,385.6114024504486,3000
rkomuihv,iid,heterofl,1338,14,275,16565005610778523794,rpi4,0.25,7.813166233943775,383.9672560615313,3000
rkomuihv,iid,heterofl,1338,14,276,7368903663230891954,rpi4,0.125,7.230677594081499,414.89887510066546,3000
rkomuihv,iid,heterofl,1338,14,277,12276784619065902077,rpi4,0.25,7.9162680270383134,378.96645107939577,3000
rkomuihv,iid,heterofl,1338,14,278,17146601223509430139,rpi4,0.25,16.88605293992441,177.66141150173542,3000
rkomuihv,iid,heterofl,1338,14,279,1499256645180829448,rpi4,0.125,14.835640338016674,202.2157407194909,3000
rkomuihv,iid,heterofl,1338,14,280,16514944756520373613,rpi4,0.25,17.47272503899876,171.69617179369916,3000
rkomuihv,iid,heterofl,1338,15,281,5532303548584057692,rpi5,0.5,2.4583855179371312,1220.3130786896866,3000
rkomuihv,iid,heterofl,1338,15,282,1226109634357631632,rpi5,0.5,2.5166625808924437,1192.0549154174487,3000
rkomuihv,iid,heterofl,1338,15,283,4550505566950515116,rpi5,0.5,2.5091144629986957,1195.6409499208883,3000
rkomuihv,iid,heterofl,1338,15,284,3265283237884559304,rpi5,0.5,2.5107452500378713,1194.8643535041035,3000
rkomuihv,iid,heterofl,1338,15,285,17776558039558919030,rpi5,1.0,4.352817281964235,689.208805623523,3000
rkomuihv,iid,heterofl,1338,15,286,14791231259536223683,rpi5,1.0,4.28286952606868,700.4649527004741,3000
rkomuihv,iid,heterofl,1338,15,287,17881531835083801105,rpi5,1.0,4.413636306067929,679.7116463528175,3000
rkomuihv,iid,heterofl,1338,15,288,11020528845870731691,rpi5,1.0,4.399319133954123,681.9237042491142,3000
rkomuihv,iid,heterofl,1338,15,289,6226895357772843930,rpi5,0.5,2.4964211500482634,1201.7203106703373,3000
rkomuihv,iid,heterofl,1338,15,290,15049107749738871698,rpi5,1.0,4.312853742041625,695.5951162350002,3000
rkomuihv,iid,heterofl,1338,15,291,18347454573829162500,rpi4,0.25,7.821484324056655,383.55890975487296,3000
rkomuihv,iid,heterofl,1338,15,292,12276784619065902077,rpi4,0.25,7.820282176951878,383.617871084201,3000
rkomuihv,iid,heterofl,1338,15,293,16565005610778523794,rpi4,0.25,7.8208954490255564,383.58778985771823,3000
rkomuihv,iid,heterofl,1338,15,294,7387320608177884486,rpi4,0.125,7.3838125499896705,406.2941711601545,3000
rkomuihv,iid,heterofl,1338,15,295,7368903663230891954,rpi4,0.125,7.14228650694713,420.03355607227076,3000
rkomuihv,iid,heterofl,1338,15,296,6022106998388930192,rpi4,0.125,7.185812402050942,417.48932927107217,3000
rkomuihv,iid,heterofl,1338,15,297,11508824180813951708,rpi4,0.125,7.117156766005792,421.51663910638086,3000
rkomuihv,iid,heterofl,1338,15,298,1499256645180829448,rpi4,0.125,14.991018800996244,200.1198210625039,3000
rkomuihv,iid,heterofl,1338,15,299,17146601223509430139,rpi4,0.25,17.444356268038973,171.97539157673074,3000
rkomuihv,iid,heterofl,1338,15,300,16514944756520373613,rpi4,0.25,17.563151645008475,170.8121674649785,3000
rkomuihv,iid,heterofl,1338,16,301,14791231259536223683,rpi5,1.0,4.333334804046899,692.3074573416994,3000
rkomuihv,iid,heterofl,1338,16,302,1226109634357631632,rpi5,0.5,2.522294585010968,1189.3931889747741,3000
rkomuihv,iid,heterofl,1338,16,303,4550505566950515116,rpi5,0.5,2.4837283820379525,1207.8615446421866,3000
rkomuihv,iid,heterofl,1338,16,304,3265283237884559304,rpi5,0.5,2.5168775080237538,1191.9531206568702,3000
rkomuihv,iid,heterofl,1338,16,305,6226895357772843930,rpi5,0.5,2.540602802997455,1180.822124757376,3000
rkomuihv,iid,heterofl,1338,16,306,11020528845870731691,rpi5,1.0,4.283496774034575,700.3623810773495,3000
rkomuihv,iid,heterofl,1338,16,307,17881531835083801105,rpi5,1.0,4.325861116987653,693.5035404208893,3000
rkomuihv,iid,heterofl,1338,16,308,17776558039558919030,rpi5,1.0,4.399691550992429,681.8659820194205,3000
rkomuihv,iid,heterofl,1338,16,309,5532303548584057692,rpi5,0.5,2.4861758130136877,1206.6725065446863,3000
rkomuihv,iid,heterofl,1338,16,310,15049107749738871698,rpi5,1.0,4.312430516933091,695.6633824522548,3000
rkomuihv,iid,heterofl,1338,16,311,6022106998388930192,rpi4,0.125,7.084663063986227,423.44991891710833,3000
rkomuihv,iid,heterofl,1338,16,312,11508824180813951708,rpi4,0.125,7.231082811951637,414.8756248568412,3000
rkomuihv,iid,heterofl,1338,16,313,7368903663230891954,rpi4,0.125,7.06149315496441,424.8393270608672,3000
rkomuihv,iid,heterofl,1338,16,314,7387320608177884486,rpi4,0.125,7.108286127913743,422.04266204468183,3000
rkomuihv,iid,heterofl,1338,16,315,16565005610778523794,rpi4,0.25,7.761585570988245,386.5189622096796,3000
rkomuihv,iid,heterofl,1338,16,316,18347454573829162500,rpi4,0.25,7.686991757014766,390.26970430433323,3000
rkomuihv,iid,heterofl,1338,16,317,12276784619065902077,rpi4,0.25,7.800290802959353,384.60104575355444,3000
rkomuihv,iid,heterofl,1338,16,318,1499256645180829448,rpi4,0.125,15.113756812992506,198.49465868215222,3000
rkomuihv,iid,heterofl,1338,16,319,17146601223509430139,rpi4,0.25,16.79510076099541,178.62351900663418,3000
rkomuihv,iid,heterofl,1338,16,320,16514944756520373613,rpi4,0.25,17.382579221972264,172.58658578169354,3000
rkomuihv,iid,heterofl,1338,17,321,4550505566950515116,rpi5,0.5,2.542183249955997,1180.0880208190845,3000
rkomuihv,iid,heterofl,1338,17,322,1226109634357631632,rpi5,0.5,2.5042500330600888,1197.96344629938,3000
rkomuihv,iid,heterofl,1338,17,323,5532303548584057692,rpi5,0.5,2.474917735089548,1212.1615023666448,3000
rkomuihv,iid,heterofl,1338,17,324,17881531835083801105,rpi5,1.0,4.309662773972377,696.1101499908746,3000
rkomuihv,iid,heterofl,1338,17,325,17776558039558919030,rpi5,1.0,4.300779388984665,697.5479857636326,3000
rkomuihv,iid,heterofl,1338,17,326,14791231259536223683,rpi5,1.0,4.4657667089486495,671.7771427666613,3000
rkomuihv,iid,heterofl,1338,17,327,11020528845870731691,rpi5,1.0,4.41505052393768,679.4939228293067,3000
rkomuihv,iid,heterofl,1338,17,328,3265283237884559304,rpi5,0.5,2.5287574109388515,1186.3534188857564,3000
rkomuihv,iid,heterofl,1338,17,329,15049107749738871698,rpi5,1.0,4.336896309978329,691.738927005841,3000
rkomuihv,iid,heterofl,1338,17,330,6226895357772843930,rpi5,0.5,2.543435625033453,1179.506951334985,3000
rkomuihv,iid,heterofl,1338,17,331,11508824180813951708,rpi4,0.125,7.108993055997416,422.00069353972515,3000
rkomuihv,iid,heterofl,1338,17,332,18347454573829162500,rpi4,0.25,7.903544279048219,379.5765411162185,3000
rkomuihv,iid,heterofl,1338,17,333,16565005610778523794,rpi4,0.25,7.770530965994112,386.07400358209617,3000
rkomuihv,iid,heterofl,1338,17,334,12276784619065902077,rpi4,0.25,7.85363176302053,381.98887986138413,3000
rkomuihv,iid,heterofl,1338,17,335,6022106998388930192,rpi4,0.125,6.984372576000169,429.5303504152479,3000
rkomuihv,iid,heterofl,1338,17,336,7387320608177884486,rpi4,0.125,7.226712754927576,415.1265038110769,3000
rkomuihv,iid,heterofl,1338,17,337,7368903663230891954,rpi4,0.125,7.074690522975288,424.0468173494518,3000
rkomuihv,iid,heterofl,1338,17,338,1499256645180829448,rpi4,0.125,14.562325814040378,206.01104784426173,3000
rkomuihv,iid,heterofl,1338,17,339,17146601223509430139,rpi4,0.25,17.146337575046346,174.96447779997072,3000
rkomuihv,iid,heterofl,1338,17,340,16514944756520373613,rpi4,0.25,17.62213019200135,170.24048553231628,3000
rkomuihv,iid,heterofl,1338,18,341,6226895357772843930,rpi5,0.5,2.4862478849245235,1206.6375272516614,3000
rkomuihv,iid,heterofl,1338,18,342,3265283237884559304,rpi5,0.5,2.496548228082247,1201.659141311476,3000
rkomuihv,iid,heterofl,1338,18,343,4550505566950515116,rpi5,0.5,2.4715654629981145,1213.8056000996517,3000
rkomuihv,iid,heterofl,1338,18,344,14791231259536223683,rpi5,1.0,4.320498665096238,694.3642927692412,3000
rkomuihv,iid,heterofl,1338,18,345,1226109634357631632,rpi5,0.5,2.5425023400457576,1179.9399169662156,3000
rkomuihv,iid,heterofl,1338,18,346,5532303548584057692,rpi5,0.5,2.5085705139208585,1195.9002082469049,3000
rkomuihv,iid,heterofl,1338,18,347,15049107749738871698,rpi5,1.0,4.384017448988743,684.3038457093749,3000
rkomuihv,iid,heterofl,1338,18,348,17776558039558919030,rpi5,1.0,4.4488595890579745,674.330115380251,3000
rkomuihv,iid,heterofl,1338,18,349,17881531835083801105,rpi5,1.0,4.421717724064365,678.4693612785514,3000
rkomuihv,iid,heterofl,1338,18,350,11020528845870731691,rpi5,1.0,4.295441344962455,698.4148447326131,3000
rkomuihv,iid,heterofl,1338,18,351,16565005610778523794,rpi4,0.25,7.754723510006443,386.8609881614603,3000
rkomuihv,iid,heterofl,1338,18,352,7387320608177884486,rpi4,0.125,7.064710906939581,424.64582620827923,3000
rkomuihv,iid,heterofl,1338,18,353,11508824180813951708,rpi4,0.125,6.956392331980169,431.2580223815577,3000
rkomuihv,iid,heterofl,1338,18,354,6022106998388930192,rpi4,0.125,7.2776858060387895,412.21894980828887,3000
rkomuihv,iid,heterofl,1338,18,355,7368903663230891954,rpi4,0.125,7.164517925004475,418.73019670030715,3000
rkomuihv,iid,heterofl,1338,18,356,18347454573829162500,rpi4,0.25,7.778310957946815,385.6878461428712,3000
rkomuihv,iid,heterofl,1338,18,357,12276784619065902077,rpi4,0.25,7.761872725910507,386.50466271953525,3000
rkomuihv,iid,heterofl,1338,18,358,17146601223509430139,rpi4,0.25,16.92191068700049,177.28494467853545,3000
rkomuihv,iid,heterofl,1338,18,359,1499256645180829448,rpi4,0.125,15.058880432974547,199.21799720455158,3000
rkomuihv,iid,heterofl,1338,18,360,16514944756520373613,rpi4,0.25,17.325051315012388,173.159660277627,3000
rkomuihv,iid,heterofl,1338,19,361,6226895357772843930,rpi5,0.5,2.476544020930305,1211.3655055778336,3000
rkomuihv,iid,heterofl,1338,19,362,4550505566950515116,rpi5,0.5,2.5528745040064678,1175.1458974155667,3000
rkomuihv,iid,heterofl,1338,19,363,5532303548584057692,rpi5,0.5,2.487412584014237,1206.0725346812144,3000
rkomuihv,iid,heterofl,1338,19,364,3265283237884559304,rpi5,0.5,2.5373798860237002,1182.321975721683,3000
rkomuihv,iid,heterofl,1338,19,365,14791231259536223683,rpi5,1.0,4.390163967036642,683.3457753572238,3000
rkomuihv,iid,heterofl,1338,19,366,17776558039558919030,rpi5,1.0,4.405402113916352,680.9821038863201,3000
rkomuihv,iid,heterofl,1338,19,367,17881531835083801105,rpi5,1.0,4.317673810990527,694.818583183282,3000
rkomuihv,iid,heterofl,1338,19,368,15049107749738871698,rpi5,1.0,4.387149382964708,683.8153292999308,3000
rkomuihv,iid,heterofl,1338,19,369,11020528845870731691,rpi5,1.0,4.305806539021432,696.7335789038494,3000
rkomuihv,iid,heterofl,1338,19,370,1226109634357631632,rpi5,0.5,2.5490978609304875,1176.8869473316029,3000
rkomuihv,iid,heterofl,1338,19,371,11508824180813951708,rpi4,0.125,7.065018808003515,424.627319689721,3000
rkomuihv,iid,heterofl,1338,19,372,18347454573829162500,rpi4,0.25,7.785142151056789,385.34941839087253,3000
rkomuihv,iid,heterofl,1338,19,373,6022106998388930192,rpi4,0.125,7.08323405997362,423.53534763909425,3000
rkomuihv,iid,heterofl,1338,19,374,12276784619065902077,rpi4,0.25,7.793316295021214,384.94523851374544,3000
rkomuihv,iid,heterofl,1338,19,375,7387320608177884486,rpi4,0.125,7.15704324899707,419.1675103291287,3000
rkomuihv,iid,heterofl,1338,19,376,7368903663230891954,rpi4,0.125,7.246394239948131,413.99900428567815,3000
rkomuihv,iid,heterofl,1338,19,377,16565005610778523794,rpi4,0.25,7.873782223905437,381.01129986701415,3000
rkomuihv,iid,heterofl,1338,19,378,17146601223509430139,rpi4,0.25,16.809357194928452,178.47202395729502,3000
rkomuihv,iid,heterofl,1338,19,379,1499256645180829448,rpi4,0.125,15.052820668905042,199.29819573265553,3000
rkomuihv,iid,heterofl,1338,19,380,16514944756520373613,rpi4,0.25,17.512163093080744,171.3095055165021,3000
rkomuihv,iid,heterofl,1338,20,381,4550505566950515116,rpi5,0.5,2.5320048179710284,1184.8318686865653,3000
rkomuihv,iid,heterofl,1338,20,382,3265283237884559304,rpi5,0.5,2.512497682007961,1194.0309523399967,3000
rkomuihv,iid,heterofl,1338,20,383,1226109634357631632,rpi5,0.5,2.563236096058972,1170.3955030176742,3000
rkomuihv,iid,heterofl,1338,20,384,5532303548584057692,rpi5,0.5,2.5295170509489253,1185.9971447413557,3000
rkomuihv,iid,heterofl,1338,20,385,17881531835083801105,rpi5,1.0,4.326553474063985,693.3925624596668,3000
rkomuihv,iid,heterofl,1338,20,386,11020528845870731691,rpi5,1.0,4.347660762025043,690.0262380643211,3000
rkomuihv,iid,heterofl,1338,20,387,17776558039558919030,rpi5,1.0,4.342868819949217,690.7876162916383,3000
rkomuihv,iid,heterofl,1338,20,388,14791231259536223683,rpi5,1.0,4.431940390961245,676.9044110156295,3000
rkomuihv,iid,heterofl,1338,20,389,15049107749738871698,rpi5,1.0,4.436477054026909,676.2122205223523,3000
rkomuihv,iid,heterofl,1338,20,390,6226895357772843930,rpi5,0.5,2.4858348830603063,1206.8380005620913,3000
rkomuihv,iid,heterofl,1338,20,391,7368903663230891954,rpi4,0.125,7.013381839962676,427.75369550048134,3000
rkomuihv,iid,heterofl,1338,20,392,12276784619065902077,rpi4,0.25,7.754703801008873,386.8619713895076,3000
rkomuihv,iid,heterofl,1338,20,393,6022106998388930192,rpi4,0.125,6.960038136923686,431.0321209426577,3000
rkomuihv,iid,heterofl,1338,20,394,7387320608177884486,rpi4,0.125,7.074442950077355,424.0616570336745,3000
rkomuihv,iid,heterofl,1338,20,395,18347454573829162500,rpi4,0.25,7.80228847800754,384.5025736303083,3000
rkomuihv,iid,heterofl,1338,20,396,11508824180813951708,rpi4,0.125,6.967445126036182,430.57389699267236,3000
rkomuihv,iid,heterofl,1338,20,397,16565005610778523794,rpi4,0.25,7.774523411062546,385.8757432939531,3000
rkomuihv,iid,heterofl,1338,20,398,1499256645180829448,rpi4,0.125,14.953050554962829,200.62795808607214,3000
rkomuihv,iid,heterofl,1338,20,399,17146601223509430139,rpi4,0.25,16.998758923029527,176.48347232783382,3000
rkomuihv,iid,heterofl,1338,20,400,16514944756520373613,rpi4,0.25,17.696748766000383,169.52266428530115,3000
uwqx102v,iid,fedrolex,1338,1,1,7634657137941029296,rpi5,0.5,9.276489762007259,323.39819015235526,3000
uwqx102v,iid,fedrolex,1338,1,2,755477336690471883,rpi5,0.5,8.808551485999487,340.578130782146,3000
uwqx102v,iid,fedrolex,1338,1,3,1507830050049347041,rpi5,0.5,8.33542158594355,359.90981008795694,3000
uwqx102v,iid,fedrolex,1338,1,4,9926581756942859291,rpi5,1.0,10.789481476997025,278.0485796649213,3000
uwqx102v,iid,fedrolex,1338,1,5,3073627380258715507,rpi5,0.5,10.674988425918855,281.03074966489004,3000
uwqx102v,iid,fedrolex,1338,1,6,9610592090510365718,rpi5,1.0,12.067150012007914,248.60882619464633,3000
uwqx102v,iid,fedrolex,1338,1,7,10486714235496215318,rpi5,1.0,10.832338843028992,276.94850054756273,3000
uwqx102v,iid,fedrolex,1338,1,8,10221327855453229882,rpi5,1.0,12.21179548103828,245.6641207804548,3000
uwqx102v,iid,fedrolex,1338,1,9,14354580922930040658,rpi5,1.0,9.998640330974013,300.04079561763336,3000
uwqx102v,iid,fedrolex,1338,1,10,6958785996535946062,rpi5,0.5,10.115767484996468,296.5667216500921,3000
uwqx102v,iid,fedrolex,1338,1,11,5294948430613350534,rpi4,0.125,12.82954393804539,233.83528007598505,3000
uwqx102v,iid,fedrolex,1338,1,12,7404516555996214053,rpi4,0.125,12.151724554016255,246.87853865223377,3000
uwqx102v,iid,fedrolex,1338,1,13,6319820924078325507,rpi4,0.125,13.428217652020976,223.41014107322675,3000
uwqx102v,iid,fedrolex,1338,1,14,9971391432698026913,rpi4,0.25,12.698111786972731,236.25559849597207,3000
uwqx102v,iid,fedrolex,1338,1,15,1265811768605398340,rpi4,0.125,13.20673858304508,227.15676403646125,3000
uwqx102v,iid,fedrolex,1338,1,16,7625847575853090986,rpi4,0.25,14.847864450071938,202.04925833529313,3000
uwqx102v,iid,fedrolex,1338,1,17,10422720114924038940,rpi4,0.25,16.79781724093482,178.5946326817547,3000
uwqx102v,iid,fedrolex,1338,1,18,15037634389818444997,rpi4,0.25,23.910117235966027,125.46989922271675,3000
uwqx102v,iid,fedrolex,1338,1,19,12501882400420315928,rpi4,0.25,24.105921273934655,124.4507507474461,3000
uwqx102v,iid,fedrolex,1338,1,20,4320096981000458049,rpi4,0.125,20.307196257053874,147.7308813105071,3000
uwqx102v,iid,fedrolex,1338,2,21,3073627380258715507,rpi5,0.5,2.5072243149625137,1196.542320564107,3000
uwqx102v,iid,fedrolex,1338,2,22,755477336690471883,rpi5,0.5,2.497557350900024,1201.173618263026,3000
uwqx102v,iid,fedrolex,1338,2,23,1507830050049347041,rpi5,0.5,2.5321674179285765,1184.7557861928935,3000
uwqx102v,iid,fedrolex,1338,2,24,14354580922930040658,rpi5,1.0,4.419288691016845,678.8422775136064,3000
uwqx102v,iid,fedrolex,1338,2,25,6958785996535946062,rpi5,0.5,2.5070533239049837,1196.6239295330197,3000
uwqx102v,iid,fedrolex,1338,2,26,9610592090510365718,rpi5,1.0,4.4257806920213625,677.8465108784743,3000
uwqx102v,iid,fedrolex,1338,2,27,7634657137941029296,rpi5,0.5,2.5028793410165235,1198.6195062769486,3000
uwqx102v,iid,fedrolex,1338,2,28,10221327855453229882,rpi5,1.0,4.355906880926341,688.7199570625372,3000
uwqx102v,iid,fedrolex,1338,2,29,10486714235496215318,rpi5,1.0,4.377369667054154,685.3430777343772,3000
uwqx102v,iid,fedrolex,1338,2,30,9926581756942859291,rpi5,1.0,4.383714998955838,684.3510585689473,3000
uwqx102v,iid,fedrolex,1338,2,31,6319820924078325507,rpi4,0.125,7.087399557000026,423.2864220328857,3000
uwqx102v,iid,fedrolex,1338,2,32,10422720114924038940,rpi4,0.25,9.260935746016912,323.9413469951227,3000
uwqx102v,iid,fedrolex,1338,2,33,7625847575853090986,rpi4,0.25,7.798985482077114,384.66541666147657,3000
uwqx102v,iid,fedrolex,1338,2,34,7404516555996214053,rpi4,0.125,7.18006439099554,417.82355096456735,3000
uwqx102v,iid,fedrolex,1338,2,35,5294948430613350534,rpi4,0.125,7.0896913970354944,423.14958888823134,3000
uwqx102v,iid,fedrolex,1338,2,36,9971391432698026913,rpi4,0.25,7.899048008956015,379.79260242482025,3000
uwqx102v,iid,fedrolex,1338,2,37,1265811768605398340,rpi4,0.125,7.22931679408066,414.976972990918,3000
uwqx102v,iid,fedrolex,1338,2,38,12501882400420315928,rpi4,0.25,16.983693471061997,176.64002268479524,3000
uwqx102v,iid,fedrolex,1338,2,39,15037634389818444997,rpi4,0.25,17.20625368691981,174.3552114589941,3000
uwqx102v,iid,fedrolex,1338,2,40,4320096981000458049,rpi4,0.125,15.613432184094563,192.14225063571266,3000
uwqx102v,iid,fedrolex,1338,3,41,7634657137941029296,rpi5,0.5,2.524083970929496,1188.5499985546232,3000
uwqx102v,iid,fedrolex,1338,3,42,3073627380258715507,rpi5,0.5,2.484965084004216,1207.2604236216746,3000
uwqx102v,iid,fedrolex,1338,3,43,14354580922930040658,rpi5,1.0,4.3029688720125705,697.1930518746351,3000
uwqx102v,iid,fedrolex,1338,3,44,9926581756942859291,rpi5,1.0,4.35020197997801,689.6231517082718,3000
uwqx102v,iid,fedrolex,1338,3,45,6958785996535946062,rpi5,0.5,2.5351484059356153,1183.3626753274145,3000
uwqx102v,iid,fedrolex,1338,3,46,9610592090510365718,rpi5,1.0,4.312361508025788,695.6745148607472,3000
uwqx102v,iid,fedrolex,1338,3,47,1507830050049347041,rpi5,0.5,2.5169361180160195,1191.925364543919,3000
uwqx102v,iid,fedrolex,1338,3,48,10486714235496215318,rpi5,1.0,4.356661013909616,688.6007404344356,3000
uwqx102v,iid,fedrolex,1338,3,49,755477336690471883,rpi5,0.5,2.476869137957692,1211.206500184203,3000
uwqx102v,iid,fedrolex,1338,3,50,10221327855453229882,rpi5,1.0,4.322670706082135,694.015390943128,3000
uwqx102v,iid,fedrolex,1338,3,51,7404516555996214053,rpi4,0.125,7.028134051943198,426.8558308404113,3000
uwqx102v,iid,fedrolex,1338,3,52,10422720114924038940,rpi4,0.25,7.878355095977895,380.7901476199744,3000
uwqx102v,iid,fedrolex,1338,3,53,1265811768605398340,rpi4,0.125,7.090374924940988,423.10879632715165,3000
uwqx102v,iid,fedrolex,1338,3,54,9971391432698026913,rpi4,0.25,7.790370352915488,385.0908062255695,3000
uwqx102v,iid,fedrolex,1338,3,55,6319820924078325507,rpi4,0.125,6.98867654800415,429.2658244223293,3000
uwqx102v,iid,fedrolex,1338,3,56,5294948430613350534,rpi4,0.125,7.011617393931374,427.86133804113877,3000
uwqx102v,iid,fedrolex,1338,3,57,7625847575853090986,rpi4,0.25,7.769956670003012,386.1025392306129,3000
uwqx102v,iid,fedrolex,1338,3,58,15037634389818444997,rpi4,0.25,16.781855682027526,178.76449761231353,3000
uwqx102v,iid,fedrolex,1338,3,59,12501882400420315928,rpi4,0.25,16.621506797964685,180.4890517126493,3000
uwqx102v,iid,fedrolex,1338,3,60,4320096981000458049,rpi4,0.125,15.51863931294065,193.31591768476548,3000
uwqx102v,iid,fedrolex,1338,4,61,1507830050049347041,rpi5,0.5,2.5074618860380724,1196.4289533988351,3000
uwqx102v,iid,fedrolex,1338,4,62,3073627380258715507,rpi5,0.5,2.4994193529710174,1200.2787753219366,3000
uwqx102v,iid,fedrolex,1338,4,63,7634657137941029296,rpi5,0.5,2.51126955403015,1194.6148891844457,3000
uwqx102v,iid,fedrolex,1338,4,64,755477336690471883,rpi5,0.5,2.476574162952602,1211.350762225252,3000
uwqx102v,iid,fedrolex,1338,4,65,9926581756942859291,rpi5,1.0,4.359302113996819,688.1835490060713,3000
uwqx102v,iid,fedrolex,1338,4,66,14354580922930040658,rpi5,1.0,4.428685271064751,677.401941294134,3000
uwqx102v,iid,fedrolex,1338,4,67,9610592090510365718,rpi5,1.0,4.381769145024009,684.6549648574793,3000
uwqx102v,iid,fedrolex,1338,4,68,10486714235496215318,rpi5,1.0,4.31626418302767,695.0455006430194,3000
uwqx102v,iid,fedrolex,1338,4,69,6958785996535946062,rpi5,0.5,2.492325236904435,1203.6952302927034,3000
uwqx102v,iid,fedrolex,1338,4,70,10221327855453229882,rpi5,1.0,4.291520728962496,699.0528974388224,3000
uwqx102v,iid,fedrolex,1338,4,71,7404516555996214053,rpi4,0.125,7.183972710976377,417.59624106259565,3000
uwqx102v,iid,fedrolex,1338,4,72,7625847575853090986,rpi4,0.25,7.7365764629794285,387.7684159596184,3000
uwqx102v,iid,fedrolex,1338,4,73,5294948430613350534,rpi4,0.125,7.176200308022089,418.04853142774977,3000
uwqx102v,iid,fedrolex,1338,4,74,1265811768605398340,rpi4,0.125,6.997849707957357,428.7031195580917,3000
uwqx102v,iid,fedrolex,1338,4,75,10422720114924038940,rpi4,0.25,7.8307204459561035,383.1065124472989,3000
uwqx102v,iid,fedrolex,1338,4,76,6319820924078325507,rpi4,0.125,7.132136528030969,420.6313196907121,3000
uwqx102v,iid,fedrolex,1338,4,77,9971391432698026913,rpi4,0.25,7.79953940899577,384.63809754456577,3000
uwqx102v,iid,fedrolex,1338,4,78,15037634389818444997,rpi4,0.25,16.783989759045653,178.74176778397782,3000
uwqx102v,iid,fedrolex,1338,4,79,12501882400420315928,rpi4,0.25,16.97799580602441,176.69930151210727,3000
uwqx102v,iid,fedrolex,1338,4,80,4320096981000458049,rpi4,0.125,15.713375790044665,190.9201460007514,3000
uwqx102v,iid,fedrolex,1338,5,81,6958785996535946062,rpi5,0.5,2.5293512070784345,1186.0749079069947,3000
uwqx102v,iid,fedrolex,1338,5,82,3073627380258715507,rpi5,0.5,2.4855727799003944,1206.965261391469,3000
uwqx102v,iid,fedrolex,1338,5,83,7634657137941029296,rpi5,0.5,2.507345799007453,1196.4843465897552,3000
uwqx102v,iid,fedrolex,1338,5,84,1507830050049347041,rpi5,0.5,2.5744458850240335,1165.2993047752464,3000
uwqx102v,iid,fedrolex,1338,5,85,755477336690471883,rpi5,0.5,2.450160916079767,1224.4093766706433,3000
uwqx102v,iid,fedrolex,1338,5,86,9610592090510365718,rpi5,1.0,4.429998678038828,677.2011050188637,3000
uwqx102v,iid,fedrolex,1338,5,87,10486714235496215318,rpi5,1.0,4.337417147937231,691.6558628507121,3000
uwqx102v,iid,fedrolex,1338,5,88,10221327855453229882,rpi5,1.0,4.35796074103564,688.3953707410109,3000
uwqx102v,iid,fedrolex,1338,5,89,14354580922930040658,rpi5,1.0,4.293940406059846,698.6589743458559,3000
uwqx102v,iid,fedrolex,1338,5,90,9926581756942859291,rpi5,1.0,4.384891572990455,684.1674303827833,3000
uwqx102v,iid,fedrolex,1338,5,91,7625847575853090986,rpi4,0.25,7.762162066996098,386.4902554348468,3000
uwqx102v,iid,fedrolex,1338,5,92,9971391432698026913,rpi4,0.25,7.798997687990777,384.66481463631226,3000
uwqx102v,iid,fedrolex,1338,5,93,5294948430613350534,rpi4,0.125,7.110675820033066,421.9008257341775,3000
uwqx102v,iid,fedrolex,1338,5,94,1265811768605398340,rpi4,0.125,7.009799132007174,427.97232039101027,3000
uwqx102v,iid,fedrolex,1338,5,95,7404516555996214053,rpi4,0.125,7.209644728922285,416.1092692910608,3000
uwqx102v,iid,fedrolex,1338,5,96,10422720114924038940,rpi4,0.25,9.475842374027707,316.5945444832099,3000
uwqx102v,iid,fedrolex,1338,5,97,6319820924078325507,rpi4,0.125,6.912779754027724,433.9788199171329,3000
uwqx102v,iid,fedrolex,1338,5,98,15037634389818444997,rpi4,0.25,17.238456659950316,174.0295003885021,3000
uwqx102v,iid,fedrolex,1338,5,99,12501882400420315928,rpi4,0.25,17.076635314966552,175.67863602326253,3000
uwqx102v,iid,fedrolex,1338,5,100,4320096981000458049,rpi4,0.125,15.534263025037944,193.12148861935935,3000
uwqx102v,iid,fedrolex,1338,6,101,3073627380258715507,rpi5,0.5,2.472550592967309,1213.3219876401795,3000
uwqx102v,iid,fedrolex,1338,6,102,7634657137941029296,rpi5,0.5,2.5376998230349272,1182.1729161064413,3000
uwqx102v,iid,fedrolex,1338,6,103,9926581756942859291,rpi5,1.0,4.332978467922658,692.3643914247923,3000
uwqx102v,iid,fedrolex,1338,6,104,755477336690471883,rpi5,0.5,2.534708342049271,1183.5681250705745,3000
uwqx102v,iid,fedrolex,1338,6,105,14354580922930040658,rpi5,1.0,4.345214851084165,690.4146521665036,3000
uwqx102v,iid,fedrolex,1338,6,106,10221327855453229882,rpi5,1.0,4.370338091976009,686.4457478720088,3000
uwqx102v,iid,fedrolex,1338,6,107,1507830050049347041,rpi5,0.5,2.4707800209289417,1214.1914596152865,3000
uwqx102v,iid,fedrolex,1338,6,108,6958785996535946062,rpi5,0.5,2.506285286974162,1196.9906281586561,3000
uwqx102v,iid,fedrolex,1338,6,109,9610592090510365718,rpi5,1.0,4.342625710996799,690.8262879766778,3000
uwqx102v,iid,fedrolex,1338,6,110,10486714235496215318,rpi5,1.0,4.356843241024762,688.5719393691974,3000
uwqx102v,iid,fedrolex,1338,6,111,7404516555996214053,rpi4,0.125,7.052581651019864,425.3761457077458,3000
uwqx102v,iid,fedrolex,1338,6,112,6319820924078325507,rpi4,0.125,7.063820749055594,424.69933858402175,3000
uwqx102v,iid,fedrolex,1338,6,113,9971391432698026913,rpi4,0.25,7.862776174908504,381.54462663881054,3000
uwqx102v,iid,fedrolex,1338,6,114,7625847575853090986,rpi4,0.25,7.77131277997978,386.03516354772245,3000
uwqx102v,iid,fedrolex,1338,6,115,1265811768605398340,rpi4,0.125,7.17404912004713,418.17388615542285,3000
uwqx102v,iid,fedrolex,1338,6,116,10422720114924038940,rpi4,0.25,9.347342384979129,320.9468399083039,3000
uwqx102v,iid,fedrolex,1338,6,117,5294948430613350534,rpi4,0.125,7.207278780988418,416.245866319684,3000
uwqx102v,iid,fedrolex,1338,6,118,12501882400420315928,rpi4,0.25,17.17521542799659,174.6702981733683,3000
uwqx102v,iid,fedrolex,1338,6,119,15037634389818444997,rpi4,0.25,16.774396016960964,178.84399515586932,3000
uwqx102v,iid,fedrolex,1338,6,120,4320096981000458049,rpi4,0.125,15.686155923991464,191.25144583139058,3000
uwqx102v,iid,fedrolex,1338,7,121,7634657137941029296,rpi5,0.5,2.5073409610195085,1196.4866552414044,3000
uwqx102v,iid,fedrolex,1338,7,122,6958785996535946062,rpi5,0.5,2.4875999110518023,1205.9817122004742,3000
uwqx102v,iid,fedrolex,1338,7,123,10486714235496215318,rpi5,1.0,4.316558718099259,694.9980750687,3000
uwqx102v,iid,fedrolex,1338,7,124,3073627380258715507,rpi5,0.5,2.5233848069328815,1188.8793147036633,3000
uwqx102v,iid,fedrolex,1338,7,125,9926581756942859291,rpi5,1.0,4.428332381998189,677.4559227296112,3000
uwqx102v,iid,fedrolex,1338,7,126,9610592090510365718,rpi5,1.0,4.315199970966205,695.216912352796,3000
uwqx102v,iid,fedrolex,1338,7,127,1507830050049347041,rpi5,0.5,2.4782040329882875,1210.5540787061493,3000
uwqx102v,iid,fedrolex,1338,7,128,14354580922930040658,rpi5,1.0,4.432490220991895,676.8204441359525,3000
uwqx102v,iid,fedrolex,1338,7,129,10221327855453229882,rpi5,1.0,4.342164204106666,690.8997124435565,3000
uwqx102v,iid,fedrolex,1338,7,130,755477336690471883,rpi5,0.5,2.569868688005954,1167.37482113446,3000
uwqx102v,iid,fedrolex,1338,7,131,6319820924078325507,rpi4,0.125,7.030059084063396,426.7389454522181,3000
uwqx102v,iid,fedrolex,1338,7,132,1265811768605398340,rpi4,0.125,7.198741590953432,416.7395039947068,3000
uwqx102v,iid,fedrolex,1338,7,133,7625847575853090986,rpi4,0.25,7.77182038302999,386.00995032651457,3000
uwqx102v,iid,fedrolex,1338,7,134,9971391432698026913,rpi4,0.25,7.91050426592119,379.24257407004194,3000
uwqx102v,iid,fedrolex,1338,7,135,5294948430613350534,rpi4,0.125,7.165117817930877,418.69513889812515,3000
uwqx102v,iid,fedrolex,1338,7,136,7404516555996214053,rpi4,0.125,7.05031816707924,425.51271146998755,3000
uwqx102v,iid,fedrolex,1338,7,137,10422720114924038940,rpi4,0.25,7.7274885579245165,388.2244506106074,3000
uwqx102v,iid,fedrolex,1338,7,138,15037634389818444997,rpi4,0.25,17.016127125010826,176.30333729644673,3000
uwqx102v,iid,fedrolex,1338,7,139,12501882400420315928,rpi4,0.25,16.837750316946767,178.17107057233034,3000
uwqx102v,iid,fedrolex,1338,7,140,4320096981000458049,rpi4,0.125,15.471348190912977,193.9068246012352,3000
uwqx102v,iid,fedrolex,1338,8,141,6958785996535946062,rpi5,0.5,2.5204827750567347,1190.2481658231018,3000
uwqx102v,iid,fedrolex,1338,8,142,3073627380258715507,rpi5,0.5,2.509793758043088,1195.3173404730796,3000
uwqx102v,iid,fedrolex,1338,8,143,7634657137941029296,rpi5,0.5,2.507160388980992,1196.5728292394238,3000
uwqx102v,iid,fedrolex,1338,8,144,10486714235496215318,rpi5,1.0,4.412197967991233,679.9332264245222,3000
uwqx102v,iid,fedrolex,1338,8,145,1507830050049347041,rpi5,0.5,2.534460791037418,1183.6837289449743,3000
uwqx102v,iid,fedrolex,1338,8,146,14354580922930040658,rpi5,1.0,4.305683266953565,696.7535264438097,3000
uwqx102v,iid,fedrolex,1338,8,147,9926581756942859291,rpi5,1.0,4.304815966053866,696.893902934958,3000
uwqx102v,iid,fedrolex,1338,8,148,755477336690471883,rpi5,0.5,2.4976946889655665,1201.1075706144316,3000
uwqx102v,iid,fedrolex,1338,8,149,10221327855453229882,rpi5,1.0,4.368896650034003,686.6722287826724,3000
uwqx102v,iid,fedrolex,1338,8,150,9610592090510365718,rpi5,1.0,4.281487320084125,700.691085998838,3000
uwqx102v,iid,fedrolex,1338,8,151,1265811768605398340,rpi4,0.125,7.018687863019295,427.4303201039434,3000
uwqx102v,iid,fedrolex,1338,8,152,5294948430613350534,rpi4,0.125,7.022883238969371,427.1749789820312,3000
uwqx102v,iid,fedrolex,1338,8,153,6319820924078325507,rpi4,0.125,7.113821275997907,421.7142775461657,3000
uwqx102v,iid,fedrolex,1338,8,154,7625847575853090986,rpi4,0.25,7.773168771993369,385.94299030389806,3000
uwqx102v,iid,fedrolex,1338,8,155,7404516555996214053,rpi4,0.125,7.134427134064026,420.4962702157548,3000
uwqx102v,iid,fedrolex,1338,8,156,9971391432698026913,rpi4,0.25,7.780474066967145,385.58061811899466,3000
uwqx102v,iid,fedrolex,1338,8,157,10422720114924038940,rpi4,0.25,7.794505150057375,384.88652483319186,3000
uwqx102v,iid,fedrolex,1338,8,158,15037634389818444997,rpi4,0.25,17.067699028993957,175.7706176388343,3000
uwqx102v,iid,fedrolex,1338,8,159,12501882400420315928,rpi4,0.25,16.913475538953207,177.37336085009485,3000
uwqx102v,iid,fedrolex,1338,8,160,4320096981000458049,rpi4,0.125,15.669852032093331,191.45043577027516,3000
uwqx102v,iid,fedrolex,1338,9,161,3073627380258715507,rpi5,0.5,2.4625259609892964,1218.2612681146227,3000
uwqx102v,iid,fedrolex,1338,9,162,1507830050049347041,rpi5,0.5,2.5670423039700836,1168.6601328541885,3000
uwqx102v,iid,fedrolex,1338,9,163,6958785996535946062,rpi5,0.5,2.5016663459828123,1199.200686701252,3000
uwqx102v,iid,fedrolex,1338,9,164,755477336690471883,rpi5,0.5,2.5055534000275657,1197.3402761908785,3000
uwqx102v,iid,fedrolex,1338,9,165,14354580922930040658,rpi5,1.0,4.3319602709962055,692.5271268266042,3000
uwqx102v,iid,fedrolex,1338,9,166,9926581756942859291,rpi5,1.0,4.344482454005629,690.5310429402216,3000
uwqx102v,iid,fedrolex,1338,9,167,9610592090510365718,rpi5,1.0,4.335106524988078,692.0245172079711,3000
uwqx102v,iid,fedrolex,1338,9,168,7634657137941029296,rpi5,0.5,2.491296945954673,1204.192059429668,3000
uwqx102v,iid,fedrolex,1338,9,169,10221327855453229882,rpi5,1.0,4.304068909026682,697.0148627751447,3000
uwqx102v,iid,fedrolex,1338,9,170,10486714235496215318,rpi5,1.0,4.329597751959227,692.9050160935717,3000
uwqx102v,iid,fedrolex,1338,9,171,6319820924078325507,rpi4,0.125,7.178132520988584,417.93600093452096,3000
uwqx102v,iid,fedrolex,1338,9,172,10422720114924038940,rpi4,0.25,7.733151136082597,387.94017434912286,3000
uwqx102v,iid,fedrolex,1338,9,173,1265811768605398340,rpi4,0.125,7.277200730051845,412.246427065181,3000
uwqx102v,iid,fedrolex,1338,9,174,7625847575853090986,rpi4,0.25,7.7852944689802825,385.34187909695595,3000
uwqx102v,iid,fedrolex,1338,9,175,9971391432698026913,rpi4,0.25,7.785222526988946,385.34543997938823,3000
uwqx102v,iid,fedrolex,1338,9,176,7404516555996214053,rpi4,0.125,6.970302801928483,430.3973708530978,3000
uwqx102v,iid,fedrolex,1338,9,177,5294948430613350534,rpi4,0.125,7.290542218950577,411.49202760282884,3000
uwqx102v,iid,fedrolex,1338,9,178,12501882400420315928,rpi4,0.25,16.88358863000758,177.68734276479782,3000
uwqx102v,iid,fedrolex,1338,9,179,15037634389818444997,rpi4,0.25,17.57778002100531,170.67001614623823,3000
uwqx102v,iid,fedrolex,1338,9,180,4320096981000458049,rpi4,0.125,15.698651068960316,191.0992216351416,3000
uwqx102v,iid,fedrolex,1338,10,181,755477336690471883,rpi5,0.5,2.4926012970972806,1203.561918824965,3000
uwqx102v,iid,fedrolex,1338,10,182,1507830050049347041,rpi5,0.5,2.4580710049485788,1220.4692191398913,3000
uwqx102v,iid,fedrolex,1338,10,183,3073627380258715507,rpi5,0.5,2.4873625049367547,1206.0968170283968,3000
uwqx102v,iid,fedrolex,1338,10,184,6958785996535946062,rpi5,0.5,2.529942932887934,1185.797498039015,3000
uwqx102v,iid,fedrolex,1338,10,185,10221327855453229882,rpi5,1.0,4.328352442011237,693.1043717424274,3000
uwqx102v,iid,fedrolex,1338,10,186,10486714235496215318,rpi5,1.0,4.4680057120276615,671.4405023977791,3000
uwqx102v,iid,fedrolex,1338,10,187,7634657137941029296,rpi5,0.5,2.5455062170512974,1178.5475045805176,3000
uwqx102v,iid,fedrolex,1338,10,188,14354580922930040658,rpi5,1.0,4.372178805992007,686.1567500140991,3000
uwqx102v,iid,fedrolex,1338,10,189,9926581756942859291,rpi5,1.0,4.456289470894262,673.205818337016,3000
uwqx102v,iid,fedrolex,1338,10,190,9610592090510365718,rpi5,1.0,4.450638844980858,674.0605347888888,3000
uwqx102v,iid,fedrolex,1338,10,191,7404516555996214053,rpi4,0.125,7.041612353990786,426.0387890139636,3000
uwqx102v,iid,fedrolex,1338,10,192,7625847575853090986,rpi4,0.25,7.771379087003879,386.03186981534805,3000
uwqx102v,iid,fedrolex,1338,10,193,6319820924078325507,rpi4,0.125,7.205539806978777,416.34632246350395,3000
uwqx102v,iid,fedrolex,1338,10,194,1265811768605398340,rpi4,0.125,7.104722972027957,422.2543245966544,3000
uwqx102v,iid,fedrolex,1338,10,195,5294948430613350534,rpi4,0.125,7.096008321968839,422.77289764615557,3000
uwqx102v,iid,fedrolex,1338,10,196,10422720114924038940,rpi4,0.25,9.346126412972808,320.9885964987459,3000
uwqx102v,iid,fedrolex,1338,10,197,9971391432698026913,rpi4,0.25,7.846934354980476,382.3149097833206,3000
uwqx102v,iid,fedrolex,1338,10,198,12501882400420315928,rpi4,0.25,17.289885241072625,173.51185147680522,3000
uwqx102v,iid,fedrolex,1338,10,199,15037634389818444997,rpi4,0.25,17.095375432050787,175.4860553910699,3000
uwqx102v,iid,fedrolex,1338,10,200,4320096981000458049,rpi4,0.125,15.738835784955882,190.61130321135818,3000
uwqx102v,iid,fedrolex,1338,11,201,1507830050049347041,rpi5,0.5,2.4838593589374796,1207.7978526462584,3000
uwqx102v,iid,fedrolex,1338,11,202,3073627380258715507,rpi5,0.5,2.513204561895691,1193.6951116056875,3000
uwqx102v,iid,fedrolex,1338,11,203,6958785996535946062,rpi5,0.5,2.4990297539625317,1200.4658989126144,3000
uwqx102v,iid,fedrolex,1338,11,204,755477336690471883,rpi5,0.5,2.514188044006005,1193.228170483192,3000
uwqx102v,iid,fedrolex,1338,11,205,9926581756942859291,rpi5,1.0,4.3305666639935225,692.7499869574776,3000
uwqx102v,iid,fedrolex,1338,11,206,9610592090510365718,rpi5,1.0,4.314344524987973,695.3547595989365,3000
uwqx102v,iid,fedrolex,1338,11,207,10486714235496215318,rpi5,1.0,4.2382651480147615,707.8367905805103,3000
uwqx102v,iid,fedrolex,1338,11,208,7634657137941029296,rpi5,0.5,2.551629666937515,1175.719203641578,3000
uwqx102v,iid,fedrolex,1338,11,209,14354580922930040658,rpi5,1.0,4.312954379012808,695.5788854614942,3000
uwqx102v,iid,fedrolex,1338,11,210,10221327855453229882,rpi5,1.0,4.314151303959079,695.3859029577642,3000
uwqx102v,iid,fedrolex,1338,11,211,10422720114924038940,rpi4,0.25,7.832478920929134,383.02050095324387,3000
uwqx102v,iid,fedrolex,1338,11,212,7625847575853090986,rpi4,0.25,7.757876607007347,386.70375309788153,3000
uwqx102v,iid,fedrolex,1338,11,213,9971391432698026913,rpi4,0.25,7.757117369910702,386.74160218804775,3000
uwqx102v,iid,fedrolex,1338,11,214,6319820924078325507,rpi4,0.125,6.923104576999322,433.33160240954913,3000
uwqx102v,iid,fedrolex,1338,11,215,5294948430613350534,rpi4,0.125,7.017506449017674,427.5022790210541,3000
uwqx102v,iid,fedrolex,1338,11,216,7404516555996214053,rpi4,0.125,7.050497693940997,425.50187663746306,3000
uwqx102v,iid,fedrolex,1338,11,217,1265811768605398340,rpi4,0.125,7.1615059280302376,418.90630687855145,3000
uwqx102v,iid,fedrolex,1338,11,218,12501882400420315928,rpi4,0.25,16.83966847206466,178.15077565076194,3000
uwqx102v,iid,fedrolex,1338,11,219,15037634389818444997,rpi4,0.25,17.202612063963898,174.39212073406063,3000
uwqx102v,iid,fedrolex,1338,11,220,4320096981000458049,rpi4,0.125,15.498027028981596,193.5730267078477,3000
uwqx102v,iid,fedrolex,1338,12,221,6958785996535946062,rpi5,0.5,2.4559455369599164,1221.5254592793372,3000
uwqx102v,iid,fedrolex,1338,12,222,7634657137941029296,rpi5,0.5,2.5223050359636545,1189.3882608270021,3000
uwqx102v,iid,fedrolex,1338,12,223,755477336690471883,rpi5,0.5,2.5025147539563477,1198.7941310864016,3000
uwqx102v,iid,fedrolex,1338,12,224,3073627380258715507,rpi5,0.5,2.480719057028182,1209.3267843049907,3000
uwqx102v,iid,fedrolex,1338,12,225,9926581756942859291,rpi5,1.0,4.304752832977101,696.9041235116038,3000
uwqx102v,iid,fedrolex,1338,12,226,1507830050049347041,rpi5,0.5,2.4917680820217356,1203.9643743914974,3000
uwqx102v,iid,fedrolex,1338,12,227,10486714235496215318,rpi5,1.0,4.347753286012448,690.0115537032822,3000
uwqx102v,iid,fedrolex,1338,12,228,9610592090510365718,rpi5,1.0,4.4148455989779904,679.5254630636418,3000
uwqx102v,iid,fedrolex,1338,12,229,14354580922930040658,rpi5,1.0,4.418706190073863,678.9317666649052,3000
uwqx102v,iid,fedrolex,1338,12,230,10221327855453229882,rpi5,1.0,4.3228074059588835,693.9934441364595,3000
uwqx102v,iid,fedrolex,1338,12,231,1265811768605398340,rpi4,0.125,6.965569909079932,430.689812773161,3000
uwqx102v,iid,fedrolex,1338,12,232,9971391432698026913,rpi4,0.25,7.772427484975196,385.979799206782,3000
uwqx102v,iid,fedrolex,1338,12,233,6319820924078325507,rpi4,0.125,7.071638228022493,424.2298465031797,3000
uwqx102v,iid,fedrolex,1338,12,234,7404516555996214053,rpi4,0.125,7.09690593695268,422.71942543008555,3000
uwqx102v,iid,fedrolex,1338,12,235,10422720114924038940,rpi4,0.25,7.795592310954817,384.8328491709638,3000
uwqx102v,iid,fedrolex,1338,12,236,7625847575853090986,rpi4,0.25,7.782185613992624,385.49581683144413,3000
uwqx102v,iid,fedrolex,1338,12,237,5294948430613350534,rpi4,0.125,7.125074547016993,421.04822626115396,3000
uwqx102v,iid,fedrolex,1338,12,238,15037634389818444997,rpi4,0.25,16.955577667918988,176.93292783979797,3000
uwqx102v,iid,fedrolex,1338,12,239,12501882400420315928,rpi4,0.25,16.86624145996757,177.87009673261068,3000
uwqx102v,iid,fedrolex,1338,12,240,4320096981000458049,rpi4,0.125,15.542187070008367,193.0230273568818,3000
uwqx102v,iid,fedrolex,1338,13,241,755477336690471883,rpi5,0.5,2.4699078709818423,1214.6202031444334,3000
uwqx102v,iid,fedrolex,1338,13,242,7634657137941029296,rpi5,0.5,2.4763845710549504,1211.443503188193,3000
uwqx102v,iid,fedrolex,1338,13,243,1507830050049347041,rpi5,0.5,2.497560188989155,1201.1722533158245,3000
uwqx102v,iid,fedrolex,1338,13,244,6958785996535946062,rpi5,0.5,2.500227721990086,1199.8907034004544,3000
uwqx102v,iid,fedrolex,1338,13,245,3073627380258715507,rpi5,0.5,2.581527658039704,1162.1025986907555,3000
uwqx102v,iid,fedrolex,1338,13,246,9610592090510365718,rpi5,1.0,4.342205955996178,690.8930691915435,3000
uwqx102v,iid,fedrolex,1338,13,247,10221327855453229882,rpi5,1.0,4.430688373045996,677.0956897466407,3000
uwqx102v,iid,fedrolex,1338,13,248,9926581756942859291,rpi5,1.0,4.279611867037602,700.998149646836,3000
uwqx102v,iid,fedrolex,1338,13,249,10486714235496215318,rpi5,1.0,4.428900767932646,677.3689809718544,3000
uwqx102v,iid,fedrolex,1338,13,250,14354580922930040658,rpi5,1.0,4.360500295995735,687.9944493421804,3000
uwqx102v,iid,fedrolex,1338,13,251,5294948430613350534,rpi4,0.125,7.070281384978443,424.3112595736028,3000
uwqx102v,iid,fedrolex,1338,13,252,9971391432698026913,rpi4,0.25,7.823462396045215,383.4619313203971,3000
uwqx102v,iid,fedrolex,1338,13,253,1265811768605398340,rpi4,0.125,7.3064939100295305,410.5936495590503,3000
uwqx102v,iid,fedrolex,1338,13,254,7404516555996214053,rpi4,0.125,7.200425916933455,416.6420201539483,3000
uwqx102v,iid,fedrolex,1338,13,255,7625847575853090986,rpi4,0.25,7.771884100977331,386.0067856162116,3000
uwqx102v,iid,fedrolex,1338,13,256,10422720114924038940,rpi4,0.25,7.778027788968757,385.70188759864953,3000
uwqx102v,iid,fedrolex,1338,13,257,6319820924078325507,rpi4,0.125,7.192793613998219,417.0841207179315,3000
uwqx102v,iid,fedrolex,1338,13,258,12501882400420315928,rpi4,0.25,16.757008823100477,179.02956498204688,3000
uwqx102v,iid,fedrolex,1338,13,259,15037634389818444997,rpi4,0.25,17.029452204937115,176.16538476383,3000
uwqx102v,iid,fedrolex,1338,13,260,4320096981000458049,rpi4,0.125,15.538117432966828,193.07358262301304,3000
uwqx102v,iid,fedrolex,1338,14,261,9610592090510365718,rpi5,1.0,4.33278153790161,692.3958602013699,3000
uwqx102v,iid,fedrolex,1338,14,262,1507830050049347041,rpi5,0.5,2.50534884002991,1197.4380381951858,3000
uwqx102v,iid,fedrolex,1338,14,263,6958785996535946062,rpi5,0.5,2.5182298230938613,1191.313029687752,3000
uwqx102v,iid,fedrolex,1338,14,264,755477336690471883,rpi5,0.5,2.483041403000243,1208.1957217367053,3000
uwqx102v,iid,fedrolex,1338,14,265,7634657137941029296,rpi5,0.5,2.5314036778872833,1185.1132342921333,3000
uwqx102v,iid,fedrolex,1338,14,266,3073627380258715507,rpi5,0.5,2.519322043051943,1190.796551109344,3000
uwqx102v,iid,fedrolex,1338,14,267,9926581756942859291,rpi5,1.0,4.356334584997967,688.6523386727881,3000
uwqx102v,iid,fedrolex,1338,14,268,14354580922930040658,rpi5,1.0,4.406157582998276,680.8653443480744,3000
uwqx102v,iid,fedrolex,1338,14,269,10221327855453229882,rpi5,1.0,4.324183829012327,693.7725403513247,3000
uwqx102v,iid,fedrolex,1338,14,270,10486714235496215318,rpi5,1.0,4.320025969995186,694.4402697660967,3000
uwqx102v,iid,fedrolex,1338,14,271,6319820924078325507,rpi4,0.125,7.09769204899203,422.6726067139023,3000
uwqx102v,iid,fedrolex,1338,14,272,1265811768605398340,rpi4,0.125,7.079852722003125,423.7376281396996,3000
uwqx102v,iid,fedrolex,1338,14,273,7625847575853090986,rpi4,0.25,7.76895926205907,386.15210851355215,3000
uwqx102v,iid,fedrolex,1338,14,274,5294948430613350534,rpi4,0.125,7.189580768928863,417.2705052518596,3000
uwqx102v,iid,fedrolex,1338,14,275,9971391432698026913,rpi4,0.25,7.9028847210574895,379.60821976896665,3000
uwqx102v,iid,fedrolex,1338,14,276,7404516555996214053,rpi4,0.125,7.101132140029222,422.46784609019466,3000
uwqx102v,iid,fedrolex,1338,14,277,10422720114924038940,rpi4,0.25,9.367002528044395,320.2732134445498,3000
uwqx102v,iid,fedrolex,1338,14,278,12501882400420315928,rpi4,0.25,16.967558137956075,176.80799886514384,3000
uwqx102v,iid,fedrolex,1338,14,279,15037634389818444997,rpi4,0.25,17.296748722088523,173.44300065878278,3000
uwqx102v,iid,fedrolex,1338,14,280,4320096981000458049,rpi4,0.125,15.427960110013373,194.45214912455458,3000
uwqx102v,iid,fedrolex,1338,15,281,755477336690471883,rpi5,0.5,2.4558860110118985,1221.5550667043826,3000
uwqx102v,iid,fedrolex,1338,15,282,7634657137941029296,rpi5,0.5,2.5217205199878663,1189.663952139484,3000
uwqx102v,iid,fedrolex,1338,15,283,6958785996535946062,rpi5,0.5,2.521983091952279,1189.5400923079487,3000
uwqx102v,iid,fedrolex,1338,15,284,9610592090510365718,rpi5,1.0,4.263479898916557,703.6505556792621,3000
uwqx102v,iid,fedrolex,1338,15,285,14354580922930040658,rpi5,1.0,4.322126468992792,694.1027805461476,3000
uwqx102v,iid,fedrolex,1338,15,286,10486714235496215318,rpi5,1.0,4.350311939022504,689.6057207047288,3000
uwqx102v,iid,fedrolex,1338,15,287,3073627380258715507,rpi5,0.5,2.463625643053092,1217.7174760537873,3000
uwqx102v,iid,fedrolex,1338,15,288,10221327855453229882,rpi5,1.0,4.340531552094035,691.1595881736392,3000
uwqx102v,iid,fedrolex,1338,15,289,9926581756942859291,rpi5,1.0,4.270520859048702,702.4904218986247,3000
uwqx102v,iid,fedrolex,1338,15,290,1507830050049347041,rpi5,0.5,2.5387068759882823,1181.7039723548796,3000
uwqx102v,iid,fedrolex,1338,15,291,7404516555996214053,rpi4,0.125,7.220691415015608,415.47267810966486,3000
uwqx102v,iid,fedrolex,1338,15,292,9971391432698026913,rpi4,0.25,7.905333823058754,379.4906157219344,3000
uwqx102v,iid,fedrolex,1338,15,293,1265811768605398340,rpi4,0.125,7.195102171972394,416.9502987304501,3000
uwqx102v,iid,fedrolex,1338,15,294,6319820924078325507,rpi4,0.125,7.045743976952508,425.78895994707835,3000
uwqx102v,iid,fedrolex,1338,15,295,10422720114924038940,rpi4,0.25,7.957206490915269,377.01673362694504,3000
uwqx102v,iid,fedrolex,1338,15,296,5294948430613350534,rpi4,0.125,6.953942938009277,431.4099248071796,3000
uwqx102v,iid,fedrolex,1338,15,297,7625847575853090986,rpi4,0.25,7.777393835945986,385.73332703487836,3000
uwqx102v,iid,fedrolex,1338,15,298,12501882400420315928,rpi4,0.25,16.680897496058606,179.8464381613067,3000
uwqx102v,iid,fedrolex,1338,15,299,15037634389818444997,rpi4,0.25,16.673744664061815,179.9235900778862,3000
uwqx102v,iid,fedrolex,1338,15,300,4320096981000458049,rpi4,0.125,15.63622755301185,191.86213489340912,3000
uwqx102v,iid,fedrolex,1338,16,301,3073627380258715507,rpi5,0.5,2.48948670795653,1205.0676914288567,3000
uwqx102v,iid,fedrolex,1338,16,302,1507830050049347041,rpi5,0.5,2.4801476220600307,1209.6054175630786,3000
uwqx102v,iid,fedrolex,1338,16,303,755477336690471883,rpi5,0.5,2.4950116759864613,1202.3991826867423,3000
uwqx102v,iid,fedrolex,1338,16,304,6958785996535946062,rpi5,0.5,2.470720659941435,1214.2206315104481,3000
uwqx102v,iid,fedrolex,1338,16,305,9926581756942859291,rpi5,1.0,4.30186268594116,697.3723289225958,3000
uwqx102v,iid,fedrolex,1338,16,306,10221327855453229882,rpi5,1.0,4.368841722956859,686.6808619401259,3000
uwqx102v,iid,fedrolex,1338,16,307,7634657137941029296,rpi5,0.5,2.589967862004414,1158.3155312507454,3000
uwqx102v,iid,fedrolex,1338,16,308,10486714235496215318,rpi5,1.0,4.345220738090575,690.4137167766288,3000
uwqx102v,iid,fedrolex,1338,16,309,9610592090510365718,rpi5,1.0,4.310066733974963,696.0449072289066,3000
uwqx102v,iid,fedrolex,1338,16,310,14354580922930040658,rpi5,1.0,4.318377821939066,694.7053091924505,3000
uwqx102v,iid,fedrolex,1338,16,311,7625847575853090986,rpi4,0.25,7.779192827059887,385.64412358625606,3000
uwqx102v,iid,fedrolex,1338,16,312,1265811768605398340,rpi4,0.125,7.082649203017354,423.57032150087826,3000
uwqx102v,iid,fedrolex,1338,16,313,7404516555996214053,rpi4,0.125,7.065159485093318,424.6188647729267,3000
uwqx102v,iid,fedrolex,1338,16,314,6319820924078325507,rpi4,0.125,7.049662137986161,425.5523089305091,3000
uwqx102v,iid,fedrolex,1338,16,315,10422720114924038940,rpi4,0.25,7.79713662492577,384.756628530741,3000
uwqx102v,iid,fedrolex,1338,16,316,9971391432698026913,rpi4,0.25,7.778122462914325,385.6971929027655,3000
uwqx102v,iid,fedrolex,1338,16,317,5294948430613350534,rpi4,0.125,7.183911019004881,417.5998271781993,3000
uwqx102v,iid,fedrolex,1338,16,318,12501882400420315928,rpi4,0.25,16.861267347005196,177.92256882356136,3000
uwqx102v,iid,fedrolex,1338,16,319,15037634389818444997,rpi4,0.25,17.08351499796845,175.60788867845733,3000
uwqx102v,iid,fedrolex,1338,16,320,4320096981000458049,rpi4,0.125,15.54159201506991,193.03041780346885,3000
uwqx102v,iid,fedrolex,1338,17,321,755477336690471883,rpi5,0.5,2.5044026379473507,1197.8904488213002,3000
uwqx102v,iid,fedrolex,1338,17,322,10221327855453229882,rpi5,1.0,4.317851369967684,694.790010806336,3000
uwqx102v,iid,fedrolex,1338,17,323,3073627380258715507,rpi5,0.5,2.5101176539901644,1195.1631013116469,3000
uwqx102v,iid,fedrolex,1338,17,324,6958785996535946062,rpi5,0.5,2.4934821149799973,1203.1367628333946,3000
uwqx102v,iid,fedrolex,1338,17,325,7634657137941029296,rpi5,0.5,2.5970620199805126,1155.1514661257536,3000
uwqx102v,iid,fedrolex,1338,17,326,9926581756942859291,rpi5,1.0,4.328918159008026,693.0137946261038,3000
uwqx102v,iid,fedrolex,1338,17,327,14354580922930040658,rpi5,1.0,4.359492574003525,688.153483249304,3000
uwqx102v,iid,fedrolex,1338,17,328,9610592090510365718,rpi5,1.0,4.257957187946886,704.5632136678548,3000
uwqx102v,iid,fedrolex,1338,17,329,10486714235496215318,rpi5,1.0,4.43245193711482,676.826289954712,3000
uwqx102v,iid,fedrolex,1338,17,330,1507830050049347041,rpi5,0.5,2.4794958219863474,1209.9233938602372,3000
uwqx102v,iid,fedrolex,1338,17,331,9971391432698026913,rpi4,0.25,7.819247258012183,383.6686449486524,3000
uwqx102v,iid,fedrolex,1338,17,332,7404516555996214053,rpi4,0.125,7.085566394031048,423.3959338137358,3000
uwqx102v,iid,fedrolex,1338,17,333,6319820924078325507,rpi4,0.125,6.999633717001416,428.59385523463857,3000
uwqx102v,iid,fedrolex,1338,17,334,5294948430613350534,rpi4,0.125,6.949156916001812,431.7070453671733,3000
uwqx102v,iid,fedrolex,1338,17,335,10422720114924038940,rpi4,0.25,7.857663606991991,381.7928776348363,3000
uwqx102v,iid,fedrolex,1338,17,336,1265811768605398340,rpi4,0.125,7.069145065033808,424.37946490006743,3000
uwqx102v,iid,fedrolex,1338,17,337,7625847575853090986,rpi4,0.25,7.779951852047816,385.6064995068509,3000
uwqx102v,iid,fedrolex,1338,17,338,12501882400420315928,rpi4,0.25,16.995395782054402,176.51839583328376,3000
uwqx102v,iid,fedrolex,1338,17,339,15037634389818444997,rpi4,0.25,17.36530078400392,172.75830907365886,3000
uwqx102v,iid,fedrolex,1338,17,340,4320096981000458049,rpi4,0.125,15.783685547998175,190.06967611442857,3000
uwqx102v,iid,fedrolex,1338,18,341,1507830050049347041,rpi5,0.5,2.5451146399136633,1178.7288293236834,3000
uwqx102v,iid,fedrolex,1338,18,342,755477336690471883,rpi5,0.5,2.500916101038456,1199.5604325768102,3000
uwqx102v,iid,fedrolex,1338,18,343,7634657137941029296,rpi5,0.5,2.5233687460422516,1188.886881754922,3000
uwqx102v,iid,fedrolex,1338,18,344,6958785996535946062,rpi5,0.5,2.5104672349989414,1194.9966755894604,3000
uwqx102v,iid,fedrolex,1338,18,345,3073627380258715507,rpi5,0.5,2.491740338038653,1203.9777797880088,3000
uwqx102v,iid,fedrolex,1338,18,346,10221327855453229882,rpi5,1.0,4.3422251619631425,690.8900133229582,3000
uwqx102v,iid,fedrolex,1338,18,347,9926581756942859291,rpi5,1.0,4.257855540025048,704.5800337280469,3000
uwqx102v,iid,fedrolex,1338,18,348,9610592090510365718,rpi5,1.0,4.356986501952633,688.5492986162606,3000
uwqx102v,iid,fedrolex,1338,18,349,14354580922930040658,rpi5,1.0,4.356636540032923,688.6046087235289,3000
uwqx102v,iid,fedrolex,1338,18,350,10486714235496215318,rpi5,1.0,4.330683272099122,692.731333950883,3000
uwqx102v,iid,fedrolex,1338,18,351,6319820924078325507,rpi4,0.125,7.1698799330042675,418.41704854644104,3000
uwqx102v,iid,fedrolex,1338,18,352,1265811768605398340,rpi4,0.125,7.194633731036447,416.9774462678345,3000
uwqx102v,iid,fedrolex,1338,18,353,9971391432698026913,rpi4,0.25,7.844830657006241,382.4174327231259,3000
uwqx102v,iid,fedrolex,1338,18,354,7625847575853090986,rpi4,0.25,7.862092980998568,381.57778180066356,3000
uwqx102v,iid,fedrolex,1338,18,355,5294948430613350534,rpi4,0.125,7.2095428629545495,416.1151486337883,3000
uwqx102v,iid,fedrolex,1338,18,356,7404516555996214053,rpi4,0.125,6.932042147964239,432.77290240957666,3000
uwqx102v,iid,fedrolex,1338,18,357,10422720114924038940,rpi4,0.25,8.776264903950505,341.8310674111027,3000
uwqx102v,iid,fedrolex,1338,18,358,15037634389818444997,rpi4,0.25,16.862563243019395,177.90889538943088,3000
uwqx102v,iid,fedrolex,1338,18,359,12501882400420315928,rpi4,0.25,16.887968204915524,177.64126291561826,3000
uwqx102v,iid,fedrolex,1338,18,360,4320096981000458049,rpi4,0.125,15.484121790039353,193.7468615062072,3000
uwqx102v,iid,fedrolex,1338,19,361,14354580922930040658,rpi5,1.0,4.367863691993989,686.8346202054806,3000
uwqx102v,iid,fedrolex,1338,19,362,6958785996535946062,rpi5,0.5,2.4820222000125796,1208.6918481167475,3000
uwqx102v,iid,fedrolex,1338,19,363,3073627380258715507,rpi5,0.5,2.4810523310443386,1209.1643382375667,3000
uwqx102v,iid,fedrolex,1338,19,364,10221327855453229882,rpi5,1.0,4.325469093048014,693.5663937170801,3000
uwqx102v,iid,fedrolex,1338,19,365,10486714235496215318,rpi5,1.0,4.335379383061081,691.9809628936765,3000
uwqx102v,iid,fedrolex,1338,19,366,9610592090510365718,rpi5,1.0,4.361172442091629,687.8884152907269,3000
uwqx102v,iid,fedrolex,1338,19,367,1507830050049347041,rpi5,0.5,2.5135898699518293,1193.5121301461531,3000
uwqx102v,iid,fedrolex,1338,19,368,755477336690471883,rpi5,0.5,2.447078339057043,1225.9517613792534,3000
uwqx102v,iid,fedrolex,1338,19,369,9926581756942859291,rpi5,1.0,4.321037646965124,694.2776816830204,3000
uwqx102v,iid,fedrolex,1338,19,370,7634657137941029296,rpi5,0.5,2.5244856100762263,1188.3609033166229,3000
uwqx102v,iid,fedrolex,1338,19,371,7404516555996214053,rpi4,0.125,7.131507753045298,420.66840616122715,3000
uwqx102v,iid,fedrolex,1338,19,372,10422720114924038940,rpi4,0.25,8.00010782701429,374.9949456768292,3000
uwqx102v,iid,fedrolex,1338,19,373,6319820924078325507,rpi4,0.125,7.2041449709795415,416.4269336728926,3000
uwqx102v,iid,fedrolex,1338,19,374,5294948430613350534,rpi4,0.125,7.086359977954999,423.34851875048946,3000
uwqx102v,iid,fedrolex,1338,19,375,1265811768605398340,rpi4,0.125,7.035471192095429,426.41067216231284,3000
uwqx102v,iid,fedrolex,1338,19,376,7625847575853090986,rpi4,0.25,7.798990728100762,384.6651579146794,3000
uwqx102v,iid,fedrolex,1338,19,377,9971391432698026913,rpi4,0.25,7.907393718953244,379.3917574648263,3000
uwqx102v,iid,fedrolex,1338,19,378,12501882400420315928,rpi4,0.25,16.588508037966676,180.8480903245668,3000
uwqx102v,iid,fedrolex,1338,19,379,15037634389818444997,rpi4,0.25,17.091957894037478,175.52114383844514,3000
uwqx102v,iid,fedrolex,1338,19,380,4320096981000458049,rpi4,0.125,15.579054323025048,192.56624553687786,3000
uwqx102v,iid,fedrolex,1338,20,381,3073627380258715507,rpi5,0.5,2.5037620809162036,1198.1969145016399,3000
uwqx102v,iid,fedrolex,1338,20,382,755477336690471883,rpi5,0.5,2.479892686009407,1209.7297665035414,3000
uwqx102v,iid,fedrolex,1338,20,383,1507830050049347041,rpi5,0.5,2.493722176994197,1203.0209410159891,3000
uwqx102v,iid,fedrolex,1338,20,384,7634657137941029296,rpi5,0.5,2.5072701099561527,1196.5204658593661,3000
uwqx102v,iid,fedrolex,1338,20,385,10486714235496215318,rpi5,1.0,4.308562522986904,696.2879113380616,3000
uwqx102v,iid,fedrolex,1338,20,386,9926581756942859291,rpi5,1.0,4.35672668996267,688.5903600314448,3000
uwqx102v,iid,fedrolex,1338,20,387,14354580922930040658,rpi5,1.0,4.382863318081945,684.48404211539,3000
uwqx102v,iid,fedrolex,1338,20,388,10221327855453229882,rpi5,1.0,4.299239719985053,697.7977957485074,3000
uwqx102v,iid,fedrolex,1338,20,389,6958785996535946062,rpi5,0.5,2.4917133229319006,1203.990833291375,3000
uwqx102v,iid,fedrolex,1338,20,390,9610592090510365718,rpi5,1.0,4.425155083998106,677.9423416929186,3000
uwqx102v,iid,fedrolex,1338,20,391,6319820924078325507,rpi4,0.125,7.198782254010439,416.73714999904337,3000
uwqx102v,iid,fedrolex,1338,20,392,9971391432698026913,rpi4,0.25,7.877401035046205,380.8362665113956,3000
uwqx102v,iid,fedrolex,1338,20,393,7404516555996214053,rpi4,0.125,7.096945889061317,422.71704573991013,3000
uwqx102v,iid,fedrolex,1338,20,394,1265811768605398340,rpi4,0.125,7.1482981810113415,419.68031047853685,3000
uwqx102v,iid,fedrolex,1338,20,395,5294948430613350534,rpi4,0.125,6.985560324974358,429.4573177293422,3000
uwqx102v,iid,fedrolex,1338,20,396,10422720114924038940,rpi4,0.25,7.783229946042411,385.4440920797193,3000
uwqx102v,iid,fedrolex,1338,20,397,7625847575853090986,rpi4,0.25,7.8570849559037015,381.8209955520263,3000
uwqx102v,iid,fedrolex,1338,20,398,12501882400420315928,rpi4,0.25,16.79604896903038,178.61343495316012,3000
uwqx102v,iid,fedrolex,1338,20,399,15037634389818444997,rpi4,0.25,16.839590700925328,178.15159841356189,3000
uwqx102v,iid,fedrolex,1338,20,400,4320096981000458049,rpi4,0.125,15.643891101935878,191.76814645742198,3000
jztd8rhr,iid,fiarse,1338,1,1,540448293132865548,rpi5,0.5,11.465332775027491,261.65834510571426,3000
jztd8rhr,iid,fiarse,1338,1,2,6951166869511783319,rpi5,1.0,10.68367906997446,280.8021450617359,3000
jztd8rhr,iid,fiarse,1338,1,3,2647306348622227798,rpi5,0.5,10.332686100970022,290.3407662522878,3000
jztd8rhr,iid,fiarse,1338,1,4,4607331661127969008,rpi5,0.5,11.925544401048683,251.5608427684184,3000
jztd8rhr,iid,fiarse,1338,1,5,12985698230708850339,rpi5,1.0,9.751644453033805,307.64042048996964,3000
jztd8rhr,iid,fiarse,1338,1,6,11070279210848263831,rpi5,1.0,9.8652936759172,304.0963704226557,3000
jztd8rhr,iid,fiarse,1338,1,7,1760110631512695882,rpi5,0.5,11.74765184498392,255.37018287454248,3000
jztd8rhr,iid,fiarse,1338,1,8,5146172768038342476,rpi5,0.5,14.600925279897638,205.4664305508337,3000
jztd8rhr,iid,fiarse,1338,1,9,5575900739218494374,rpi5,1.0,12.249017086927779,244.91761083439235,3000
jztd8rhr,iid,fiarse,1338,1,10,6391814659263151470,rpi5,1.0,12.223981273011304,245.4192241461908,3000
jztd8rhr,iid,fiarse,1338,1,11,5985644439303414551,rpi4,0.125,23.97934250405524,125.10768381129125,3000
jztd8rhr,iid,fiarse,1338,1,12,11550078828451977891,rpi4,0.125,23.960773698985577,125.20463811763351,3000
jztd8rhr,iid,fiarse,1338,1,13,14057236922627077486,rpi4,0.25,22.449787984020077,133.63155153783288,3000
jztd8rhr,iid,fiarse,1338,1,14,13069103717698620626,rpi4,0.25,22.399603381054476,133.93094283702325,3000
jztd8rhr,iid,fiarse,1338,1,15,858041876788140763,rpi4,0.125,24.20363447093405,123.94832700033857,3000
jztd8rhr,iid,fiarse,1338,1,16,15962130710492629688,rpi4,0.25,24.945973259978928,120.25988999246343,3000
jztd8rhr,iid,fiarse,1338,1,17,17868013009604165683,rpi4,0.25,24.888842526008375,120.53593881937483,3000
jztd8rhr,iid,fiarse,1338,1,18,8990135320761988123,rpi4,0.125,43.96156110498123,68.24143466688842,3000
jztd8rhr,iid,fiarse,1338,1,19,13895265246681014853,rpi4,0.25,43.567429537069984,68.85877895200143,3000
jztd8rhr,iid,fiarse,1338,1,20,11980157223971496053,rpi4,0.125,43.20604343910236,69.43473091278102,3000
jztd8rhr,iid,fiarse,1338,2,21,5146172768038342476,rpi5,0.5,4.592861199984327,653.1876034072699,3000
jztd8rhr,iid,fiarse,1338,2,22,4607331661127969008,rpi5,0.5,4.74514652392827,632.224944977347,3000
jztd8rhr,iid,fiarse,1338,2,23,6951166869511783319,rpi5,1.0,4.63395147502888,647.3956441206159,3000
jztd8rhr,iid,fiarse,1338,2,24,5575900739218494374,rpi5,1.0,4.580949873081408,654.8860134070903,3000
jztd8rhr,iid,fiarse,1338,2,25,6391814659263151470,rpi5,1.0,4.532374185044318,661.9047495900132,3000
jztd8rhr,iid,fiarse,1338,2,26,2647306348622227798,rpi5,0.5,4.622511069988832,648.9979049433078,3000
jztd8rhr,iid,fiarse,1338,2,27,1760110631512695882,rpi5,0.5,4.536288285977207,661.3336302443,3000
jztd8rhr,iid,fiarse,1338,2,28,12985698230708850339,rpi5,1.0,4.622197202057578,649.0419748133087,3000
jztd8rhr,iid,fiarse,1338,2,29,540448293132865548,rpi5,0.5,4.628294892958365,648.1868742988471,3000
jztd8rhr,iid,fiarse,1338,2,30,11070279210848263831,rpi5,1.0,4.592810510075651,653.1948125050309,3000
jztd8rhr,iid,fiarse,1338,2,31,15962130710492629688,rpi4,0.25,17.094192416989245,175.49820002133697,3000
jztd8rhr,iid,fiarse,1338,2,32,13069103717698620626,rpi4,0.25,17.12418553198222,175.19081385780413,3000
jztd8rhr,iid,fiarse,1338,2,33,11550078828451977891,rpi4,0.125,17.202964319032617,174.38854980829842,3000
jztd8rhr,iid,fiarse,1338,2,34,5985644439303414551,rpi4,0.125,17.158864391967654,174.8367451055997,3000
jztd8rhr,iid,fiarse,1338,2,35,17868013009604165683,rpi4,0.25,17.026471955003217,176.1962200935263,3000
jztd8rhr,iid,fiarse,1338,2,36,858041876788140763,rpi4,0.125,17.164153998019174,174.7828643547602,3000
jztd8rhr,iid,fiarse,1338,2,37,14057236922627077486,rpi4,0.25,17.139286970021203,175.03645310609375,3000
jztd8rhr,iid,fiarse,1338,2,38,13895265246681014853,rpi4,0.25,36.47567042801529,82.24660341529562,3000
jztd8rhr,iid,fiarse,1338,2,39,8990135320761988123,rpi4,0.125,36.61032414296642,81.94409828999999,3000
jztd8rhr,iid,fiarse,1338,2,40,11980157223971496053,rpi4,0.125,37.86180332291406,79.23552859893476,3000
jztd8rhr,iid,fiarse,1338,3,41,5146172768038342476,rpi5,0.5,4.55332120496314,658.8597344571226,3000
jztd8rhr,iid,fiarse,1338,3,42,6391814659263151470,rpi5,1.0,4.550042517017573,659.3344982557255,3000
jztd8rhr,iid,fiarse,1338,3,43,540448293132865548,rpi5,0.5,4.572665027924813,656.0725488701439,3000
jztd8rhr,iid,fiarse,1338,3,44,1760110631512695882,rpi5,0.5,4.573172461008653,655.9997519398872,3000
jztd8rhr,iid,fiarse,1338,3,45,5575900739218494374,rpi5,1.0,4.556074367952533,658.4615960402284,3000
jztd8rhr,iid,fiarse,1338,3,46,11070279210848263831,rpi5,1.0,4.573459286009893,655.9586108434224,3000
jztd8rhr,iid,fiarse,1338,3,47,2647306348622227798,rpi5,0.5,4.587653344031423,653.9290951228968,3000
jztd8rhr,iid,fiarse,1338,3,48,6951166869511783319,rpi5,1.0,4.551737035973929,659.0890414560371,3000
jztd8rhr,iid,fiarse,1338,3,49,12985698230708850339,rpi5,1.0,4.587378215976059,653.9683145270567,3000
jztd8rhr,iid,fiarse,1338,3,50,4607331661127969008,rpi5,0.5,4.481158706010319,669.4697056759613,3000
jztd8rhr,iid,fiarse,1338,3,51,14057236922627077486,rpi4,0.25,17.145148979965597,174.9766072902342,3000
jztd8rhr,iid,fiarse,1338,3,52,17868013009604165683,rpi4,0.25,17.168794701923616,174.73562076340022,3000
jztd8rhr,iid,fiarse,1338,3,53,858041876788140763,rpi4,0.125,17.256788733997382,173.84462696061973,3000
jztd8rhr,iid,fiarse,1338,3,54,11550078828451977891,rpi4,0.125,17.012939290958457,176.336372492339,3000
jztd8rhr,iid,fiarse,1338,3,55,5985644439303414551,rpi4,0.125,17.182940111961216,174.5917741930364,3000
jztd8rhr,iid,fiarse,1338,3,56,13069103717698620626,rpi4,0.25,17.202945049037226,174.3887451508134,3000
jztd8rhr,iid,fiarse,1338,3,57,15962130710492629688,rpi4,0.25,17.280333284987137,173.60776268165785,3000
jztd8rhr,iid,fiarse,1338,3,58,13895265246681014853,rpi4,0.25,36.5390713380184,82.1038929054155,3000
jztd8rhr,iid,fiarse,1338,3,59,8990135320761988123,rpi4,0.125,36.3033281971002,82.6370514491735,3000
jztd8rhr,iid,fiarse,1338,3,60,11980157223971496053,rpi4,0.125,38.326323422952555,78.27518353099804,3000
jztd8rhr,iid,fiarse,1338,4,61,5575900739218494374,rpi5,1.0,4.575081513961777,655.726021677406,3000
jztd8rhr,iid,fiarse,1338,4,62,5146172768038342476,rpi5,0.5,4.55273464997299,658.9446191461648,3000
jztd8rhr,iid,fiarse,1338,4,63,6951166869511783319,rpi5,1.0,4.56270470097661,657.5047469887486,3000
jztd8rhr,iid,fiarse,1338,4,64,11070279210848263831,rpi5,1.0,4.601822005002759,651.9156970301377,3000
jztd8rhr,iid,fiarse,1338,4,65,1760110631512695882,rpi5,0.5,4.603363443049602,651.6974028043683,3000
jztd8rhr,iid,fiarse,1338,4,66,12985698230708850339,rpi5,1.0,4.52225970197469,663.3851653168039,3000
jztd8rhr,iid,fiarse,1338,4,67,4607331661127969008,rpi5,0.5,4.610981971025467,650.6206311044868,3000
jztd8rhr,iid,fiarse,1338,4,68,2647306348622227798,rpi5,0.5,4.538631891948171,660.9921384728724,3000
jztd8rhr,iid,fiarse,1338,4,69,6391814659263151470,rpi5,1.0,4.561283446033485,657.7096195608749,3000
jztd8rhr,iid,fiarse,1338,4,70,540448293132865548,rpi5,0.5,4.488067773054354,668.4391037968552,3000
jztd8rhr,iid,fiarse,1338,4,71,15962130710492629688,rpi4,0.25,17.230405759997666,174.11081560045668,3000
jztd8rhr,iid,fiarse,1338,4,72,17868013009604165683,rpi4,0.25,16.993351949029602,176.53962614311143,3000
jztd8rhr,iid,fiarse,1338,4,73,13069103717698620626,rpi4,0.25,17.227209717035294,174.1431171545686,3000
jztd8rhr,iid,fiarse,1338,4,74,11550078828451977891,rpi4,0.125,17.238640023977496,174.02764927089683,3000
jztd8rhr,iid,fiarse,1338,4,75,14057236922627077486,rpi4,0.25,17.247389378026128,173.93936753246388,3000
jztd8rhr,iid,fiarse,1338,4,76,5985644439303414551,rpi4,0.125,17.271695881034248,173.6945822033752,3000
jztd8rhr,iid,fiarse,1338,4,77,858041876788140763,rpi4,0.125,17.20264795597177,174.39175687825272,3000
jztd8rhr,iid,fiarse,1338,4,78,8990135320761988123,rpi4,0.125,36.95954931504093,81.16982094203,3000
jztd8rhr,iid,fiarse,1338,4,79,13895265246681014853,rpi4,0.25,36.73635093809571,81.66298294175404,3000
jztd8rhr,iid,fiarse,1338,4,80,11980157223971496053,rpi4,0.125,37.83777049102355,79.28585540502989,3000
jztd8rhr,iid,fiarse,1338,5,81,540448293132865548,rpi5,0.5,4.5867948869708925,654.0514834272853,3000
jztd8rhr,iid,fiarse,1338,5,82,6951166869511783319,rpi5,1.0,4.584060363005847,654.4416439649256,3000
jztd8rhr,iid,fiarse,1338,5,83,11070279210848263831,rpi5,1.0,4.542490673018619,660.4306350741302,3000
jztd8rhr,iid,fiarse,1338,5,84,12985698230708850339,rpi5,1.0,4.566318892058916,656.9843392271985,3000
jztd8rhr,iid,fiarse,1338,5,85,2647306348622227798,rpi5,0.5,4.610973913921043,650.6217679832597,3000
jztd8rhr,iid,fiarse,1338,5,86,6391814659263151470,rpi5,1.0,4.67521412903443,641.6818389919584,3000
jztd8rhr,iid,fiarse,1338,5,87,4607331661127969008,rpi5,0.5,4.549575843033381,659.402129671891,3000
jztd8rhr,iid,fiarse,1338,5,88,1760110631512695882,rpi5,0.5,4.633122528088279,647.5114745644038,3000
jztd8rhr,iid,fiarse,1338,5,89,5146172768038342476,rpi5,0.5,4.49199542007409,667.8546435273344,3000
jztd8rhr,iid,fiarse,1338,5,90,5575900739218494374,rpi5,1.0,4.535147611051798,661.499968091278,3000
jztd8rhr,iid,fiarse,1338,5,91,13069103717698620626,rpi4,0.25,17.154100454994477,174.88529974922346,3000
jztd8rhr,iid,fiarse,1338,5,92,17868013009604165683,rpi4,0.25,17.001573130022734,176.45425967685077,3000
jztd8rhr,iid,fiarse,1338,5,93,11550078828451977891,rpi4,0.125,17.108941709971987,175.34690636367316,3000
jztd8rhr,iid,fiarse,1338,5,94,14057236922627077486,rpi4,0.25,17.09136316506192,175.52725145602108,3000
jztd8rhr,iid,fiarse,1338,5,95,5985644439303414551,rpi4,0.125,17.203873373102397,174.37933510312777,3000
jztd8rhr,iid,fiarse,1338,5,96,15962130710492629688,rpi4,0.25,17.15336194203701,174.89282918050185,3000
jztd8rhr,iid,fiarse,1338,5,97,858041876788140763,rpi4,0.125,17.19521060900297,174.4671855562663,3000
jztd8rhr,iid,fiarse,1338,5,98,8990135320761988123,rpi4,0.125,36.56871537503321,82.03733626498155,3000
jztd8rhr,iid,fiarse,1338,5,99,13895265246681014853,rpi4,0.25,36.408424128894694,82.39851275570919,3000
jztd8rhr,iid,fiarse,1338,5,100,11980157223971496053,rpi4,0.125,38.16998459305614,78.59578755359932,3000
jztd8rhr,iid,fiarse,1338,6,101,1760110631512695882,rpi5,0.5,4.544681365019642,660.1122848987751,3000
jztd8rhr,iid,fiarse,1338,6,102,6391814659263151470,rpi5,1.0,4.554090158082545,658.7484867148789,3000
jztd8rhr,iid,fiarse,1338,6,103,6951166869511783319,rpi5,1.0,4.575385389965959,655.6824713780712,3000
jztd8rhr,iid,fiarse,1338,6,104,11070279210848263831,rpi5,1.0,4.652705322951078,644.7861602585193,3000
jztd8rhr,iid,fiarse,1338,6,105,540448293132865548,rpi5,0.5,4.545885109924711,659.9374879603338,3000
jztd8rhr,iid,fiarse,1338,6,106,12985698230708850339,rpi5,1.0,4.5947209959849715,652.9232139713174,3000
jztd8rhr,iid,fiarse,1338,6,107,4607331661127969008,rpi5,0.5,4.579798259073868,655.0506878891786,3000
jztd8rhr,iid,fiarse,1338,6,108,5575900739218494374,rpi5,1.0,4.592982579022646,653.1703415775592,3000
jztd8rhr,iid,fiarse,1338,6,109,2647306348622227798,rpi5,0.5,4.557020628009923,658.3248672521628,3000
jztd8rhr,iid,fiarse,1338,6,110,5146172768038342476,rpi5,0.5,4.536674996954389,661.2772574658738,3000
jztd8rhr,iid,fiarse,1338,6,111,858041876788140763,rpi4,0.125,17.017736032023095,176.2866690583727,3000
jztd8rhr,iid,fiarse,1338,6,112,13069103717698620626,rpi4,0.25,17.18267318396829,174.59448642712056,3000
jztd8rhr,iid,fiarse,1338,6,113,15962130710492629688,rpi4,0.25,17.127552318037488,175.15637636328333,3000
jztd8rhr,iid,fiarse,1338,6,114,14057236922627077486,rpi4,0.25,17.157771775033325,174.8478788117097,3000
jztd8rhr,iid,fiarse,1338,6,115,17868013009604165683,rpi4,0.25,17.047725936979987,175.97655025016502,3000
jztd8rhr,iid,fiarse,1338,6,116,11550078828451977891,rpi4,0.125,17.296234691981226,173.44815524449615,3000
jztd8rhr,iid,fiarse,1338,6,117,5985644439303414551,rpi4,0.125,17.24598142609466,173.9535678416504,3000
jztd8rhr,iid,fiarse,1338,6,118,13895265246681014853,rpi4,0.25,36.34966460999567,82.53171060002133,3000
jztd8rhr,iid,fiarse,1338,6,119,8990135320761988123,rpi4,0.125,37.092685932992026,80.87847845312423,3000
jztd8rhr,iid,fiarse,1338,6,120,11980157223971496053,rpi4,0.125,37.68396188004408,79.60946382308809,3000
jztd8rhr,iid,fiarse,1338,7,121,4607331661127969008,rpi5,0.5,4.514010776998475,664.5974385543682,3000
jztd8rhr,iid,fiarse,1338,7,122,540448293132865548,rpi5,0.5,4.555145250982605,658.5959030291867,3000
jztd8rhr,iid,fiarse,1338,7,123,6951166869511783319,rpi5,1.0,4.560876887990162,657.7682480094322,3000
jztd8rhr,iid,fiarse,1338,7,124,2647306348622227798,rpi5,0.5,4.4972773710032925,667.0702632981548,3000
jztd8rhr,iid,fiarse,1338,7,125,11070279210848263831,rpi5,1.0,4.568937775096856,656.6077604189747,3000
jztd8rhr,iid,fiarse,1338,7,126,5146172768038342476,rpi5,0.5,4.60400757601019,651.6062257655503,3000
jztd8rhr,iid,fiarse,1338,7,127,5575900739218494374,rpi5,1.0,4.521993748028763,663.4241812713179,3000
jztd8rhr,iid,fiarse,1338,7,128,12985698230708850339,rpi5,1.0,4.634223707020283,647.3576136290889,3000
jztd8rhr,iid,fiarse,1338,7,129,6391814659263151470,rpi5,1.0,4.545577486976981,659.9821493737506,3000
jztd8rhr,iid,fiarse,1338,7,130,1760110631512695882,rpi5,0.5,4.579441144014709,655.1017702063875,3000
jztd8rhr,iid,fiarse,1338,7,131,5985644439303414551,rpi4,0.125,17.076991411973722,175.67497269434222,3000
jztd8rhr,iid,fiarse,1338,7,132,17868013009604165683,rpi4,0.25,17.141405224916525,175.01482291774064,3000
jztd8rhr,iid,fiarse,1338,7,133,858041876788140763,rpi4,0.125,17.25961314199958,173.81617857353902,3000
jztd8rhr,iid,fiarse,1338,7,134,14057236922627077486,rpi4,0.25,17.11746767500881,175.25956858560014,3000
jztd8rhr,iid,fiarse,1338,7,135,13069103717698620626,rpi4,0.25,17.154661689070053,174.8795781796982,3000
jztd8rhr,iid,fiarse,1338,7,136,11550078828451977891,rpi4,0.125,17.029889928060584,176.16085674498834,3000
jztd8rhr,iid,fiarse,1338,7,137,15962130710492629688,rpi4,0.25,18.72249875392299,160.2350220144306,3000
jztd8rhr,iid,fiarse,1338,7,138,8990135320761988123,rpi4,0.125,37.024977809982374,81.02638211956373,3000
jztd8rhr,iid,fiarse,1338,7,139,13895265246681014853,rpi4,0.25,36.63980529201217,81.87816436497354,3000
jztd8rhr,iid,fiarse,1338,7,140,11980157223971496053,rpi4,0.125,37.43762455100659,80.1332893307019,3000
jztd8rhr,iid,fiarse,1338,8,141,1760110631512695882,rpi5,0.5,4.48707195406314,668.5874509508224,3000
jztd8rhr,iid,fiarse,1338,8,142,5575900739218494374,rpi5,1.0,4.630795335047878,647.8368796164866,3000
jztd8rhr,iid,fiarse,1338,8,143,5146172768038342476,rpi5,0.5,4.553836295031942,658.7852100157581,3000
jztd8rhr,iid,fiarse,1338,8,144,12985698230708850339,rpi5,1.0,4.607472177944146,651.1162485930843,3000
jztd8rhr,iid,fiarse,1338,8,145,4607331661127969008,rpi5,0.5,4.554816768039018,658.6433994559101,3000
jztd8rhr,iid,fiarse,1338,8,146,6391814659263151470,rpi5,1.0,4.517953595961444,664.017444243268,3000
jztd8rhr,iid,fiarse,1338,8,147,6951166869511783319,rpi5,1.0,4.624005633988418,648.7881368371867,3000
jztd8rhr,iid,fiarse,1338,8,148,2647306348622227798,rpi5,0.5,4.553917918005027,658.7734021596584,3000
jztd8rhr,iid,fiarse,1338,8,149,540448293132865548,rpi5,0.5,4.531552835018374,662.0247207131672,3000
jztd8rhr,iid,fiarse,1338,8,150,11070279210848263831,rpi5,1.0,4.618954750010744,649.4975946653346,3000
jztd8rhr,iid,fiarse,1338,8,151,11550078828451977891,rpi4,0.125,17.21073329099454,174.30983034114766,3000
jztd8rhr,iid,fiarse,1338,8,152,5985644439303414551,rpi4,0.125,17.100383764947765,175.4346593173761,3000
jztd8rhr,iid,fiarse,1338,8,153,13069103717698620626,rpi4,0.25,17.222178897005506,174.19398659954825,3000
jztd8rhr,iid,fiarse,1338,8,154,17868013009604165683,rpi4,0.25,17.250855618040077,173.90441763727654,3000
jztd8rhr,iid,fiarse,1338,8,155,14057236922627077486,rpi4,0.25,17.249256582930684,173.92053886940872,3000
jztd8rhr,iid,fiarse,1338,8,156,15962130710492629688,rpi4,0.25,18.720510768005624,160.252037841145,3000
jztd8rhr,iid,fiarse,1338,8,157,858041876788140763,rpi4,0.125,17.22156547103077,174.20019132676674,3000
jztd8rhr,iid,fiarse,1338,8,158,13895265246681014853,rpi4,0.25,36.96369677607436,81.16071339330492,3000
jztd8rhr,iid,fiarse,1338,8,159,8990135320761988123,rpi4,0.125,36.67097469593864,81.80856998961237,3000
jztd8rhr,iid,fiarse,1338,8,160,11980157223971496053,rpi4,0.125,38.04378349590115,78.85651016606224,3000
jztd8rhr,iid,fiarse,1338,9,161,5575900739218494374,rpi5,1.0,4.537479761987925,661.1599736779132,3000
jztd8rhr,iid,fiarse,1338,9,162,1760110631512695882,rpi5,0.5,4.617491620010696,649.7033989187945,3000
jztd8rhr,iid,fiarse,1338,9,163,6391814659263151470,rpi5,1.0,4.619854844058864,649.3710519623797,3000
jztd8rhr,iid,fiarse,1338,9,164,5146172768038342476,rpi5,0.5,4.543196835089475,660.3279824526725,3000
jztd8rhr,iid,fiarse,1338,9,165,11070279210848263831,rpi5,1.0,4.503914454951882,666.0872514356072,3000
jztd8rhr,iid,fiarse,1338,9,166,2647306348622227798,rpi5,0.5,4.562789527000859,657.4925234326802,3000
jztd8rhr,iid,fiarse,1338,9,167,540448293132865548,rpi5,0.5,4.581699679023586,654.7788397687679,3000
jztd8rhr,iid,fiarse,1338,9,168,6951166869511783319,rpi5,1.0,4.559456367045641,657.9731789261291,3000
jztd8rhr,iid,fiarse,1338,9,169,12985698230708850339,rpi5,1.0,4.614063207991421,650.1861515039691,3000
jztd8rhr,iid,fiarse,1338,9,170,4607331661127969008,rpi5,0.5,4.627879188046791,648.2450984780695,3000
jztd8rhr,iid,fiarse,1338,9,171,14057236922627077486,rpi4,0.25,17.195602540043183,174.46320901020698,3000
jztd8rhr,iid,fiarse,1338,9,172,13069103717698620626,rpi4,0.25,17.158354177023284,174.84194399118383,3000
jztd8rhr,iid,fiarse,1338,9,173,858041876788140763,rpi4,0.125,17.222880823072046,174.18688724717597,3000
jztd8rhr,iid,fiarse,1338,9,174,15962130710492629688,rpi4,0.25,17.198553994996473,174.43326926628725,3000
jztd8rhr,iid,fiarse,1338,9,175,5985644439303414551,rpi4,0.125,17.120739397010766,175.2260770071526,3000
jztd8rhr,iid,fiarse,1338,9,176,17868013009604165683,rpi4,0.25,17.083190614008345,175.61122320674556,3000
jztd8rhr,iid,fiarse,1338,9,177,11550078828451977891,rpi4,0.125,17.188818625058047,174.5320644448809,3000
jztd8rhr,iid,fiarse,1338,9,178,13895265246681014853,rpi4,0.25,36.538504574098624,82.1051664529981,3000
jztd8rhr,iid,fiarse,1338,9,179,8990135320761988123,rpi4,0.125,36.309258789988235,82.62355388062088,3000
jztd8rhr,iid,fiarse,1338,9,180,11980157223971496053,rpi4,0.125,38.223880350007676,78.48496731701907,3000
jztd8rhr,iid,fiarse,1338,10,181,6391814659263151470,rpi5,1.0,4.610935876029544,650.6271352841469,3000
jztd8rhr,iid,fiarse,1338,10,182,12985698230708850339,rpi5,1.0,4.648253722931258,645.4036674461382,3000
jztd8rhr,iid,fiarse,1338,10,183,4607331661127969008,rpi5,0.5,4.641849862993695,646.2940613217492,3000
jztd8rhr,iid,fiarse,1338,10,184,5575900739218494374,rpi5,1.0,4.527373639983125,662.6358322860187,3000
jztd8rhr,iid,fiarse,1338,10,185,2647306348622227798,rpi5,0.5,4.4655684609897435,671.8069661695621,3000
jztd8rhr,iid,fiarse,1338,10,186,540448293132865548,rpi5,0.5,4.598381621064618,652.4034426062792,3000
jztd8rhr,iid,fiarse,1338,10,187,1760110631512695882,rpi5,0.5,4.573690087068826,655.9255093566323,3000
jztd8rhr,iid,fiarse,1338,10,188,5146172768038342476,rpi5,0.5,4.513043826096691,664.7398331592726,3000
jztd8rhr,iid,fiarse,1338,10,189,11070279210848263831,rpi5,1.0,4.5579709620215,658.1876069411101,3000
jztd8rhr,iid,fiarse,1338,10,190,6951166869511783319,rpi5,1.0,4.569439446087927,656.5356725688565,3000
jztd8rhr,iid,fiarse,1338,10,191,13069103717698620626,rpi4,0.25,17.114873223938048,175.2861362597762,3000
jztd8rhr,iid,fiarse,1338,10,192,15962130710492629688,rpi4,0.25,17.287083587027155,173.53997190430127,3000
jztd8rhr,iid,fiarse,1338,10,193,14057236922627077486,rpi4,0.25,17.104788037016988,175.38948705518067,3000
jztd8rhr,iid,fiarse,1338,10,194,5985644439303414551,rpi4,0.125,17.026497939950787,176.19595119210234,3000
jztd8rhr,iid,fiarse,1338,10,195,858041876788140763,rpi4,0.125,17.087769383913837,175.56416713021383,3000
jztd8rhr,iid,fiarse,1338,10,196,17868013009604165683,rpi4,0.25,17.069889804930426,175.7480589671696,3000
jztd8rhr,iid,fiarse,1338,10,197,11550078828451977891,rpi4,0.125,17.205947640002705,174.35831276303526,3000
jztd8rhr,iid,fiarse,1338,10,198,13895265246681014853,rpi4,0.25,36.65383279800881,81.84682940341706,3000
jztd8rhr,iid,fiarse,1338,10,199,8990135320761988123,rpi4,0.125,36.33741849695798,82.55952470182073,3000
jztd8rhr,iid,fiarse,1338,10,200,11980157223971496053,rpi4,0.125,37.832285507931374,79.29735039060918,3000
jztd8rhr,iid,fiarse,1338,11,201,5575900739218494374,rpi5,1.0,4.557135737966746,658.3082384415673,3000
jztd8rhr,iid,fiarse,1338,11,202,4607331661127969008,rpi5,0.5,4.631179583957419,647.7831285990536,3000
jztd8rhr,iid,fiarse,1338,11,203,6391814659263151470,rpi5,1.0,4.544737454969436,660.1041379672339,3000
jztd8rhr,iid,fiarse,1338,11,204,6951166869511783319,rpi5,1.0,4.580835449043661,654.9023717117602,3000
jztd8rhr,iid,fiarse,1338,11,205,12985698230708850339,rpi5,1.0,4.637571764993481,646.8902589595218,3000
jztd8rhr,iid,fiarse,1338,11,206,540448293132865548,rpi5,0.5,4.52885195298586,662.4195339443825,3000
jztd8rhr,iid,fiarse,1338,11,207,5146172768038342476,rpi5,0.5,4.507075189962052,665.6201357992563,3000
jztd8rhr,iid,fiarse,1338,11,208,11070279210848263831,rpi5,1.0,4.50741299695801,665.5702510563506,3000
jztd8rhr,iid,fiarse,1338,11,209,2647306348622227798,rpi5,0.5,4.6529489300446585,644.7524022085508,3000
jztd8rhr,iid,fiarse,1338,11,210,1760110631512695882,rpi5,0.5,4.611981180030853,650.4796708602204,3000
jztd8rhr,iid,fiarse,1338,11,211,11550078828451977891,rpi4,0.125,17.10803044901695,175.35624623419955,3000
jztd8rhr,iid,fiarse,1338,11,212,15962130710492629688,rpi4,0.25,17.18333771196194,174.58773436732213,3000
jztd8rhr,iid,fiarse,1338,11,213,17868013009604165683,rpi4,0.25,17.079379649017937,175.65040778120414,3000
jztd8rhr,iid,fiarse,1338,11,214,14057236922627077486,rpi4,0.25,17.298973735887557,173.42069222154808,3000
jztd8rhr,iid,fiarse,1338,11,215,13069103717698620626,rpi4,0.25,17.110890581039712,175.32693495943744,3000
jztd8rhr,iid,fiarse,1338,11,216,858041876788140763,rpi4,0.125,17.3239395939745,173.1707723711667,3000
jztd8rhr,iid,fiarse,1338,11,217,5985644439303414551,rpi4,0.125,17.093342576990835,175.50692537094926,3000
jztd8rhr,iid,fiarse,1338,11,218,8990135320761988123,rpi4,0.125,36.33399328193627,82.56730760974388,3000
jztd8rhr,iid,fiarse,1338,11,219,13895265246681014853,rpi4,0.25,36.68216714402661,81.78360859163485,3000
jztd8rhr,iid,fiarse,1338,11,220,11980157223971496053,rpi4,0.125,37.804948367062025,79.35469110741553,3000
jztd8rhr,iid,fiarse,1338,12,221,2647306348622227798,rpi5,0.5,4.49015765695367,668.1279877453876,3000
jztd8rhr,iid,fiarse,1338,12,222,1760110631512695882,rpi5,0.5,4.478396413032897,669.8826372916628,3000
jztd8rhr,iid,fiarse,1338,12,223,11070279210848263831,rpi5,1.0,4.54811761691235,659.6135484369148,3000
jztd8rhr,iid,fiarse,1338,12,224,5146172768038342476,rpi5,0.5,4.4604504340095446,672.5778134705712,3000
jztd8rhr,iid,fiarse,1338,12,225,4607331661127969008,rpi5,0.5,4.512171674054116,664.8683198936327,3000
jztd8rhr,iid,fiarse,1338,12,226,12985698230708850339,rpi5,1.0,4.597106731962413,652.5843698911381,3000
jztd8rhr,iid,fiarse,1338,12,227,5575900739218494374,rpi5,1.0,4.551987291895784,659.0528065271856,3000
jztd8rhr,iid,fiarse,1338,12,228,6951166869511783319,rpi5,1.0,4.50532834592741,665.8782156714169,3000
jztd8rhr,iid,fiarse,1338,12,229,6391814659263151470,rpi5,1.0,4.624859636998735,648.6683349263385,3000
jztd8rhr,iid,fiarse,1338,12,230,540448293132865548,rpi5,0.5,4.56108855700586,657.7377225864167,3000
jztd8rhr,iid,fiarse,1338,12,231,858041876788140763,rpi4,0.125,17.204099226975814,174.37704586683836,3000
jztd8rhr,iid,fiarse,1338,12,232,17868013009604165683,rpi4,0.25,17.13978050206788,175.03141301243946,3000
jztd8rhr,iid,fiarse,1338,12,233,5985644439303414551,rpi4,0.125,17.20324297505431,174.3857250839375,3000
jztd8rhr,iid,fiarse,1338,12,234,11550078828451977891,rpi4,0.125,17.363167908973992,172.77953054001614,3000
jztd8rhr,iid,fiarse,1338,12,235,13069103717698620626,rpi4,0.25,17.20758875401225,174.34168394456182,3000
jztd8rhr,iid,fiarse,1338,12,236,15962130710492629688,rpi4,0.25,17.44020397902932,172.0163367129937,3000
jztd8rhr,iid,fiarse,1338,12,237,14057236922627077486,rpi4,0.25,17.309172512963414,173.31851061933784,3000
jztd8rhr,iid,fiarse,1338,12,238,8990135320761988123,rpi4,0.125,36.187198414932936,82.90224530788838,3000
jztd8rhr,iid,fiarse,1338,12,239,13895265246681014853,rpi4,0.25,36.66632101498544,81.81895311432818,3000
jztd8rhr,iid,fiarse,1338,12,240,11980157223971496053,rpi4,0.125,37.95475978101604,79.04146982641477,3000
jztd8rhr,iid,fiarse,1338,13,241,12985698230708850339,rpi5,1.0,4.516421211999841,664.2427398111569,3000
jztd8rhr,iid,fiarse,1338,13,242,6951166869511783319,rpi5,1.0,4.534274260047823,661.6273802476957,3000
jztd8rhr,iid,fiarse,1338,13,243,6391814659263151470,rpi5,1.0,4.614284935058095,650.1549085551279,3000
jztd8rhr,iid,fiarse,1338,13,244,5575900739218494374,rpi5,1.0,4.5188542729010805,663.8850953859187,3000
jztd8rhr,iid,fiarse,1338,13,245,2647306348622227798,rpi5,0.5,4.511389550054446,664.9835858142187,3000
jztd8rhr,iid,fiarse,1338,13,246,540448293132865548,rpi5,0.5,4.583576190052554,654.5107740350669,3000
jztd8rhr,iid,fiarse,1338,13,247,4607331661127969008,rpi5,0.5,4.560790952993557,657.7806417614682,3000
jztd8rhr,iid,fiarse,1338,13,248,11070279210848263831,rpi5,1.0,4.596124118892476,652.7238869960952,3000
jztd8rhr,iid,fiarse,1338,13,249,5146172768038342476,rpi5,0.5,4.53806805703789,661.0742638263065,3000
jztd8rhr,iid,fiarse,1338,13,250,1760110631512695882,rpi5,0.5,4.570979354903102,656.3144934754569,3000
jztd8rhr,iid,fiarse,1338,13,251,13069103717698620626,rpi4,0.25,17.14917294192128,174.9355499626736,3000
jztd8rhr,iid,fiarse,1338,13,252,17868013009604165683,rpi4,0.25,17.06843247602228,175.76306460563367,3000
jztd8rhr,iid,fiarse,1338,13,253,14057236922627077486,rpi4,0.25,17.215122716035694,174.2653857009996,3000
jztd8rhr,iid,fiarse,1338,13,254,11550078828451977891,rpi4,0.125,17.356784500996582,172.84307469668403,3000
jztd8rhr,iid,fiarse,1338,13,255,5985644439303414551,rpi4,0.125,17.208918049931526,174.32821699165083,3000
jztd8rhr,iid,fiarse,1338,13,256,15962130710492629688,rpi4,0.25,17.348809857969172,172.9225246319678,3000
jztd8rhr,iid,fiarse,1338,13,257,858041876788140763,rpi4,0.125,17.164813127950765,174.77615268149194,3000
jztd8rhr,iid,fiarse,1338,13,258,8990135320761988123,rpi4,0.125,36.4530121490825,82.29772584308944,3000
jztd8rhr,iid,fiarse,1338,13,259,13895265246681014853,rpi4,0.25,36.524670680984855,82.13626417614309,3000
jztd8rhr,iid,fiarse,1338,13,260,11980157223971496053,rpi4,0.125,37.51726184494328,79.96319167424399,3000
jztd8rhr,iid,fiarse,1338,14,261,6951166869511783319,rpi5,1.0,4.543374226079322,660.3022006815477,3000
jztd8rhr,iid,fiarse,1338,14,262,12985698230708850339,rpi5,1.0,4.575281635043211,655.6973404702039,3000
jztd8rhr,iid,fiarse,1338,14,263,5146172768038342476,rpi5,0.5,4.5810591919580474,654.8703857104567,3000
jztd8rhr,iid,fiarse,1338,14,264,1760110631512695882,rpi5,0.5,4.654541054973379,644.5318592247669,3000
jztd8rhr,iid,fiarse,1338,14,265,11070279210848263831,rpi5,1.0,4.561217771959491,657.7190895034169,3000
jztd8rhr,iid,fiarse,1338,14,266,6391814659263151470,rpi5,1.0,4.581081934040412,654.8671347063349,3000
jztd8rhr,iid,fiarse,1338,14,267,2647306348622227798,rpi5,0.5,4.533944076043554,661.6755631926285,3000
jztd8rhr,iid,fiarse,1338,14,268,4607331661127969008,rpi5,0.5,4.570517593063414,656.380801280153,3000
jztd8rhr,iid,fiarse,1338,14,269,5575900739218494374,rpi5,1.0,4.443780021974817,675.1009242502511,3000
jztd8rhr,iid,fiarse,1338,14,270,540448293132865548,rpi5,0.5,4.486269464017823,668.7070458120127,3000
jztd8rhr,iid,fiarse,1338,14,271,11550078828451977891,rpi4,0.125,17.12791792897042,175.1526374916682,3000
jztd8rhr,iid,fiarse,1338,14,272,14057236922627077486,rpi4,0.25,17.12370221898891,175.19575858269852,3000
jztd8rhr,iid,fiarse,1338,14,273,13069103717698620626,rpi4,0.25,17.296209438005462,173.4484084939451,3000
jztd8rhr,iid,fiarse,1338,14,274,858041876788140763,rpi4,0.125,17.28723824606277,173.53841934140408,3000
jztd8rhr,iid,fiarse,1338,14,275,15962130710492629688,rpi4,0.25,17.295495977043174,173.45556345894846,3000
jztd8rhr,iid,fiarse,1338,14,276,5985644439303414551,rpi4,0.125,17.333634417969733,173.07391673669474,3000
jztd8rhr,iid,fiarse,1338,14,277,17868013009604165683,rpi4,0.25,17.121612887014635,175.21713753236756,3000
jztd8rhr,iid,fiarse,1338,14,278,13895265246681014853,rpi4,0.25,36.248027833062224,82.76312338470639,3000
jztd8rhr,iid,fiarse,1338,14,279,8990135320761988123,rpi4,0.125,36.54643507592846,82.08734979943281,3000
jztd8rhr,iid,fiarse,1338,14,280,11980157223971496053,rpi4,0.125,37.59215887601022,79.80387638536178,3000
jztd8rhr,iid,fiarse,1338,15,281,2647306348622227798,rpi5,0.5,4.476980468956754,670.0945024893248,3000
jztd8rhr,iid,fiarse,1338,15,282,1760110631512695882,rpi5,0.5,4.588593424996361,653.7951224132216,3000
jztd8rhr,iid,fiarse,1338,15,283,540448293132865548,rpi5,0.5,4.5880401929607615,653.8739579053328,3000
jztd8rhr,iid,fiarse,1338,15,284,5575900739218494374,rpi5,1.0,4.601284089032561,651.9919096390248,3000
jztd8rhr,iid,fiarse,1338,15,285,11070279210848263831,rpi5,1.0,4.5507538369856775,659.231438892141,3000
jztd8rhr,iid,fiarse,1338,15,286,5146172768038342476,rpi5,0.5,4.623269579955377,648.8914280505693,3000
jztd8rhr,iid,fiarse,1338,15,287,12985698230708850339,rpi5,1.0,4.540178901981562,660.7669135440124,3000
jztd8rhr,iid,fiarse,1338,15,288,4607331661127969008,rpi5,0.5,4.5188658440019935,663.8833954280756,3000
jztd8rhr,iid,fiarse,1338,15,289,6951166869511783319,rpi5,1.0,4.589488820987754,653.6675688762954,3000
jztd8rhr,iid,fiarse,1338,15,290,6391814659263151470,rpi5,1.0,4.568304338026792,656.6988050747519,3000
jztd8rhr,iid,fiarse,1338,15,291,11550078828451977891,rpi4,0.125,17.169020241010003,174.73332536670821,3000
jztd8rhr,iid,fiarse,1338,15,292,15962130710492629688,rpi4,0.25,17.066440950962715,175.78357483085955,3000
jztd8rhr,iid,fiarse,1338,15,293,5985644439303414551,rpi4,0.125,17.239751421031542,174.01643021025038,3000
jztd8rhr,iid,fiarse,1338,15,294,13069103717698620626,rpi4,0.25,17.228046812000684,174.13465570050954,3000
jztd8rhr,iid,fiarse,1338,15,295,17868013009604165683,rpi4,0.25,16.954579813987948,176.94334114520052,3000
jztd8rhr,iid,fiarse,1338,15,296,14057236922627077486,rpi4,0.25,17.136751578073017,175.062349846898,3000
jztd8rhr,iid,fiarse,1338,15,297,858041876788140763,rpi4,0.125,17.088138940976933,175.5603702873737,3000
jztd8rhr,iid,fiarse,1338,15,298,13895265246681014853,rpi4,0.25,36.35060141899157,82.52958363524168,3000
jztd8rhr,iid,fiarse,1338,15,299,8990135320761988123,rpi4,0.125,36.4548436650075,82.29359114985475,3000
jztd8rhr,iid,fiarse,1338,15,300,11980157223971496053,rpi4,0.125,37.88735733903013,79.18208633964325,3000
jztd8rhr,iid,fiarse,1338,16,301,6951166869511783319,rpi5,1.0,4.542823324911296,660.3822745095591,3000
jztd8rhr,iid,fiarse,1338,16,302,12985698230708850339,rpi5,1.0,4.567955989972688,656.7488843118073,3000
jztd8rhr,iid,fiarse,1338,16,303,540448293132865548,rpi5,0.5,4.676125922938809,641.5567179838877,3000
jztd8rhr,iid,fiarse,1338,16,304,5146172768038342476,rpi5,0.5,4.472396219964139,670.7813557771174,3000
jztd8rhr,iid,fiarse,1338,16,305,1760110631512695882,rpi5,0.5,4.590500029036775,653.5235771754237,3000
jztd8rhr,iid,fiarse,1338,16,306,2647306348622227798,rpi5,0.5,4.557939667021856,658.1921260840627,3000
jztd8rhr,iid,fiarse,1338,16,307,5575900739218494374,rpi5,1.0,4.538342960993759,661.0342201513768,3000
jztd8rhr,iid,fiarse,1338,16,308,11070279210848263831,rpi5,1.0,4.562268394976854,657.5676265129553,3000
jztd8rhr,iid,fiarse,1338,16,309,4607331661127969008,rpi5,0.5,4.532323835999705,661.9121026108858,3000
jztd8rhr,iid,fiarse,1338,16,310,6391814659263151470,rpi5,1.0,4.561208690050989,657.7203991002796,3000
jztd8rhr,iid,fiarse,1338,16,311,15962130710492629688,rpi4,0.25,17.177876106929034,174.6432435142486,3000
jztd8rhr,iid,fiarse,1338,16,312,858041876788140763,rpi4,0.125,17.09155494510196,175.52528190887216,3000
jztd8rhr,iid,fiarse,1338,16,313,11550078828451977891,rpi4,0.125,17.09371789591387,175.5030718458931,3000
jztd8rhr,iid,fiarse,1338,16,314,14057236922627077486,rpi4,0.25,17.296545641031116,173.4450370762678,3000
jztd8rhr,iid,fiarse,1338,16,315,13069103717698620626,rpi4,0.25,17.180755940033123,174.61396986669587,3000
jztd8rhr,iid,fiarse,1338,16,316,5985644439303414551,rpi4,0.125,17.11579328798689,175.27671370661028,3000
jztd8rhr,iid,fiarse,1338,16,317,17868013009604165683,rpi4,0.25,17.18141758197453,174.60724562956773,3000
jztd8rhr,iid,fiarse,1338,16,318,13895265246681014853,rpi4,0.25,36.48428547009826,82.22718250734926,3000
jztd8rhr,iid,fiarse,1338,16,319,8990135320761988123,rpi4,0.125,36.59467728098389,81.97913529787908,3000
jztd8rhr,iid,fiarse,1338,16,320,11980157223971496053,rpi4,0.125,37.428626467008144,80.1525538919891,3000
jztd8rhr,iid,fiarse,1338,17,321,2647306348622227798,rpi5,0.5,4.439857007004321,675.6974369370902,3000
jztd8rhr,iid,fiarse,1338,17,322,6391814659263151470,rpi5,1.0,4.564054107060656,657.3103494454541,3000
jztd8rhr,iid,fiarse,1338,17,323,12985698230708850339,rpi5,1.0,4.570423924014904,656.3942535476316,3000
jztd8rhr,iid,fiarse,1338,17,324,1760110631512695882,rpi5,0.5,4.644151647924446,645.9737380325971,3000
jztd8rhr,iid,fiarse,1338,17,325,540448293132865548,rpi5,0.5,4.576766280923039,655.4846404337173,3000
jztd8rhr,iid,fiarse,1338,17,326,11070279210848263831,rpi5,1.0,4.557960560894571,658.1891089051466,3000
jztd8rhr,iid,fiarse,1338,17,327,5146172768038342476,rpi5,0.5,4.549533578916453,659.4082553654873,3000
jztd8rhr,iid,fiarse,1338,17,328,6951166869511783319,rpi5,1.0,4.594375709071755,652.9722839332437,3000
jztd8rhr,iid,fiarse,1338,17,329,4607331661127969008,rpi5,0.5,4.606456445995718,651.2598208993874,3000
jztd8rhr,iid,fiarse,1338,17,330,5575900739218494374,rpi5,1.0,4.557517927954905,658.2530332132319,3000
jztd8rhr,iid,fiarse,1338,17,331,13069103717698620626,rpi4,0.25,17.092632528976537,175.51421613459516,3000
jztd8rhr,iid,fiarse,1338,17,332,11550078828451977891,rpi4,0.125,17.18363403202966,174.58472372072816,3000
jztd8rhr,iid,fiarse,1338,17,333,17868013009604165683,rpi4,0.25,17.236642646952532,174.04781554315076,3000
jztd8rhr,iid,fiarse,1338,17,334,15962130710492629688,rpi4,0.25,17.321444521076046,173.19571680928337,3000
jztd8rhr,iid,fiarse,1338,17,335,858041876788140763,rpi4,0.125,17.016507138032466,176.29940008633727,3000
jztd8rhr,iid,fiarse,1338,17,336,5985644439303414551,rpi4,0.125,17.002207123092376,176.4476798971237,3000
jztd8rhr,iid,fiarse,1338,17,337,14057236922627077486,rpi4,0.25,17.04824189597275,175.971224382303,3000
jztd8rhr,iid,fiarse,1338,17,338,13895265246681014853,rpi4,0.25,36.68559713102877,81.77596208356637,3000
jztd8rhr,iid,fiarse,1338,17,339,8990135320761988123,rpi4,0.125,36.49384726805147,82.2056380617987,3000
jztd8rhr,iid,fiarse,1338,17,340,11980157223971496053,rpi4,0.125,37.50171821808908,79.99633463602048,3000
jztd8rhr,iid,fiarse,1338,18,341,11070279210848263831,rpi5,1.0,4.6407047850079834,646.4535321642613,3000
jztd8rhr,iid,fiarse,1338,18,342,6951166869511783319,rpi5,1.0,4.4782362340483814,669.9065978678759,3000
jztd8rhr,iid,fiarse,1338,18,343,540448293132865548,rpi5,0.5,4.608031049952842,651.0372798010337,3000
jztd8rhr,iid,fiarse,1338,18,344,12985698230708850339,rpi5,1.0,4.58525149396155,654.2716367795281,3000
jztd8rhr,iid,fiarse,1338,18,345,5146172768038342476,rpi5,0.5,4.586950420984067,654.0293058926046,3000
jztd8rhr,iid,fiarse,1338,18,346,4607331661127969008,rpi5,0.5,4.686641043052077,640.117297749416,3000
jztd8rhr,iid,fiarse,1338,18,347,2647306348622227798,rpi5,0.5,4.49954656988848,666.733848267372,3000
jztd8rhr,iid,fiarse,1338,18,348,1760110631512695882,rpi5,0.5,4.535267075058073,661.4825434424026,3000
jztd8rhr,iid,fiarse,1338,18,349,5575900739218494374,rpi5,1.0,4.521218372043222,663.5379566159386,3000
jztd8rhr,iid,fiarse,1338,18,350,6391814659263151470,rpi5,1.0,4.544062067056075,660.2022498217297,3000
jztd8rhr,iid,fiarse,1338,18,351,14057236922627077486,rpi4,0.25,17.146894123987295,174.95879885344436,3000
jztd8rhr,iid,fiarse,1338,18,352,13069103717698620626,rpi4,0.25,17.186133636976592,174.5593315732976,3000
jztd8rhr,iid,fiarse,1338,18,353,17868013009604165683,rpi4,0.25,17.10284247098025,175.40943881640365,3000
jztd8rhr,iid,fiarse,1338,18,354,11550078828451977891,rpi4,0.125,17.19168573396746,174.50295720986674,3000
jztd8rhr,iid,fiarse,1338,18,355,858041876788140763,rpi4,0.125,17.098303218954243,175.45600645766794,3000
jztd8rhr,iid,fiarse,1338,18,356,15962130710492629688,rpi4,0.25,17.14490883704275,174.97905812822373,3000
jztd8rhr,iid,fiarse,1338,18,357,5985644439303414551,rpi4,0.125,17.235233735991642,174.06204325127436,3000
jztd8rhr,iid,fiarse,1338,18,358,8990135320761988123,rpi4,0.125,35.95576829300262,83.43584749887913,3000
jztd8rhr,iid,fiarse,1338,18,359,13895265246681014853,rpi4,0.25,36.719718924025074,81.69997178374784,3000
jztd8rhr,iid,fiarse,1338,18,360,11980157223971496053,rpi4,0.125,38.161013955948874,78.61426332809309,3000
jztd8rhr,iid,fiarse,1338,19,361,2647306348622227798,rpi5,0.5,4.5125998459989205,664.8052347606089,3000
jztd8rhr,iid,fiarse,1338,19,362,1760110631512695882,rpi5,0.5,4.607397896004841,651.1267460970442,3000
jztd8rhr,iid,fiarse,1338,19,363,5146172768038342476,rpi5,0.5,4.536280583939515,661.3347531061806,3000
jztd8rhr,iid,fiarse,1338,19,364,5575900739218494374,rpi5,1.0,4.571523969061673,656.2363055083717,3000
jztd8rhr,iid,fiarse,1338,19,365,6391814659263151470,rpi5,1.0,4.51346016000025,664.6785157398696,3000
jztd8rhr,iid,fiarse,1338,19,366,540448293132865548,rpi5,0.5,4.541712826001458,660.5437452638793,3000
jztd8rhr,iid,fiarse,1338,19,367,11070279210848263831,rpi5,1.0,4.560348156024702,657.8445104101719,3000
jztd8rhr,iid,fiarse,1338,19,368,6951166869511783319,rpi5,1.0,4.576615999918431,655.5061643916529,3000
jztd8rhr,iid,fiarse,1338,19,369,12985698230708850339,rpi5,1.0,4.614848973928019,650.075444927614,3000
jztd8rhr,iid,fiarse,1338,19,370,4607331661127969008,rpi5,0.5,4.570610899012536,656.3674017073165,3000
jztd8rhr,iid,fiarse,1338,19,371,13069103717698620626,rpi4,0.25,17.119132747058757,175.24252217247576,3000
jztd8rhr,iid,fiarse,1338,19,372,15962130710492629688,rpi4,0.25,17.052948912023567,175.92265217453283,3000
jztd8rhr,iid,fiarse,1338,19,373,11550078828451977891,rpi4,0.125,17.13940724101849,175.03522483673294,3000
jztd8rhr,iid,fiarse,1338,19,374,14057236922627077486,rpi4,0.25,17.2159424519632,174.25708806652628,3000
jztd8rhr,iid,fiarse,1338,19,375,5985644439303414551,rpi4,0.125,17.202040703967214,174.3979131097002,3000
jztd8rhr,iid,fiarse,1338,19,376,17868013009604165683,rpi4,0.25,16.98084217705764,176.66968273536042,3000
jztd8rhr,iid,fiarse,1338,19,377,858041876788140763,rpi4,0.125,17.00294480798766,176.44002458860285,3000
jztd8rhr,iid,fiarse,1338,19,378,13895265246681014853,rpi4,0.25,36.862733216024935,81.38300495568903,3000
jztd8rhr,iid,fiarse,1338,19,379,8990135320761988123,rpi4,0.125,36.58331736200489,82.00459160972026,3000
jztd8rhr,iid,fiarse,1338,19,380,11980157223971496053,rpi4,0.125,38.182639720034786,78.56973802745944,3000
jztd8rhr,iid,fiarse,1338,20,381,5575900739218494374,rpi5,1.0,4.5025657010264695,666.2867794058124,3000
jztd8rhr,iid,fiarse,1338,20,382,6391814659263151470,rpi5,1.0,4.575645194971003,655.6452417458501,3000
jztd8rhr,iid,fiarse,1338,20,383,5146172768038342476,rpi5,0.5,4.515789901954122,664.3356013311884,3000
jztd8rhr,iid,fiarse,1338,20,384,1760110631512695882,rpi5,0.5,4.652092568925582,644.871088773898,3000
jztd8rhr,iid,fiarse,1338,20,385,6951166869511783319,rpi5,1.0,4.584647851996124,654.3577820690897,3000
jztd8rhr,iid,fiarse,1338,20,386,2647306348622227798,rpi5,0.5,4.537782580009662,661.1158527550283,3000
jztd8rhr,iid,fiarse,1338,20,387,4607331661127969008,rpi5,0.5,4.621143530937843,649.1899634615248,3000
jztd8rhr,iid,fiarse,1338,20,388,540448293132865548,rpi5,0.5,4.639944168040529,646.5595040267294,3000
jztd8rhr,iid,fiarse,1338,20,389,12985698230708850339,rpi5,1.0,4.590743388980627,653.4889332305173,3000
jztd8rhr,iid,fiarse,1338,20,390,11070279210848263831,rpi5,1.0,4.531573705025949,662.0216717809782,3000
jztd8rhr,iid,fiarse,1338,20,391,858041876788140763,rpi4,0.125,17.085152085055597,175.59106205581298,3000
jztd8rhr,iid,fiarse,1338,20,392,15962130710492629688,rpi4,0.25,17.051803361042403,175.93447077005266,3000
jztd8rhr,iid,fiarse,1338,20,393,14057236922627077486,rpi4,0.25,17.198835024028085,174.43041902598466,3000
jztd8rhr,iid,fiarse,1338,20,394,13069103717698620626,rpi4,0.25,17.12997091806028,175.13164583584162,3000
jztd8rhr,iid,fiarse,1338,20,395,17868013009604165683,rpi4,0.25,17.09741266700439,175.46514542458107,3000
jztd8rhr,iid,fiarse,1338,20,396,5985644439303414551,rpi4,0.125,17.20930138998665,174.3243338015784,3000
jztd8rhr,iid,fiarse,1338,20,397,11550078828451977891,rpi4,0.125,17.31666796898935,173.24349033961923,3000
jztd8rhr,iid,fiarse,1338,20,398,8990135320761988123,rpi4,0.125,36.45627347193658,82.2903636135314,3000
jztd8rhr,iid,fiarse,1338,20,399,13895265246681014853,rpi4,0.25,36.44423718203325,82.31754131703924,3000
jztd8rhr,iid,fiarse,1338,20,400,11980157223971496053,rpi4,0.125,38.196074922103435,78.54210167191681,3000
qxd817p7,noniid,heterofl,1338,1,1,5456553552002845634,rpi5,0.5,6.895446565002203,455.6630191215174,3142
qxd817p7,noniid,heterofl,1338,1,2,4781677176057461415,rpi5,0.5,6.689903366961516,239.91377931202825,1605
qxd817p7,noniid,heterofl,1338,1,3,3492914638805804457,rpi5,0.5,9.026525010936894,468.840444675259,4232
qxd817p7,noniid,heterofl,1338,1,4,14249386973855670077,rpi5,1.0,9.279519296018407,400.0207210725581,3712
qxd817p7,noniid,heterofl,1338,1,5,12385057783170920731,rpi4,0.125,11.516785840969533,183.4713286482471,2113
qxd817p7,noniid,heterofl,1338,1,6,5800844179565528937,rpi4,0.125,14.369156155968085,222.9080097142424,3203
qxd817p7,noniid,heterofl,1338,1,7,6594256102096379677,rpi4,0.125,12.950432799058035,252.9645187022849,3276
qxd817p7,noniid,heterofl,1338,1,8,14803709558987049890,rpi4,0.25,16.803343135048635,239.05957092676923,4017
qxd817p7,noniid,heterofl,1338,1,9,7305942403874825905,rpi4,0.125,15.60935776901897,270.09439224769403,4216
qxd817p7,noniid,heterofl,1338,1,10,18400052694735524784,rpi4,0.25,28.301639434997924,145.43327108146738,4116
qxd817p7,noniid,heterofl,1338,2,11,5456553552002845634,rpi5,0.5,2.6170528130605817,1200.5871583177968,3142
qxd817p7,noniid,heterofl,1338,2,12,8418905034627799253,rpi5,1.0,0.7899761330336332,594.9546832448289,470
qxd817p7,noniid,heterofl,1338,2,13,3492914638805804457,rpi5,0.5,3.59008320805151,1178.802761593062,4232
qxd817p7,noniid,heterofl,1338,2,14,12385057783170920731,rpi4,0.125,5.225281937979162,404.3800937595315,2113
qxd817p7,noniid,heterofl,1338,2,15,6594256102096379677,rpi4,0.125,7.779653287027031,421.0984576218708,3276
qxd817p7,noniid,heterofl,1338,2,16,16736405212425438585,rpi4,0.25,8.834829748026095,167.85835633463523,1483
qxd817p7,noniid,heterofl,1338,2,17,5800844179565528937,rpi4,0.125,7.749686087016016,413.3070635424023,3203
qxd817p7,noniid,heterofl,1338,2,18,14803709558987049890,rpi4,0.25,10.361514932941645,387.68462198795186,4017
qxd817p7,noniid,heterofl,1338,2,19,16828942401831768519,rpi4,0.25,10.277355411904864,238.87468143373044,2455
qxd817p7,noniid,heterofl,1338,2,20,1386240883052447132,rpi4,0.125,9.207723921979778,417.36698803776756,3843
qxd817p7,noniid,heterofl,1338,3,21,4781677176057461415,rpi5,0.5,1.4044750600587577,1142.7757214377684,1605
qxd817p7,noniid,heterofl,1338,3,22,2001361708585069527,rpi5,0.5,4.124211541027762,1212.3529431649836,5000
qxd817p7,noniid,heterofl,1338,3,23,17937529697295205707,rpi5,1.0,7.14539338205941,695.133176638126,4967
qxd817p7,noniid,heterofl,1338,3,24,16828942401831768519,rpi4,0.25,6.555258706910536,374.50848391566086,2455
qxd817p7,noniid,heterofl,1338,3,25,1386240883052447132,rpi4,0.125,8.983688636915758,427.77528867244473,3843
qxd817p7,noniid,heterofl,1338,3,26,6594256102096379677,rpi4,0.125,7.813695959048346,419.26381793834145,3276
qxd817p7,noniid,heterofl,1338,3,27,14803709558987049890,rpi4,0.25,10.399332314962521,386.27479902919873,4017
qxd817p7,noniid,heterofl,1338,3,28,16736405212425438585,rpi4,0.25,8.809420299017802,168.34251853840436,1483
qxd817p7,noniid,heterofl,1338,3,29,18400052694735524784,rpi4,0.25,22.715059992973693,181.20137042443105,4116
qxd817p7,noniid,heterofl,1338,3,30,14210982637956511440,rpi4,0.25,11.91908489598427,92.03726708663656,1097
qxd817p7,noniid,heterofl,1338,4,31,4781677176057461415,rpi5,0.5,1.399861422018148,1146.5420610606645,1605
qxd817p7,noniid,heterofl,1338,4,32,14249386973855670077,rpi5,1.0,5.381679450976662,689.7475098273179,3712
qxd817p7,noniid,heterofl,1338,4,33,5456553552002845634,rpi5,0.5,2.6298493130598217,1194.7452595085354,3142
qxd817p7,noniid,heterofl,1338,4,34,3492914638805804457,rpi5,0.5,3.5579525739885867,1189.4481199494414,4232
qxd817p7,noniid,heterofl,1338,4,35,2001361708585069527,rpi5,0.5,4.128826956031844,1210.997712726965,5000
qxd817p7,noniid,heterofl,1338,4,36,17937529697295205707,rpi5,1.0,7.210409661987796,688.8651592412679,4967
qxd817p7,noniid,heterofl,1338,4,37,16828942401831768519,rpi4,0.25,6.4706241730600595,379.4069836757328,2455
qxd817p7,noniid,heterofl,1338,4,38,6594256102096379677,rpi4,0.125,7.535682104993612,434.73171431012446,3276
qxd817p7,noniid,heterofl,1338,4,39,7305942403874825905,rpi4,0.125,9.816415440989658,429.4846754748755,4216
qxd817p7,noniid,heterofl,1338,4,40,18400052694735524784,rpi4,0.25,23.283510431996547,176.77746712728214,4116
qxd817p7,noniid,heterofl,1338,5,41,5846125770112215803,rpi5,0.5,0.6232230620225891,1002.85120703275,625
qxd817p7,noniid,heterofl,1338,5,42,4781677176057461415,rpi5,0.5,1.4171320209279656,1132.5691440865296,1605
qxd817p7,noniid,heterofl,1338,5,43,5456553552002845634,rpi5,0.5,2.6300046880496666,1194.6746765421221,3142
qxd817p7,noniid,heterofl,1338,5,44,9954938321806138933,rpi5,1.0,2.9008602099493146,663.9409901222549,1926
qxd817p7,noniid,heterofl,1338,5,45,3492914638805804457,rpi5,0.5,3.472091036965139,1218.8620502586466,4232
qxd817p7,noniid,heterofl,1338,5,46,2001361708585069527,rpi5,0.5,4.095603012945503,1220.8214478297464,5000
qxd817p7,noniid,heterofl,1338,5,47,14249386973855670077,rpi5,1.0,5.451888380921446,680.8650032142845,3712
qxd817p7,noniid,heterofl,1338,5,48,12385057783170920731,rpi4,0.125,5.1244709769962355,412.33524582054673,2113
qxd817p7,noniid,heterofl,1338,5,49,14803709558987049890,rpi4,0.25,10.306212170049548,389.764923690746,4017
qxd817p7,noniid,heterofl,1338,5,50,1386240883052447132,rpi4,0.125,10.494280928978696,366.1994591156805,3843
qxd817p7,noniid,heterofl,1338,6,51,4781677176057461415,rpi5,0.5,1.4332362560089678,1119.8432870162876,1605
qxd817p7,noniid,heterofl,1338,6,52,5456553552002845634,rpi5,0.5,2.643885456956923,1188.4024671841873,3142
qxd817p7,noniid,heterofl,1338,6,53,9954938321806138933,rpi5,1.0,2.888392732013017,666.8068295053861,1926
qxd817p7,noniid,heterofl,1338,6,54,3492914638805804457,rpi5,0.5,3.496447879006155,1210.371252896503,4232
qxd817p7,noniid,heterofl,1338,6,55,17937529697295205707,rpi5,1.0,7.3113986540120095,679.3501811413936,4967
qxd817p7,noniid,heterofl,1338,6,56,12385057783170920731,rpi4,0.125,5.319826952065341,397.1933709572377,2113
qxd817p7,noniid,heterofl,1338,6,57,5800844179565528937,rpi4,0.125,7.425623108050786,431.3442728499565,3203
qxd817p7,noniid,heterofl,1338,6,58,14803709558987049890,rpi4,0.25,10.370816142996773,387.33692166673,4017
qxd817p7,noniid,heterofl,1338,6,59,6594256102096379677,rpi4,0.125,7.783305183984339,420.900879839712,3276
qxd817p7,noniid,heterofl,1338,6,60,16736405212425438585,rpi4,0.25,8.830092843971215,167.9484039641242,1483
qxd817p7,noniid,heterofl,1338,7,61,5456553552002845634,rpi5,0.5,2.6041420339606702,1206.5394126069596,3142
qxd817p7,noniid,heterofl,1338,7,62,3492914638805804457,rpi5,0.5,3.5484968760283664,1192.6176485004096,4232
qxd817p7,noniid,heterofl,1338,7,63,8418905034627799253,rpi5,1.0,0.7819771229987964,601.040601031398,470
qxd817p7,noniid,heterofl,1338,7,64,4781677176057461415,rpi5,0.5,1.4436021000146866,1111.802206427707,1605
qxd817p7,noniid,heterofl,1338,7,65,14249386973855670077,rpi5,1.0,5.359888751991093,692.5516874993095,3712
qxd817p7,noniid,heterofl,1338,7,66,17937529697295205707,rpi5,1.0,7.081287845037878,701.4260836015249,4967
qxd817p7,noniid,heterofl,1338,7,67,6594256102096379677,rpi4,0.125,7.78038385999389,421.0589167515152,3276
qxd817p7,noniid,heterofl,1338,7,68,16736405212425438585,rpi4,0.25,8.748721831012517,169.51047577522164,1483
qxd817p7,noniid,heterofl,1338,7,69,7305942403874825905,rpi4,0.125,9.872394051984884,427.0494044099016,4216
qxd817p7,noniid,heterofl,1338,7,70,14210982637956511440,rpi4,0.25,6.943269013077952,157.994742524559,1097
qxd817p7,noniid,heterofl,1338,8,71,5456553552002845634,rpi5,0.5,2.6402016889769584,1190.0605976877023,3142
qxd817p7,noniid,heterofl,1338,8,72,8418905034627799253,rpi5,1.0,0.7828984219813719,600.333308643689,470
qxd817p7,noniid,heterofl,1338,8,73,2001361708585069527,rpi5,0.5,4.101489595021121,1219.069287916663,5000
qxd817p7,noniid,heterofl,1338,8,74,14874912807428489912,rpi5,1.0,5.039153088000603,686.2264232921011,3458
qxd817p7,noniid,heterofl,1338,8,75,9954938321806138933,rpi5,1.0,2.824938095989637,681.7848514040732,1926
qxd817p7,noniid,heterofl,1338,8,76,14249386973855670077,rpi5,1.0,5.385433465940878,689.2667087015036,3712
qxd817p7,noniid,heterofl,1338,8,77,16828942401831768519,rpi4,0.25,6.469023037934676,379.50088994949573,2455
qxd817p7,noniid,heterofl,1338,8,78,6594256102096379677,rpi4,0.125,7.729977810988203,423.80458005237085,3276
qxd817p7,noniid,heterofl,1338,8,79,14803709558987049890,rpi4,0.25,10.379970417008735,386.9953225895229,4017
qxd817p7,noniid,heterofl,1338,8,80,14210982637956511440,rpi4,0.25,6.924760007997975,158.41704242933827,1097
qxd817p7,noniid,heterofl,1338,9,81,8418905034627799253,rpi5,1.0,0.7802075890358537,602.4037789491452,470
qxd817p7,noniid,heterofl,1338,9,82,5846125770112215803,rpi5,0.5,0.6154368439456448,1015.5388097876048,625
qxd817p7,noniid,heterofl,1338,9,83,5456553552002845634,rpi5,0.5,2.6139253840083256,1202.0235999169563,3142
qxd817p7,noniid,heterofl,1338,9,84,3492914638805804457,rpi5,0.5,3.568682619021274,1185.8717772892462,4232
qxd817p7,noniid,heterofl,1338,9,85,16828942401831768519,rpi4,0.25,6.45345458004158,380.416406368228,2455
qxd817p7,noniid,heterofl,1338,9,86,6594256102096379677,rpi4,0.125,7.905933487927541,414.372319853499,3276
qxd817p7,noniid,heterofl,1338,9,87,14803709558987049890,rpi4,0.25,10.34985843906179,388.1212505128852,4017
qxd817p7,noniid,heterofl,1338,9,88,1386240883052447132,rpi4,0.125,9.0963817210868,422.475674156389,3843
qxd817p7,noniid,heterofl,1338,9,89,16736405212425438585,rpi4,0.25,8.80607409705408,168.40648666539295,1483
qxd817p7,noniid,heterofl,1338,9,90,14210982637956511440,rpi4,0.25,6.940806851023808,158.05078912953562,1097
qxd817p7,noniid,heterofl,1338,10,91,4781677176057461415,rpi5,0.5,1.3794780289754272,1163.4835541324812,1605
qxd817p7,noniid,heterofl,1338,10,92,9954938321806138933,rpi5,1.0,2.8725774529157206,670.4780050560772,1926
qxd817p7,noniid,heterofl,1338,10,93,3492914638805804457,rpi5,0.5,3.4770970010431483,1217.1072589376645,4232
qxd817p7,noniid,heterofl,1338,10,94,14249386973855670077,rpi5,1.0,5.370972218923271,691.122547035656,3712
qxd817p7,noniid,heterofl,1338,10,95,17937529697295205707,rpi5,1.0,7.082448310917243,701.3111542718378,4967
qxd817p7,noniid,heterofl,1338,10,96,14874912807428489912,rpi5,1.0,5.087500960915349,679.70503132403,3458
qxd817p7,noniid,heterofl,1338,10,97,12385057783170920731,rpi4,0.125,5.043841108912602,418.9267572815235,2113
qxd817p7,noniid,heterofl,1338,10,98,6594256102096379677,rpi4,0.125,7.622186974040233,429.7979059235169,3276
qxd817p7,noniid,heterofl,1338,10,99,16736405212425438585,rpi4,0.25,8.858266741968691,167.4142406407614,1483
qxd817p7,noniid,heterofl,1338,10,100,7305942403874825905,rpi4,0.125,9.969384585041553,422.89470970212625,4216
qxd817p7,noniid,heterofl,1338,11,101,5456553552002845634,rpi5,0.5,2.6361011419212446,1191.9117783584154,3142
qxd817p7,noniid,heterofl,1338,11,102,4781677176057461415,rpi5,0.5,1.4137819680618122,1135.2528439730584,1605
qxd817p7,noniid,heterofl,1338,11,103,8418905034627799253,rpi5,1.0,0.785491372924298,598.3515748241024,470
qxd817p7,noniid,heterofl,1338,11,104,2001361708585069527,rpi5,0.5,4.079876238945872,1225.5273707253098,5000
qxd817p7,noniid,heterofl,1338,11,105,14249386973855670077,rpi5,1.0,5.3628492129500955,692.1693772475162,3712
qxd817p7,noniid,heterofl,1338,11,106,3492914638805804457,rpi5,0.5,3.42694588098675,1234.9188306357041,4232
qxd817p7,noniid,heterofl,1338,11,107,14874912807428489912,rpi5,1.0,5.0297797380480915,687.5052547215412,3458
qxd817p7,noniid,heterofl,1338,11,108,5800844179565528937,rpi4,0.125,7.683813011040911,416.8503313911456,3203
qxd817p7,noniid,heterofl,1338,11,109,14803709558987049890,rpi4,0.25,10.474746976047754,383.4937501770245,4017
qxd817p7,noniid,heterofl,1338,11,110,18400052694735524784,rpi4,0.25,22.60895946295932,182.05172187350416,4116
qxd817p7,noniid,heterofl,1338,12,111,5846125770112215803,rpi5,0.5,0.6366484649479389,981.7034586757521,625
qxd817p7,noniid,heterofl,1338,12,112,9954938321806138933,rpi5,1.0,2.889325403026305,666.5915850055139,1926
qxd817p7,noniid,heterofl,1338,12,113,14249386973855670077,rpi5,1.0,5.360117878997698,692.522083244579,3712
qxd817p7,noniid,heterofl,1338,12,114,3492914638805804457,rpi5,0.5,3.487827750039287,1213.362672497898,4232
qxd817p7,noniid,heterofl,1338,12,115,14874912807428489912,rpi5,1.0,5.054765140055679,684.106957333711,3458
qxd817p7,noniid,heterofl,1338,12,116,16828942401831768519,rpi4,0.25,6.588545480975881,372.61638507143925,2455
qxd817p7,noniid,heterofl,1338,12,117,1386240883052447132,rpi4,0.125,8.971730040037073,428.34547883744835,3843
qxd817p7,noniid,heterofl,1338,12,118,7305942403874825905,rpi4,0.125,9.941693752072752,424.07260826365757,4216
qxd817p7,noniid,heterofl,1338,12,119,16736405212425438585,rpi4,0.25,8.8265296430327,168.0162034204031,1483
qxd817p7,noniid,heterofl,1338,12,120,5800844179565528937,rpi4,0.125,7.874637194094248,406.74889789235726,3203
qxd817p7,noniid,heterofl,1338,13,121,4781677176057461415,rpi5,0.5,1.4202383920783177,1130.0919683288591,1605
qxd817p7,noniid,heterofl,1338,13,122,2001361708585069527,rpi5,0.5,4.228859237977304,1182.35195796953,5000
qxd817p7,noniid,heterofl,1338,13,123,9954938321806138933,rpi5,1.0,2.86742169293575,671.6835562571563,1926
qxd817p7,noniid,heterofl,1338,13,124,14874912807428489912,rpi5,1.0,5.0502287140116096,684.7214642786276,3458
qxd817p7,noniid,heterofl,1338,13,125,12385057783170920731,rpi4,0.125,4.967822493053973,425.3372585180739,2113
qxd817p7,noniid,heterofl,1338,13,126,16828942401831768519,rpi4,0.25,6.509211978991516,377.1577892874765,2455
qxd817p7,noniid,heterofl,1338,13,127,5800844179565528937,rpi4,0.125,7.518931474070996,425.9913806962508,3203
qxd817p7,noniid,heterofl,1338,13,128,1386240883052447132,rpi4,0.125,9.140844393987209,420.4206782611792,3843
qxd817p7,noniid,heterofl,1338,13,129,16736405212425438585,rpi4,0.25,8.765109303989448,169.19355464569176,1483
qxd817p7,noniid,heterofl,1338,13,130,18400052694735524784,rpi4,0.25,22.763101169024594,180.81894771003084,4116
qxd817p7,noniid,heterofl,1338,14,131,8418905034627799253,rpi5,1.0,0.7791495779529214,603.2217860334885,470
qxd817p7,noniid,heterofl,1338,14,132,5846125770112215803,rpi5,0.5,0.6139055419480428,1018.0719301160766,625
qxd817p7,noniid,heterofl,1338,14,133,2001361708585069527,rpi5,0.5,4.087427699007094,1223.2632276809657,5000
qxd817p7,noniid,heterofl,1338,14,134,5456553552002845634,rpi5,0.5,2.6349418569589034,1192.4361790761916,3142
qxd817p7,noniid,heterofl,1338,14,135,3492914638805804457,rpi5,0.5,3.5160907470854,1203.6094357086888,4232
qxd817p7,noniid,heterofl,1338,14,136,5800844179565528937,rpi4,0.125,7.525467577972449,425.6213938620102,3203
qxd817p7,noniid,heterofl,1338,14,137,16828942401831768519,rpi4,0.25,6.494022763916291,378.039943691156,2455
qxd817p7,noniid,heterofl,1338,14,138,1386240883052447132,rpi4,0.125,8.951794382999651,429.2994047426111,3843
qxd817p7,noniid,heterofl,1338,14,139,6594256102096379677,rpi4,0.125,7.788272003992461,420.6324584350215,3276
qxd817p7,noniid,heterofl,1338,14,140,18400052694735524784,rpi4,0.25,22.685602728975937,181.43666047464998,4116
qxd817p7,noniid,heterofl,1338,15,141,5456553552002845634,rpi5,0.5,2.640161721035838,1190.0786133537574,3142
qxd817p7,noniid,heterofl,1338,15,142,5846125770112215803,rpi5,0.5,0.6208250459749252,1006.7248479296105,625
qxd817p7,noniid,heterofl,1338,15,143,8418905034627799253,rpi5,1.0,0.783185989013873,600.1128807114993,470
qxd817p7,noniid,heterofl,1338,15,144,2001361708585069527,rpi5,0.5,4.125516789034009,1211.9693739437555,5000
qxd817p7,noniid,heterofl,1338,15,145,14249386973855670077,rpi5,1.0,5.4807988869724795,677.2735282849358,3712
qxd817p7,noniid,heterofl,1338,15,146,3492914638805804457,rpi5,0.5,3.443606647080742,1228.9440791931347,4232
qxd817p7,noniid,heterofl,1338,15,147,14874912807428489912,rpi5,1.0,5.134557853918523,673.4757107393327,3458
qxd817p7,noniid,heterofl,1338,15,148,17937529697295205707,rpi5,1.0,7.285098584950902,681.80271578761,4967
qxd817p7,noniid,heterofl,1338,15,149,12385057783170920731,rpi4,0.125,5.111892899964005,413.34981803215766,2113
qxd817p7,noniid,heterofl,1338,15,150,18400052694735524784,rpi4,0.25,23.106084274942987,178.1348994932702,4116
qxd817p7,noniid,heterofl,1338,16,151,9954938321806138933,rpi5,1.0,2.855281418072991,674.539464939972,1926
qxd817p7,noniid,heterofl,1338,16,152,8418905034627799253,rpi5,1.0,0.778672344982624,603.5914888058443,470
qxd817p7,noniid,heterofl,1338,16,153,5846125770112215803,rpi5,0.5,0.6220397590659559,1004.7589256006548,625
qxd817p7,noniid,heterofl,1338,16,154,2001361708585069527,rpi5,0.5,4.1201791749335825,1213.5394573175572,5000
qxd817p7,noniid,heterofl,1338,16,155,14249386973855670077,rpi5,1.0,5.3461015520151705,694.3377270117121,3712
qxd817p7,noniid,heterofl,1338,16,156,5800844179565528937,rpi4,0.125,7.843798323068768,408.3480818954655,3203
qxd817p7,noniid,heterofl,1338,16,157,6594256102096379677,rpi4,0.125,7.532114382018335,434.93763289374664,3276
qxd817p7,noniid,heterofl,1338,16,158,7305942403874825905,rpi4,0.125,9.755725330091082,432.15648835417124,4216
qxd817p7,noniid,heterofl,1338,16,159,14803709558987049890,rpi4,0.25,10.496373486937955,382.7036075839805,4017
qxd817p7,noniid,heterofl,1338,16,160,18400052694735524784,rpi4,0.25,23.109894062043168,178.10553302190692,4116
qxd817p7,noniid,heterofl,1338,17,161,5456553552002845634,rpi5,0.5,2.627239482011646,1195.9320882290517,3142
qxd817p7,noniid,heterofl,1338,17,162,8418905034627799253,rpi5,1.0,0.790827869088389,594.3139061876803,470
qxd817p7,noniid,heterofl,1338,17,163,5846125770112215803,rpi5,0.5,0.6196287599159405,1008.6684809220092,625
qxd817p7,noniid,heterofl,1338,17,164,4781677176057461415,rpi5,0.5,1.4364101820392534,1117.3688547107079,1605
qxd817p7,noniid,heterofl,1338,17,165,14249386973855670077,rpi5,1.0,5.343684908002615,694.6517363778261,3712
qxd817p7,noniid,heterofl,1338,17,166,2001361708585069527,rpi5,0.5,4.0587962629506364,1231.8923336065984,5000
qxd817p7,noniid,heterofl,1338,17,167,16828942401831768519,rpi4,0.25,6.493184605031274,378.0887421709421,2455
qxd817p7,noniid,heterofl,1338,17,168,12385057783170920731,rpi4,0.125,5.361153805977665,394.13157623719235,2113
qxd817p7,noniid,heterofl,1338,17,169,6594256102096379677,rpi4,0.125,7.6579025919782,427.79337562110976,3276
qxd817p7,noniid,heterofl,1338,17,170,14803709558987049890,rpi4,0.25,10.417956857010722,385.5842422016536,4017
qxd817p7,noniid,heterofl,1338,18,171,4781677176057461415,rpi5,0.5,1.406094552949071,1141.4595104104164,1605
qxd817p7,noniid,heterofl,1338,18,172,8418905034627799253,rpi5,1.0,0.7875388849060982,596.7959284398257,470
qxd817p7,noniid,heterofl,1338,18,173,3492914638805804457,rpi5,0.5,3.4960155099397525,1210.520945335546,4232
qxd817p7,noniid,heterofl,1338,18,174,14249386973855670077,rpi5,1.0,5.403729996061884,686.9329153575811,3712
qxd817p7,noniid,heterofl,1338,18,175,12385057783170920731,rpi4,0.125,5.354151198989712,394.64705449459615,2113
qxd817p7,noniid,heterofl,1338,18,176,16828942401831768519,rpi4,0.25,6.484396697022021,378.60114282142337,2455
qxd817p7,noniid,heterofl,1338,18,177,1386240883052447132,rpi4,0.125,8.902492847992107,431.6768421630084,3843
qxd817p7,noniid,heterofl,1338,18,178,5800844179565528937,rpi4,0.125,7.595845017931424,421.67790317452693,3203
qxd817p7,noniid,heterofl,1338,18,179,16736405212425438585,rpi4,0.25,8.510186441009864,174.26175211080562,1483
qxd817p7,noniid,heterofl,1338,18,180,14803709558987049890,rpi4,0.25,10.469079648028128,383.7013505534472,4017
qxd817p7,noniid,heterofl,1338,19,181,3492914638805804457,rpi5,0.5,3.4648831801023334,1221.3975998680019,4232
qxd817p7,noniid,heterofl,1338,19,182,4781677176057461415,rpi5,0.5,1.4155813649995252,1133.8097828100035,1605
qxd817p7,noniid,heterofl,1338,19,183,5456553552002845634,rpi5,0.5,2.6279602689901367,1195.6040725103492,3142
qxd817p7,noniid,heterofl,1338,19,184,5846125770112215803,rpi5,0.5,0.6203036620281637,1007.5710305441065,625
qxd817p7,noniid,heterofl,1338,19,185,14249386973855670077,rpi5,1.0,5.358404744998552,692.7434892753707,3712
qxd817p7,noniid,heterofl,1338,19,186,12385057783170920731,rpi4,0.125,5.101181752979755,414.21774449924914,2113
qxd817p7,noniid,heterofl,1338,19,187,16736405212425438585,rpi4,0.25,8.674009347101673,170.97053284771113,1483
qxd817p7,noniid,heterofl,1338,19,188,7305942403874825905,rpi4,0.125,9.936459577991627,424.2959946556885,4216
qxd817p7,noniid,heterofl,1338,19,189,16828942401831768519,rpi4,0.25,6.494989610975608,377.9836684960049,2455
qxd817p7,noniid,heterofl,1338,19,190,14803709558987049890,rpi4,0.25,10.52852535189595,381.5349126054608,4017
qxd817p7,noniid,heterofl,1338,20,191,8418905034627799253,rpi5,1.0,0.788805344956927,595.8377475569267,470
qxd817p7,noniid,heterofl,1338,20,192,9954938321806138933,rpi5,1.0,2.844396266969852,677.1208436621162,1926
qxd817p7,noniid,heterofl,1338,20,193,5456553552002845634,rpi5,0.5,2.6425172820454463,1189.0177677732831,3142
qxd817p7,noniid,heterofl,1338,20,194,2001361708585069527,rpi5,0.5,4.106615865021013,1217.547529241432,5000
qxd817p7,noniid,heterofl,1338,20,195,14874912807428489912,rpi5,1.0,5.0639029869344085,682.8724817442461,3458
qxd817p7,noniid,heterofl,1338,20,196,5800844179565528937,rpi4,0.125,7.556384574039839,423.87996119255126,3203
qxd817p7,noniid,heterofl,1338,20,197,6594256102096379677,rpi4,0.125,7.596859258017503,431.23084010574576,3276
qxd817p7,noniid,heterofl,1338,20,198,1386240883052447132,rpi4,0.125,9.036869024974294,425.2579061818296,3843
qxd817p7,noniid,heterofl,1338,20,199,14803709558987049890,rpi4,0.25,10.33162028004881,388.80639155478354,4017
qxd817p7,noniid,heterofl,1338,20,200,14210982637956511440,rpi4,0.25,7.120234068017453,154.06796876629184,1097
qxd817p7,noniid,heterofl,1338,21,201,8418905034627799253,rpi5,1.0,0.7765729719540104,605.2232268879865,470
qxd817p7,noniid,heterofl,1338,21,202,9954938321806138933,rpi5,1.0,2.8902212199755013,666.3849765853997,1926
qxd817p7,noniid,heterofl,1338,21,203,2001361708585069527,rpi5,0.5,4.145263905986212,1206.1958209173258,5000
qxd817p7,noniid,heterofl,1338,21,204,4781677176057461415,rpi5,0.5,1.4043549339985475,1142.8734724705,1605
qxd817p7,noniid,heterofl,1338,21,205,14249386973855670077,rpi5,1.0,5.447247889940627,681.4450296735916,3712
qxd817p7,noniid,heterofl,1338,21,206,3492914638805804457,rpi5,0.5,3.4793814880540594,1216.308132502844,4232
qxd817p7,noniid,heterofl,1338,21,207,12385057783170920731,rpi4,0.125,5.142309793038294,410.90484335669527,2113
qxd817p7,noniid,heterofl,1338,21,208,16736405212425438585,rpi4,0.25,8.596301023033448,172.51606196971935,1483
qxd817p7,noniid,heterofl,1338,21,209,14803709558987049890,rpi4,0.25,10.399615381029435,386.2642850549696,4017
qxd817p7,noniid,heterofl,1338,21,210,14210982637956511440,rpi4,0.25,6.945388499996625,157.9465281172584,1097
qxd817p7,noniid,heterofl,1338,22,211,4781677176057461415,rpi5,0.5,1.4049805960385129,1142.3645312436786,1605
qxd817p7,noniid,heterofl,1338,22,212,9954938321806138933,rpi5,1.0,2.827517300960608,681.1629408405987,1926
qxd817p7,noniid,heterofl,1338,22,213,3492914638805804457,rpi5,0.5,3.4639266439480707,1221.7348792284192,4232
qxd817p7,noniid,heterofl,1338,22,214,2001361708585069527,rpi5,0.5,4.068364015081897,1228.99523775759,5000
qxd817p7,noniid,heterofl,1338,22,215,17937529697295205707,rpi5,1.0,7.284473608015105,681.861211568508,4967
qxd817p7,noniid,heterofl,1338,22,216,14249386973855670077,rpi5,1.0,5.46290358400438,679.49213141321,3712
qxd817p7,noniid,heterofl,1338,22,217,16828942401831768519,rpi4,0.25,6.50058730202727,377.6581847050012,2455
qxd817p7,noniid,heterofl,1338,22,218,1386240883052447132,rpi4,0.125,9.005216923891567,426.75262933469276,3843
qxd817p7,noniid,heterofl,1338,22,219,14803709558987049890,rpi4,0.25,10.38372805097606,386.85527782311345,4017
qxd817p7,noniid,heterofl,1338,22,220,14210982637956511440,rpi4,0.25,6.988589716958813,156.97015341134886,1097
qxd817p7,noniid,heterofl,1338,23,221,3492914638805804457,rpi5,0.5,3.527692709933035,1199.650975291534,4232
qxd817p7,noniid,heterofl,1338,23,222,5456553552002845634,rpi5,0.5,2.6134601880330592,1202.237560146164,3142
qxd817p7,noniid,heterofl,1338,23,223,9954938321806138933,rpi5,1.0,2.8941984130069613,665.4692336725317,1926
qxd817p7,noniid,heterofl,1338,23,224,2001361708585069527,rpi5,0.5,4.158611945924349,1202.3242526632603,5000
qxd817p7,noniid,heterofl,1338,23,225,5800844179565528937,rpi4,0.125,7.582041218993254,422.4456063330787,3203
qxd817p7,noniid,heterofl,1338,23,226,12385057783170920731,rpi4,0.125,5.331797744031064,396.30160434451943,2113
qxd817p7,noniid,heterofl,1338,23,227,1386240883052447132,rpi4,0.125,8.975489057018422,428.16608382971066,3843
qxd817p7,noniid,heterofl,1338,23,228,16736405212425438585,rpi4,0.25,8.916480818996206,166.32122359760228,1483
qxd817p7,noniid,heterofl,1338,23,229,14803709558987049890,rpi4,0.25,10.343081230996177,388.37556336325025,4017
qxd817p7,noniid,heterofl,1338,23,230,7305942403874825905,rpi4,0.125,10.0556097390363,419.26845904065976,4216
qxd817p7,noniid,heterofl,1338,24,231,4781677176057461415,rpi5,0.5,1.405224076937884,1142.1665955919618,1605
qxd817p7,noniid,heterofl,1338,24,232,5846125770112215803,rpi5,0.5,0.6238947650417686,1001.7715086263906,625
qxd817p7,noniid,heterofl,1338,24,233,5456553552002845634,rpi5,0.5,2.665184729034081,1178.9051489645624,3142
qxd817p7,noniid,heterofl,1338,24,234,17937529697295205707,rpi5,1.0,7.222354689962231,687.7258474861715,4967
qxd817p7,noniid,heterofl,1338,24,235,16736405212425438585,rpi4,0.25,8.917645510984585,166.29950116017383,1483
qxd817p7,noniid,heterofl,1338,24,236,6594256102096379677,rpi4,0.125,7.619625561055727,429.9423867681627,3276
qxd817p7,noniid,heterofl,1338,24,237,5800844179565528937,rpi4,0.125,7.7628357099602,412.6069544265058,3203
qxd817p7,noniid,heterofl,1338,24,238,1386240883052447132,rpi4,0.125,9.017773985047825,426.15838524806617,3843
qxd817p7,noniid,heterofl,1338,24,239,14803709558987049890,rpi4,0.25,10.341398187098093,388.4387707855211,4017
qxd817p7,noniid,heterofl,1338,24,240,14210982637956511440,rpi4,0.25,6.997135697049089,156.7784372772189,1097
qxd817p7,noniid,heterofl,1338,25,241,8418905034627799253,rpi5,1.0,0.7789230999769643,603.3971774799074,470
qxd817p7,noniid,heterofl,1338,25,242,5846125770112215803,rpi5,0.5,0.6244900081073865,1000.816653406768,625
qxd817p7,noniid,heterofl,1338,25,243,5456553552002845634,rpi5,0.5,2.6413159189978614,1189.5585747244133,3142
qxd817p7,noniid,heterofl,1338,25,244,17937529697295205707,rpi5,1.0,7.293338552000932,681.0324194586168,4967
qxd817p7,noniid,heterofl,1338,25,245,12385057783170920731,rpi4,0.125,5.301505232928321,398.56605004855777,2113
qxd817p7,noniid,heterofl,1338,25,246,16828942401831768519,rpi4,0.25,6.542046000016853,375.264863621209,2455
qxd817p7,noniid,heterofl,1338,25,247,5800844179565528937,rpi4,0.125,7.767569276038557,412.35551125120094,3203
qxd817p7,noniid,heterofl,1338,25,248,1386240883052447132,rpi4,0.125,9.356912052026019,410.7124207892805,3843
qxd817p7,noniid,heterofl,1338,25,249,6594256102096379677,rpi4,0.125,7.6368814430898055,428.97091233022513,3276
qxd817p7,noniid,heterofl,1338,25,250,14210982637956511440,rpi4,0.25,6.9460643290076405,157.93116044416544,1097
qxd817p7,noniid,heterofl,1338,26,251,8418905034627799253,rpi5,1.0,0.7923583110095933,593.1659874951569,470
qxd817p7,noniid,heterofl,1338,26,252,5846125770112215803,rpi5,0.5,0.6158042500028387,1014.9329109000448,625
qxd817p7,noniid,heterofl,1338,26,253,9954938321806138933,rpi5,1.0,2.8972109160386026,664.777282640315,1926
qxd817p7,noniid,heterofl,1338,26,254,14249386973855670077,rpi5,1.0,5.3783426590962335,690.1754379152476,3712
qxd817p7,noniid,heterofl,1338,26,255,17937529697295205707,rpi5,1.0,7.273768918006681,682.8646958667979,4967
qxd817p7,noniid,heterofl,1338,26,256,5800844179565528937,rpi4,0.125,7.653981996001676,418.47498487365124,3203
qxd817p7,noniid,heterofl,1338,26,257,16828942401831768519,rpi4,0.25,6.588692672085017,372.6080608375236,2455
qxd817p7,noniid,heterofl,1338,26,258,14803709558987049890,rpi4,0.25,10.479473613901064,383.3207800314926,4017
qxd817p7,noniid,heterofl,1338,26,259,1386240883052447132,rpi4,0.125,10.788678230019286,356.2067491555108,3843
qxd817p7,noniid,heterofl,1338,26,260,18400052694735524784,rpi4,0.25,22.779644203023054,180.68763336759105,4116
qxd817p7,noniid,heterofl,1338,27,261,8418905034627799253,rpi5,1.0,0.7888999310089275,595.7663089143828,470
qxd817p7,noniid,heterofl,1338,27,262,5846125770112215803,rpi5,0.5,0.618994687916711,1009.7017182869541,625
qxd817p7,noniid,heterofl,1338,27,263,2001361708585069527,rpi5,0.5,4.06431106000673,1230.2207990920165,5000
qxd817p7,noniid,heterofl,1338,27,264,9954938321806138933,rpi5,1.0,2.8977399920113385,664.6559060887834,1926
qxd817p7,noniid,heterofl,1338,27,265,3492914638805804457,rpi5,0.5,3.4680317559977993,1220.288710644288,4232
qxd817p7,noniid,heterofl,1338,27,266,17937529697295205707,rpi5,1.0,7.090789988054894,700.4861247290331,4967
qxd817p7,noniid,heterofl,1338,27,267,12385057783170920731,rpi4,0.125,5.206013158895075,405.876807358755,2113
qxd817p7,noniid,heterofl,1338,27,268,16828942401831768519,rpi4,0.25,6.473189291078597,379.25663681479256,2455
qxd817p7,noniid,heterofl,1338,27,269,16736405212425438585,rpi4,0.25,9.068431522930041,163.53434397670102,1483
qxd817p7,noniid,heterofl,1338,27,270,14803709558987049890,rpi4,0.25,10.374950341065414,387.18257610353925,4017
qxd817p7,noniid,heterofl,1338,28,271,8418905034627799253,rpi5,1.0,0.7797367320163175,602.7675505098101,470
qxd817p7,noniid,heterofl,1338,28,272,5456553552002845634,rpi5,0.5,2.6054603210650384,1205.9289387741048,3142
qxd817p7,noniid,heterofl,1338,28,273,4781677176057461415,rpi5,0.5,1.3883627820760012,1156.0379035802616,1605
qxd817p7,noniid,heterofl,1338,28,274,14249386973855670077,rpi5,1.0,5.407389226951636,686.4680614257546,3712
qxd817p7,noniid,heterofl,1338,28,275,14874912807428489912,rpi5,1.0,5.03669106203597,686.5618632170344,3458
qxd817p7,noniid,heterofl,1338,28,276,2001361708585069527,rpi5,0.5,4.114886387018487,1215.1003769566619,5000
qxd817p7,noniid,heterofl,1338,28,277,16736405212425438585,rpi4,0.25,8.782165270997211,168.8649614574614,1483
qxd817p7,noniid,heterofl,1338,28,278,1386240883052447132,rpi4,0.125,8.957881350070238,429.00769164238454,3843
qxd817p7,noniid,heterofl,1338,28,279,14210982637956511440,rpi4,0.25,7.0680866478942335,155.20466211698533,1097
qxd817p7,noniid,heterofl,1338,28,280,18400052694735524784,rpi4,0.25,23.00243702006992,178.93756198131257,4116
qxd817p7,noniid,heterofl,1338,29,281,5846125770112215803,rpi5,0.5,0.6096994869876653,1025.0951712095573,625
qxd817p7,noniid,heterofl,1338,29,282,4781677176057461415,rpi5,0.5,1.4202180849388242,1130.1081270691855,1605
qxd817p7,noniid,heterofl,1338,29,283,2001361708585069527,rpi5,0.5,4.113497314043343,1215.5107000872874,5000
qxd817p7,noniid,heterofl,1338,29,284,14874912807428489912,rpi5,1.0,5.08585807797499,679.9245962004615,3458
qxd817p7,noniid,heterofl,1338,29,285,14249386973855670077,rpi5,1.0,5.435798070975579,682.8804071696865,3712
qxd817p7,noniid,heterofl,1338,29,286,17937529697295205707,rpi5,1.0,7.031292122090235,706.4135458680714,4967
qxd817p7,noniid,heterofl,1338,29,287,12385057783170920731,rpi4,0.125,5.168015811941586,408.8609781567524,2113
qxd817p7,noniid,heterofl,1338,29,288,16828942401831768519,rpi4,0.25,6.424197788932361,382.14888156611335,2455
qxd817p7,noniid,heterofl,1338,29,289,16736405212425438585,rpi4,0.25,8.745271154097281,169.57736059506786,1483
qxd817p7,noniid,heterofl,1338,29,290,18400052694735524784,rpi4,0.25,22.734658926026896,181.04516163591776,4116
qxd817p7,noniid,heterofl,1338,30,291,5846125770112215803,rpi5,0.5,0.6052430990384892,1032.6429181809713,625
qxd817p7,noniid,heterofl,1338,30,292,4781677176057461415,rpi5,0.5,1.406147176050581,1141.416792876499,1605
qxd817p7,noniid,heterofl,1338,30,293,2001361708585069527,rpi5,0.5,4.095296722021885,1220.9127541633795,5000
qxd817p7,noniid,heterofl,1338,30,294,14249386973855670077,rpi5,1.0,5.392529446049593,688.3597089524102,3712
qxd817p7,noniid,heterofl,1338,30,295,17937529697295205707,rpi5,1.0,7.224019776913337,687.5673314009515,4967
qxd817p7,noniid,heterofl,1338,30,296,16828942401831768519,rpi4,0.25,6.430371688911691,381.78197447486843,2455
qxd817p7,noniid,heterofl,1338,30,297,5800844179565528937,rpi4,0.125,7.654536223039031,418.4446851736673,3203
qxd817p7,noniid,heterofl,1338,30,298,1386240883052447132,rpi4,0.125,9.006075683049858,426.7119370574276,3843
qxd817p7,noniid,heterofl,1338,30,299,7305942403874825905,rpi4,0.125,9.978499884018674,422.5083979559136,4216
qxd817p7,noniid,heterofl,1338,30,300,18400052694735524784,rpi4,0.25,22.659338942961767,181.64695847309673,4116
qxd817p7,noniid,heterofl,1338,31,301,3492914638805804457,rpi5,0.5,3.4914385149022564,1212.1078409191107,4232
qxd817p7,noniid,heterofl,1338,31,302,2001361708585069527,rpi5,0.5,4.083690932020545,1224.382570383719,5000
qxd817p7,noniid,heterofl,1338,31,303,5456553552002845634,rpi5,0.5,2.631772503023967,1193.8721893285874,3142
qxd817p7,noniid,heterofl,1338,31,304,14874912807428489912,rpi5,1.0,5.11327591794543,676.278780079887,3458
qxd817p7,noniid,heterofl,1338,31,305,17937529697295205707,rpi5,1.0,7.1304365859832615,696.5912872381388,4967
qxd817p7,noniid,heterofl,1338,31,306,12385057783170920731,rpi4,0.125,5.182428747997619,407.72388830553984,2113
qxd817p7,noniid,heterofl,1338,31,307,5800844179565528937,rpi4,0.125,7.47522654896602,428.4819970363362,3203
qxd817p7,noniid,heterofl,1338,31,308,16736405212425438585,rpi4,0.25,8.623768380028196,171.96658521516915,1483
qxd817p7,noniid,heterofl,1338,31,309,14803709558987049890,rpi4,0.25,10.284472693921998,390.58881476480553,4017
qxd817p7,noniid,heterofl,1338,31,310,7305942403874825905,rpi4,0.125,9.749185828026384,432.44636776540784,4216
qxd817p7,noniid,heterofl,1338,32,311,5846125770112215803,rpi5,0.5,0.6166261460166425,1013.5801150136951,625
qxd817p7,noniid,heterofl,1338,32,312,4781677176057461415,rpi5,0.5,1.3987343449844047,1147.4659257172204,1605
qxd817p7,noniid,heterofl,1338,32,313,5456553552002845634,rpi5,0.5,2.6077415089821443,1204.8740218988912,3142
qxd817p7,noniid,heterofl,1338,32,314,9954938321806138933,rpi5,1.0,2.9122866600519046,661.3359963560982,1926
qxd817p7,noniid,heterofl,1338,32,315,14249386973855670077,rpi5,1.0,5.470345668960363,678.5677221573942,3712
qxd817p7,noniid,heterofl,1338,32,316,12385057783170920731,rpi4,0.125,5.170565695036203,408.65934689283654,2113
qxd817p7,noniid,heterofl,1338,32,317,16828942401831768519,rpi4,0.25,6.471048556966707,379.3821014303711,2455
qxd817p7,noniid,heterofl,1338,32,318,7305942403874825905,rpi4,0.125,10.044442267040722,419.7346042631107,4216
qxd817p7,noniid,heterofl,1338,32,319,16736405212425438585,rpi4,0.25,8.818187084980309,168.17515728668752,1483
qxd817p7,noniid,heterofl,1338,32,320,1386240883052447132,rpi4,0.125,8.934275512001477,430.141201134627,3843
qxd817p7,noniid,heterofl,1338,33,321,8418905034627799253,rpi5,1.0,0.7932659540092573,592.4872958741845,470
qxd817p7,noniid,heterofl,1338,33,322,14249386973855670077,rpi5,1.0,5.458048315951601,680.0965812543966,3712
qxd817p7,noniid,heterofl,1338,33,323,9954938321806138933,rpi5,1.0,2.848351793945767,676.18052099244,1926
qxd817p7,noniid,heterofl,1338,33,324,2001361708585069527,rpi5,0.5,4.153870734968223,1203.6965806154894,5000
qxd817p7,noniid,heterofl,1338,33,325,5456553552002845634,rpi5,0.5,2.6134678419912234,1202.2340392013714,3142
qxd817p7,noniid,heterofl,1338,33,326,14874912807428489912,rpi5,1.0,4.9941506090108305,692.410035404381,3458
qxd817p7,noniid,heterofl,1338,33,327,16828942401831768519,rpi4,0.25,6.482559424010105,378.7084451408452,2455
qxd817p7,noniid,heterofl,1338,33,328,12385057783170920731,rpi4,0.125,5.231716399081051,403.8827487612187,2113
qxd817p7,noniid,heterofl,1338,33,329,16736405212425438585,rpi4,0.25,9.079622515011579,163.33278146179723,1483
qxd817p7,noniid,heterofl,1338,33,330,14210982637956511440,rpi4,0.25,6.964711852953769,157.50831091953313,1097
qxd817p7,noniid,heterofl,1338,34,331,8418905034627799253,rpi5,1.0,0.7692247680388391,611.0047667839384,470
qxd817p7,noniid,heterofl,1338,34,332,3492914638805804457,rpi5,0.5,3.4665510850027204,1220.8099336279301,4232
qxd817p7,noniid,heterofl,1338,34,333,14249386973855670077,rpi5,1.0,5.4038146319799125,686.9221564396917,3712
qxd817p7,noniid,heterofl,1338,34,334,17937529697295205707,rpi5,1.0,7.14456876704935,695.2134078277381,4967
qxd817p7,noniid,heterofl,1338,34,335,14803709558987049890,rpi4,0.25,10.368745782063343,387.41426247993434,4017
qxd817p7,noniid,heterofl,1338,34,336,16736405212425438585,rpi4,0.25,8.770888906088658,169.08206407340506,1483
qxd817p7,noniid,heterofl,1338,34,337,1386240883052447132,rpi4,0.125,9.001991779077798,426.9055220569967,3843
qxd817p7,noniid,heterofl,1338,34,338,7305942403874825905,rpi4,0.125,9.933712367899716,424.41333550423593,4216
qxd817p7,noniid,heterofl,1338,34,339,14210982637956511440,rpi4,0.25,6.969925862038508,157.39048330123245,1097
qxd817p7,noniid,heterofl,1338,34,340,18400052694735524784,rpi4,0.25,22.71221708599478,181.224051549687,4116
qxd817p7,noniid,heterofl,1338,35,341,8418905034627799253,rpi5,1.0,0.801853118930012,586.1422608509214,470
qxd817p7,noniid,heterofl,1338,35,342,5846125770112215803,rpi5,0.5,0.6115333829075098,1022.0210661737937,625
qxd817p7,noniid,heterofl,1338,35,343,2001361708585069527,rpi5,0.5,4.158599720918573,1202.3277871272433,5000
qxd817p7,noniid,heterofl,1338,35,344,17937529697295205707,rpi5,1.0,7.178465661010705,691.9305927696897,4967
qxd817p7,noniid,heterofl,1338,35,345,16828942401831768519,rpi4,0.25,6.600800871965475,371.9245660669342,2455
qxd817p7,noniid,heterofl,1338,35,346,12385057783170920731,rpi4,0.125,5.14650964201428,410.5695212829715,2113
qxd817p7,noniid,heterofl,1338,35,347,16736405212425438585,rpi4,0.25,9.178981241071597,161.5647707573774,1483
qxd817p7,noniid,heterofl,1338,35,348,14803709558987049890,rpi4,0.25,10.367695908993483,387.4534935496559,4017
qxd817p7,noniid,heterofl,1338,35,349,6594256102096379677,rpi4,0.125,7.824062914936803,418.7082894931528,3276
qxd817p7,noniid,heterofl,1338,35,350,5800844179565528937,rpi4,0.125,7.654573804000393,418.44263077404327,3203
qxd817p7,noniid,heterofl,1338,36,351,5846125770112215803,rpi5,0.5,0.6168982839444652,1013.1329852366133,625
qxd817p7,noniid,heterofl,1338,36,352,4781677176057461415,rpi5,0.5,1.4068938930286095,1140.8109793873148,1605
qxd817p7,noniid,heterofl,1338,36,353,8418905034627799253,rpi5,1.0,0.7800025960896164,602.562097044611,470
qxd817p7,noniid,heterofl,1338,36,354,5456553552002845634,rpi5,0.5,2.636752235936001,1191.6174592280738,3142
qxd817p7,noniid,heterofl,1338,36,355,14874912807428489912,rpi5,1.0,4.989872453035787,693.0036854742026,3458
qxd817p7,noniid,heterofl,1338,36,356,2001361708585069527,rpi5,0.5,4.201563080074266,1190.0333053934826,5000
qxd817p7,noniid,heterofl,1338,36,357,14249386973855670077,rpi5,1.0,5.357594639994204,692.8482368356289,3712
qxd817p7,noniid,heterofl,1338,36,358,17937529697295205707,rpi5,1.0,7.191744309966452,690.6530301858256,4967
qxd817p7,noniid,heterofl,1338,36,359,5800844179565528937,rpi4,0.125,7.516536109033041,426.1271353636918,3203
qxd817p7,noniid,heterofl,1338,36,360,18400052694735524784,rpi4,0.25,22.538953121053055,182.617177377034,4116
qxd817p7,noniid,heterofl,1338,37,361,3492914638805804457,rpi5,0.5,3.4795826169429347,1216.2378267420243,4232
qxd817p7,noniid,heterofl,1338,37,362,5846125770112215803,rpi5,0.5,0.6139810790773481,1017.9466783230689,625
qxd817p7,noniid,heterofl,1338,37,363,4781677176057461415,rpi5,0.5,1.4189012150745839,1131.1569705827858,1605
qxd817p7,noniid,heterofl,1338,37,364,2001361708585069527,rpi5,0.5,4.088760462007485,1222.8644955995092,5000
qxd817p7,noniid,heterofl,1338,37,365,14249386973855670077,rpi5,1.0,5.348050720989704,694.0846662937149,3712
qxd817p7,noniid,heterofl,1338,37,366,16736405212425438585,rpi4,0.25,8.63374721200671,171.76782729260748,1483
qxd817p7,noniid,heterofl,1338,37,367,7305942403874825905,rpi4,0.125,9.754810434998944,432.1970199311676,4216
qxd817p7,noniid,heterofl,1338,37,368,5800844179565528937,rpi4,0.125,7.56690686091315,423.29052793620247,3203
qxd817p7,noniid,heterofl,1338,37,369,6594256102096379677,rpi4,0.125,7.718809020007029,424.4178073986104,3276
qxd817p7,noniid,heterofl,1338,37,370,18400052694735524784,rpi4,0.25,22.68691766494885,181.4261443880142,4116
qxd817p7,noniid,heterofl,1338,38,371,5456553552002845634,rpi5,0.5,2.612639534054324,1202.6151939621798,3142
qxd817p7,noniid,heterofl,1338,38,372,2001361708585069527,rpi5,0.5,4.178005709894933,1196.743218459062,5000
qxd817p7,noniid,heterofl,1338,38,373,3492914638805804457,rpi5,0.5,3.498550946940668,1209.6436679593594,4232
qxd817p7,noniid,heterofl,1338,38,374,9954938321806138933,rpi5,1.0,2.8551464099437,674.5713611366006,1926
qxd817p7,noniid,heterofl,1338,38,375,14874912807428489912,rpi5,1.0,5.041614450979978,685.8914011815881,3458
qxd817p7,noniid,heterofl,1338,38,376,14249386973855670077,rpi5,1.0,5.3248855320271105,697.1041870616311,3712
qxd817p7,noniid,heterofl,1338,38,377,16828942401831768519,rpi4,0.25,6.46308194193989,379.8497407357848,2455
qxd817p7,noniid,heterofl,1338,38,378,6594256102096379677,rpi4,0.125,7.501686344039626,436.701809400883,3276
qxd817p7,noniid,heterofl,1338,38,379,12385057783170920731,rpi4,0.125,5.1494023009436205,410.33888527466496,2113
qxd817p7,noniid,heterofl,1338,38,380,18400052694735524784,rpi4,0.25,23.110546419979073,178.10050550954162,4116
qxd817p7,noniid,heterofl,1338,39,381,5456553552002845634,rpi5,0.5,2.6666816709330305,1178.2433704959853,3142
qxd817p7,noniid,heterofl,1338,39,382,9954938321806138933,rpi5,1.0,2.8795330970315263,668.8584347182842,1926
qxd817p7,noniid,heterofl,1338,39,383,8418905034627799253,rpi5,1.0,0.7809325830312446,601.8445256511926,470
qxd817p7,noniid,heterofl,1338,39,384,2001361708585069527,rpi5,0.5,4.100349097978324,1219.4083675619836,5000
qxd817p7,noniid,heterofl,1338,39,385,17937529697295205707,rpi5,1.0,7.1038578930310905,699.1975451638249,4967
qxd817p7,noniid,heterofl,1338,39,386,5800844179565528937,rpi4,0.125,7.553312642965466,424.0523531066877,3203
qxd817p7,noniid,heterofl,1338,39,387,16828942401831768519,rpi4,0.25,6.521177022950724,376.4657808490458,2455
qxd817p7,noniid,heterofl,1338,39,388,16736405212425438585,rpi4,0.25,8.744208444026299,169.59796984404318,1483
qxd817p7,noniid,heterofl,1338,39,389,1386240883052447132,rpi4,0.125,9.141334543004632,420.3981357340039,3843
qxd817p7,noniid,heterofl,1338,39,390,18400052694735524784,rpi4,0.25,23.03711945307441,178.6681710959614,4116
qxd817p7,noniid,heterofl,1338,40,391,5846125770112215803,rpi5,0.5,0.6123674140544608,1020.6290956305126,625
qxd817p7,noniid,heterofl,1338,40,392,4781677176057461415,rpi5,0.5,1.4042148230364546,1142.9875070891007,1605
qxd817p7,noniid,heterofl,1338,40,393,8418905034627799253,rpi5,1.0,0.7724146640393883,608.4814567632716,470
qxd817p7,noniid,heterofl,1338,40,394,14249386973855670077,rpi5,1.0,5.391681523062289,688.4679638666255,3712
qxd817p7,noniid,heterofl,1338,40,395,17937529697295205707,rpi5,1.0,7.121259473031387,697.4889791349846,4967
qxd817p7,noniid,heterofl,1338,40,396,12385057783170920731,rpi4,0.125,5.174775345949456,408.3269047909386,2113
qxd817p7,noniid,heterofl,1338,40,397,16828942401831768519,rpi4,0.25,6.496604345971718,377.88972042329254,2455
qxd817p7,noniid,heterofl,1338,40,398,5800844179565528937,rpi4,0.125,7.84500075597316,408.2854928422085,3203
qxd817p7,noniid,heterofl,1338,40,399,16736405212425438585,rpi4,0.25,8.815161903039552,168.23287153564897,1483
qxd817p7,noniid,heterofl,1338,40,400,1386240883052447132,rpi4,0.125,9.09730334195774,422.4328743964897,3843
bbvgjhlc,noniid,fedrolex,1338,1,1,2455448219819669182,rpi5,0.5,5.99959050596226,267.5182578552631,1605
bbvgjhlc,noniid,fedrolex,1338,1,2,16685085718541105342,rpi5,1.0,11.118262481992133,333.8651166054227,3712
bbvgjhlc,noniid,fedrolex,1338,1,3,2662261273920576651,rpi5,0.5,8.705534383072518,360.91983119490794,3142
bbvgjhlc,noniid,fedrolex,1338,1,4,1059711583748491357,rpi5,0.5,10.47213378502056,477.4576129987995,5000
bbvgjhlc,noniid,fedrolex,1338,1,5,9943048974414059931,rpi5,1.0,8.811904625967145,392.4236753323314,3458
bbvgjhlc,noniid,fedrolex,1338,1,6,4220895399911912739,rpi5,0.5,9.557068607071415,519.7200317600361,4967
bbvgjhlc,noniid,fedrolex,1338,1,7,8773355729843988447,rpi4,0.125,12.438876306987368,119.22298794521697,1483
bbvgjhlc,noniid,fedrolex,1338,1,8,5984974194459311141,rpi4,0.125,12.884284535073675,254.26324535771104,3276
bbvgjhlc,noniid,fedrolex,1338,1,9,10224957260775033724,rpi4,0.25,14.882682651979849,269.9110163089863,4017
bbvgjhlc,noniid,fedrolex,1338,1,10,8932261208118260953,rpi4,0.25,15.327094604028389,275.06843983933635,4216
bbvgjhlc,noniid,fedrolex,1338,2,11,15256298499871664275,rpi5,1.0,1.006435532006435,621.003512022272,625
bbvgjhlc,noniid,fedrolex,1338,2,12,4220895399911912739,rpi5,0.5,4.123204890987836,1204.6454472481983,4967
bbvgjhlc,noniid,fedrolex,1338,2,13,1059711583748491357,rpi5,0.5,4.237866982002743,1179.8388248696485,5000
bbvgjhlc,noniid,fedrolex,1338,2,14,15590075300562367006,rpi5,1.0,4.388340587029234,107.1019877967528,470
bbvgjhlc,noniid,fedrolex,1338,2,15,16685085718541105342,rpi5,1.0,5.384084215038456,689.4394388616537,3712
bbvgjhlc,noniid,fedrolex,1338,2,16,9384008800966982614,rpi4,0.25,8.338578428025357,384.1182316202663,3203
bbvgjhlc,noniid,fedrolex,1338,2,17,10224957260775033724,rpi4,0.25,10.440507301012985,384.7514190819303,4017
bbvgjhlc,noniid,fedrolex,1338,2,18,8773355729843988447,rpi4,0.125,7.877122427918948,188.26671967719977,1483
bbvgjhlc,noniid,fedrolex,1338,2,19,8932261208118260953,rpi4,0.25,10.766240412951447,391.5944506429826,4216
bbvgjhlc,noniid,fedrolex,1338,2,20,7957239418531727888,rpi4,0.125,24.578253007959574,167.46511636392745,4116
bbvgjhlc,noniid,fedrolex,1338,3,21,9943048974414059931,rpi5,1.0,5.03728935692925,686.4803180788505,3458
bbvgjhlc,noniid,fedrolex,1338,3,22,2662261273920576651,rpi5,0.5,2.5892422939650714,1213.4824181279905,3142
bbvgjhlc,noniid,fedrolex,1338,3,23,7945240901248822949,rpi5,0.5,3.4963108140509576,1210.4187027630549,4232
bbvgjhlc,noniid,fedrolex,1338,3,24,4220895399911912739,rpi5,0.5,4.072233045939356,1219.723906752553,4967
bbvgjhlc,noniid,fedrolex,1338,3,25,16685085718541105342,rpi5,1.0,5.424520203960128,684.3001519821207,3712
bbvgjhlc,noniid,fedrolex,1338,3,26,5984974194459311141,rpi4,0.125,7.747565423022024,422.8425087273622,3276
bbvgjhlc,noniid,fedrolex,1338,3,27,4160081066483154803,rpi4,0.125,5.937542516971007,413.47072344879814,2455
bbvgjhlc,noniid,fedrolex,1338,3,28,10224957260775033724,rpi4,0.25,10.24411923601292,392.1274154910601,4017
bbvgjhlc,noniid,fedrolex,1338,3,29,14621258401380571583,rpi4,0.25,10.203101758961566,207.0938867334254,2113
bbvgjhlc,noniid,fedrolex,1338,3,30,7957239418531727888,rpi4,0.125,20.444243162986822,201.32806908948294,4116
bbvgjhlc,noniid,fedrolex,1338,4,31,2662261273920576651,rpi5,0.5,2.5494809050578624,1232.4077398527093,3142
bbvgjhlc,noniid,fedrolex,1338,4,32,2455448219819669182,rpi5,0.5,1.4187658110167831,1131.2649258511162,1605
bbvgjhlc,noniid,fedrolex,1338,4,33,16685085718541105342,rpi5,1.0,5.432722249999642,683.2670306309593,3712
bbvgjhlc,noniid,fedrolex,1338,4,34,7945240901248822949,rpi5,0.5,3.4827820559730753,1215.120536394746,4232
bbvgjhlc,noniid,fedrolex,1338,4,35,1059711583748491357,rpi5,0.5,4.075958780944347,1226.7052413227702,5000
bbvgjhlc,noniid,fedrolex,1338,4,36,8932261208118260953,rpi4,0.25,10.994499793974683,383.4644666881976,4216
bbvgjhlc,noniid,fedrolex,1338,4,37,5984974194459311141,rpi4,0.125,7.716176904039457,424.5625833545881,3276
bbvgjhlc,noniid,fedrolex,1338,4,38,10224957260775033724,rpi4,0.25,10.52474771393463,381.6718565787134,4017
bbvgjhlc,noniid,fedrolex,1338,4,39,8773355729843988447,rpi4,0.125,8.003932629013434,185.28391838585412,1483
bbvgjhlc,noniid,fedrolex,1338,4,40,11372887337046647478,rpi4,0.25,7.046374324010685,155.6829015259588,1097
bbvgjhlc,noniid,fedrolex,1338,5,41,7945240901248822949,rpi5,0.5,3.5517714719753712,1191.5181011480756,4232
bbvgjhlc,noniid,fedrolex,1338,5,42,15590075300562367006,rpi5,1.0,0.7919009450124577,593.5085732125326,470
bbvgjhlc,noniid,fedrolex,1338,5,43,16685085718541105342,rpi5,1.0,5.454554186901078,680.5322438475795,3712
bbvgjhlc,noniid,fedrolex,1338,5,44,1059711583748491357,rpi5,0.5,4.107500375946984,1217.285342024406,5000
bbvgjhlc,noniid,fedrolex,1338,5,45,4220895399911912739,rpi5,0.5,4.0827913969988,1216.5696252939026,4967
bbvgjhlc,noniid,fedrolex,1338,5,46,4160081066483154803,rpi4,0.125,5.890138376969844,416.79835733553074,2455
bbvgjhlc,noniid,fedrolex,1338,5,47,8932261208118260953,rpi4,0.25,10.836592667968944,389.0521798850807,4216
bbvgjhlc,noniid,fedrolex,1338,5,48,10224957260775033724,rpi4,0.25,10.294492381974123,390.20865244738565,4017
bbvgjhlc,noniid,fedrolex,1338,5,49,8773355729843988447,rpi4,0.125,8.02685494092293,184.75480258641426,1483
bbvgjhlc,noniid,fedrolex,1338,5,50,6862036005558298195,rpi4,0.125,8.898682181024924,431.86169837536266,3843
bbvgjhlc,noniid,fedrolex,1338,6,51,7945240901248822949,rpi5,0.5,3.490187283954583,1212.542381165546,4232
bbvgjhlc,noniid,fedrolex,1338,6,52,16685085718541105342,rpi5,1.0,5.44955890905112,681.1560461957342,3712
bbvgjhlc,noniid,fedrolex,1338,6,53,2662261273920576651,rpi5,0.5,2.6450149590382352,1187.894983075058,3142
bbvgjhlc,noniid,fedrolex,1338,6,54,10758694281711794302,rpi5,1.0,2.903670263942331,663.2984550336159,1926
bbvgjhlc,noniid,fedrolex,1338,6,55,1059711583748491357,rpi5,0.5,4.126186837092973,1211.7725632421084,5000
bbvgjhlc,noniid,fedrolex,1338,6,56,9943048974414059931,rpi5,1.0,4.982760495971888,693.9928183976493,3458
bbvgjhlc,noniid,fedrolex,1338,6,57,4160081066483154803,rpi4,0.125,5.988828942994587,409.9298916980636,2455
bbvgjhlc,noniid,fedrolex,1338,6,58,8773355729843988447,rpi4,0.125,8.308139253989793,178.49965613995013,1483
bbvgjhlc,noniid,fedrolex,1338,6,59,7957239418531727888,rpi4,0.125,15.347783672972582,268.1820442418841,4116
bbvgjhlc,noniid,fedrolex,1338,6,60,11372887337046647478,rpi4,0.25,6.957842133007944,157.66382436241855,1097
bbvgjhlc,noniid,fedrolex,1338,7,61,15256298499871664275,rpi5,1.0,1.0184586000395939,613.6724654057635,625
bbvgjhlc,noniid,fedrolex,1338,7,62,4220895399911912739,rpi5,0.5,4.100477523053996,1211.3223330878366,4967
bbvgjhlc,noniid,fedrolex,1338,7,63,1059711583748491357,rpi5,0.5,4.048236237023957,1235.105786137552,5000
bbvgjhlc,noniid,fedrolex,1338,7,64,2662261273920576651,rpi5,0.5,2.608772627892904,1204.3977947352896,3142
bbvgjhlc,noniid,fedrolex,1338,7,65,9943048974414059931,rpi5,1.0,5.005199879989959,690.8814998227277,3458
bbvgjhlc,noniid,fedrolex,1338,7,66,16685085718541105342,rpi5,1.0,5.399148760014214,687.5157853569176,3712
bbvgjhlc,noniid,fedrolex,1338,7,67,5984974194459311141,rpi4,0.125,7.720846769982018,424.30579152753086,3276
bbvgjhlc,noniid,fedrolex,1338,7,68,4160081066483154803,rpi4,0.125,6.069585880031809,404.47570040596145,2455
bbvgjhlc,noniid,fedrolex,1338,7,69,8932261208118260953,rpi4,0.25,10.839150796993636,388.96036036045894,4216
bbvgjhlc,noniid,fedrolex,1338,7,70,11372887337046647478,rpi4,0.25,7.004187508951873,156.62059283792053,1097
bbvgjhlc,noniid,fedrolex,1338,8,71,15590075300562367006,rpi5,1.0,0.7838013200089335,599.6417561463702,470
bbvgjhlc,noniid,fedrolex,1338,8,72,10758694281711794302,rpi5,1.0,2.933775905985385,656.4918595420473,1926
bbvgjhlc,noniid,fedrolex,1338,8,73,9943048974414059931,rpi5,1.0,5.034219556022435,686.898924752536,3458
bbvgjhlc,noniid,fedrolex,1338,8,74,2662261273920576651,rpi5,0.5,2.62404464406427,1197.3881645296594,3142
bbvgjhlc,noniid,fedrolex,1338,8,75,2455448219819669182,rpi5,0.5,1.4046049780445173,1142.6700211716973,1605
bbvgjhlc,noniid,fedrolex,1338,8,76,1059711583748491357,rpi5,0.5,4.1158326609293,1214.821012395355,5000
bbvgjhlc,noniid,fedrolex,1338,8,77,14621258401380571583,rpi4,0.25,5.7215557139134035,369.3051515450087,2113
bbvgjhlc,noniid,fedrolex,1338,8,78,10224957260775033724,rpi4,0.25,10.317448407993652,389.3404494165193,4017
bbvgjhlc,noniid,fedrolex,1338,8,79,8932261208118260953,rpi4,0.25,10.837443380034529,389.0216402668364,4216
bbvgjhlc,noniid,fedrolex,1338,8,80,7957239418531727888,rpi4,0.125,19.997561397962272,205.82509627495958,4116
bbvgjhlc,noniid,fedrolex,1338,9,81,2455448219819669182,rpi5,0.5,1.3827433360274881,1160.7360225007756,1605
bbvgjhlc,noniid,fedrolex,1338,9,82,15590075300562367006,rpi5,1.0,0.7880885620834306,596.3796743318852,470
bbvgjhlc,noniid,fedrolex,1338,9,83,15256298499871664275,rpi5,1.0,1.0183039689436555,613.7656525569157,625
bbvgjhlc,noniid,fedrolex,1338,9,84,7945240901248822949,rpi5,0.5,3.470112990005873,1219.5568306243647,4232
bbvgjhlc,noniid,fedrolex,1338,9,85,10758694281711794302,rpi5,1.0,2.930947743006982,657.1253290323205,1926
bbvgjhlc,noniid,fedrolex,1338,9,86,4160081066483154803,rpi4,0.125,5.9699573300313205,411.22571976358165,2455
bbvgjhlc,noniid,fedrolex,1338,9,87,9384008800966982614,rpi4,0.25,8.391356839914806,381.70227546091564,3203
bbvgjhlc,noniid,fedrolex,1338,9,88,14621258401380571583,rpi4,0.25,5.682395850075409,371.85019413456723,2113
bbvgjhlc,noniid,fedrolex,1338,9,89,7957239418531727888,rpi4,0.125,11.413321599946357,360.63121186555765,4116
bbvgjhlc,noniid,fedrolex,1338,9,90,5984974194459311141,rpi4,0.125,7.7532660838915035,422.5316098471519,3276
bbvgjhlc,noniid,fedrolex,1338,10,91,15256298499871664275,rpi5,1.0,1.0231980789685622,610.8299192958152,625
bbvgjhlc,noniid,fedrolex,1338,10,92,15590075300562367006,rpi5,1.0,0.7853283160366118,598.4758099287594,470
bbvgjhlc,noniid,fedrolex,1338,10,93,2662261273920576651,rpi5,0.5,2.6607687540818006,1180.8617322268078,3142
bbvgjhlc,noniid,fedrolex,1338,10,94,1059711583748491357,rpi5,0.5,4.1568053379887715,1202.8468002351055,5000
bbvgjhlc,noniid,fedrolex,1338,10,95,4220895399911912739,rpi5,0.5,4.063745636027306,1222.271383318103,4967
bbvgjhlc,noniid,fedrolex,1338,10,96,10758694281711794302,rpi5,1.0,2.8329325530212373,679.8608734775486,1926
bbvgjhlc,noniid,fedrolex,1338,10,97,5984974194459311141,rpi4,0.125,7.890039918012917,415.207024811232,3276
bbvgjhlc,noniid,fedrolex,1338,10,98,8932261208118260953,rpi4,0.25,10.888507945928723,387.1972193927991,4216
bbvgjhlc,noniid,fedrolex,1338,10,99,10224957260775033724,rpi4,0.25,10.465015483903699,383.85036373606624,4017
bbvgjhlc,noniid,fedrolex,1338,10,100,7957239418531727888,rpi4,0.125,19.99073021602817,205.8954303079871,4116
bbvgjhlc,noniid,fedrolex,1338,11,101,15590075300562367006,rpi5,1.0,0.7887770870001987,595.8590934575178,470
bbvgjhlc,noniid,fedrolex,1338,11,102,4220895399911912739,rpi5,0.5,4.080632789991796,1217.213176393161,4967
bbvgjhlc,noniid,fedrolex,1338,11,103,2662261273920576651,rpi5,0.5,2.601454748073593,1207.7857599970505,3142
bbvgjhlc,noniid,fedrolex,1338,11,104,7945240901248822949,rpi5,0.5,3.5323462219676003,1198.0705553949567,4232
bbvgjhlc,noniid,fedrolex,1338,11,105,8773355729843988447,rpi4,0.125,8.281036808970384,179.0838555859997,1483
bbvgjhlc,noniid,fedrolex,1338,11,106,10224957260775033724,rpi4,0.25,10.399444209062494,386.27064285795433,4017
bbvgjhlc,noniid,fedrolex,1338,11,107,6862036005558298195,rpi4,0.125,9.162045793957077,419.4478052636116,3843
bbvgjhlc,noniid,fedrolex,1338,11,108,5984974194459311141,rpi4,0.125,7.765639110002667,421.85838842038015,3276
bbvgjhlc,noniid,fedrolex,1338,11,109,9384008800966982614,rpi4,0.25,8.2907004019944,386.3364787888718,3203
bbvgjhlc,noniid,fedrolex,1338,11,110,11372887337046647478,rpi4,0.25,7.0177866539452225,156.3170917119993,1097
bbvgjhlc,noniid,fedrolex,1338,12,111,15256298499871664275,rpi5,1.0,1.0085640749894083,619.6929035039877,625
bbvgjhlc,noniid,fedrolex,1338,12,112,15590075300562367006,rpi5,1.0,0.7944412459619343,591.6107734699868,470
bbvgjhlc,noniid,fedrolex,1338,12,113,2455448219819669182,rpi5,0.5,1.3868519619572908,1157.2972775946705,1605
bbvgjhlc,noniid,fedrolex,1338,12,114,9943048974414059931,rpi5,1.0,5.098159393994138,678.2840105143987,3458
bbvgjhlc,noniid,fedrolex,1338,12,115,4220895399911912739,rpi5,0.5,4.091523955925368,1213.9730949898908,4967
bbvgjhlc,noniid,fedrolex,1338,12,116,10758694281711794302,rpi5,1.0,2.834571097046137,679.4678750542031,1926
bbvgjhlc,noniid,fedrolex,1338,12,117,14621258401380571583,rpi4,0.25,5.679447683971375,372.0432192664334,2113
bbvgjhlc,noniid,fedrolex,1338,12,118,10224957260775033724,rpi4,0.25,10.378991195000708,387.0318342629373,4017
bbvgjhlc,noniid,fedrolex,1338,12,119,7957239418531727888,rpi4,0.125,17.125263501075096,240.34666676758604,4116
bbvgjhlc,noniid,fedrolex,1338,12,120,11372887337046647478,rpi4,0.25,6.99105877103284,156.91471577171882,1097
bbvgjhlc,noniid,fedrolex,1338,13,121,2662261273920576651,rpi5,0.5,2.637518953997642,1191.271059962517,3142
bbvgjhlc,noniid,fedrolex,1338,13,122,15256298499871664275,rpi5,1.0,1.014977190992795,615.7773845032511,625
bbvgjhlc,noniid,fedrolex,1338,13,123,1059711583748491357,rpi5,0.5,4.008469883934595,1247.3587540321369,5000
bbvgjhlc,noniid,fedrolex,1338,13,124,16685085718541105342,rpi5,1.0,5.492796516977251,675.7941949108933,3712
bbvgjhlc,noniid,fedrolex,1338,13,125,4220895399911912739,rpi5,0.5,4.097696914919652,1212.1443101160626,4967
bbvgjhlc,noniid,fedrolex,1338,13,126,4160081066483154803,rpi4,0.125,5.860767004895024,418.8871521337629,2455
bbvgjhlc,noniid,fedrolex,1338,13,127,10224957260775033724,rpi4,0.25,10.376857564086094,387.1114135653825,4017
bbvgjhlc,noniid,fedrolex,1338,13,128,8773355729843988447,rpi4,0.125,8.047485216055065,184.28117109694762,1483
bbvgjhlc,noniid,fedrolex,1338,13,129,5984974194459311141,rpi4,0.125,7.766572699998505,421.8076784371864,3276
bbvgjhlc,noniid,fedrolex,1338,13,130,7957239418531727888,rpi4,0.125,20.172193825012073,204.04325061047427,4116
bbvgjhlc,noniid,fedrolex,1338,14,131,15590075300562367006,rpi5,1.0,0.7843863760353997,599.1944969462202,470
bbvgjhlc,noniid,fedrolex,1338,14,132,15256298499871664275,rpi5,1.0,0.9984582170145586,625.9651023442744,625
bbvgjhlc,noniid,fedrolex,1338,14,133,16685085718541105342,rpi5,1.0,5.326332755037583,696.9147762105613,3712
bbvgjhlc,noniid,fedrolex,1338,14,134,2662261273920576651,rpi5,0.5,2.655445998068899,1183.2287315520384,3142
bbvgjhlc,noniid,fedrolex,1338,14,135,14621258401380571583,rpi4,0.25,5.717405818984844,369.5732062579344,2113
bbvgjhlc,noniid,fedrolex,1338,14,136,8773355729843988447,rpi4,0.125,7.8002413070062175,190.12232335273546,1483
bbvgjhlc,noniid,fedrolex,1338,14,137,6862036005558298195,rpi4,0.125,8.950585889979266,429.35736802464254,3843
bbvgjhlc,noniid,fedrolex,1338,14,138,8932261208118260953,rpi4,0.25,10.890891459072009,387.1124798042232,4216
bbvgjhlc,noniid,fedrolex,1338,14,139,11372887337046647478,rpi4,0.25,7.019785844022408,156.2725736048107,1097
bbvgjhlc,noniid,fedrolex,1338,14,140,7957239418531727888,rpi4,0.125,20.608063973952085,199.72764084983862,4116
bbvgjhlc,noniid,fedrolex,1338,15,141,2455448219819669182,rpi5,0.5,1.3924767849966884,1152.622447492952,1605
bbvgjhlc,noniid,fedrolex,1338,15,142,15256298499871664275,rpi5,1.0,1.0369485239498317,602.7300155839152,625
bbvgjhlc,noniid,fedrolex,1338,15,143,15590075300562367006,rpi5,1.0,0.7792184399440885,603.1684774217151,470
bbvgjhlc,noniid,fedrolex,1338,15,144,4220895399911912739,rpi5,0.5,4.084820933989249,1215.9651745490864,4967
bbvgjhlc,noniid,fedrolex,1338,15,145,14621258401380571583,rpi4,0.25,5.635024051996879,374.9762166944465,2113
bbvgjhlc,noniid,fedrolex,1338,15,146,4160081066483154803,rpi4,0.125,5.84162787697278,420.25956663165925,2455
bbvgjhlc,noniid,fedrolex,1338,15,147,5984974194459311141,rpi4,0.125,7.838486157008447,417.9378434024413,3276
bbvgjhlc,noniid,fedrolex,1338,15,148,9384008800966982614,rpi4,0.25,8.343247519922443,383.9032693626444,3203
bbvgjhlc,noniid,fedrolex,1338,15,149,6862036005558298195,rpi4,0.125,8.925500859040767,430.56407261530546,3843
bbvgjhlc,noniid,fedrolex,1338,15,150,11372887337046647478,rpi4,0.25,6.966789763071574,157.4613325946477,1097
bbvgjhlc,noniid,fedrolex,1338,16,151,15256298499871664275,rpi5,1.0,0.9974185549654067,626.617578837479,625
bbvgjhlc,noniid,fedrolex,1338,16,152,10758694281711794302,rpi5,1.0,2.8104615440825,685.296692301392,1926
bbvgjhlc,noniid,fedrolex,1338,16,153,15590075300562367006,rpi5,1.0,0.781289121019654,601.5698764454917,470
bbvgjhlc,noniid,fedrolex,1338,16,154,16685085718541105342,rpi5,1.0,5.4309587789466605,683.4888923093513,3712
bbvgjhlc,noniid,fedrolex,1338,16,155,7945240901248822949,rpi5,0.5,3.467847344931215,1220.3536024115103,4232
bbvgjhlc,noniid,fedrolex,1338,16,156,14621258401380571583,rpi4,0.25,5.6772941870149225,372.1843417649278,2113
bbvgjhlc,noniid,fedrolex,1338,16,157,9384008800966982614,rpi4,0.25,8.310474067926407,385.41724260493345,3203
bbvgjhlc,noniid,fedrolex,1338,16,158,5984974194459311141,rpi4,0.125,7.886156485998072,415.41148794302546,3276
bbvgjhlc,noniid,fedrolex,1338,16,159,8773355729843988447,rpi4,0.125,8.235457292990759,180.07500339564496,1483
bbvgjhlc,noniid,fedrolex,1338,16,160,11372887337046647478,rpi4,0.25,6.989583199028857,156.94784206194424,1097
bbvgjhlc,noniid,fedrolex,1338,17,161,15256298499871664275,rpi5,1.0,1.0184066760120913,613.7037538357413,625
bbvgjhlc,noniid,fedrolex,1338,17,162,10758694281711794302,rpi5,1.0,2.889886149088852,666.4622412918397,1926
bbvgjhlc,noniid,fedrolex,1338,17,163,9943048974414059931,rpi5,1.0,5.0383424640167505,686.3368309511768,3458
bbvgjhlc,noniid,fedrolex,1338,17,164,7945240901248822949,rpi5,0.5,3.4906856840243563,1212.3692543755456,4232
bbvgjhlc,noniid,fedrolex,1338,17,165,16685085718541105342,rpi5,1.0,5.477977031026967,677.6224104218459,3712
bbvgjhlc,noniid,fedrolex,1338,17,166,9384008800966982614,rpi4,0.25,8.372270608902909,382.57244057472207,3203
bbvgjhlc,noniid,fedrolex,1338,17,167,5984974194459311141,rpi4,0.125,7.921659335959703,413.5497199594124,3276
bbvgjhlc,noniid,fedrolex,1338,17,168,8932261208118260953,rpi4,0.25,10.791051898966543,390.6940712984399,4216
bbvgjhlc,noniid,fedrolex,1338,17,169,7957239418531727888,rpi4,0.125,20.05652751494199,205.2199712504373,4116
bbvgjhlc,noniid,fedrolex,1338,17,170,11372887337046647478,rpi4,0.25,7.114404186024331,154.19421940560636,1097
bbvgjhlc,noniid,fedrolex,1338,18,171,15590075300562367006,rpi5,1.0,0.7821233168942854,600.9282549794215,470
bbvgjhlc,noniid,fedrolex,1338,18,172,2662261273920576651,rpi5,0.5,2.5870106099173427,1214.5292284287887,3142
bbvgjhlc,noniid,fedrolex,1338,18,173,7945240901248822949,rpi5,0.5,3.5483056959928945,1192.6819058400752,4232
bbvgjhlc,noniid,fedrolex,1338,18,174,1059711583748491357,rpi5,0.5,4.12705766397994,1211.5168740284175,5000
bbvgjhlc,noniid,fedrolex,1338,18,175,9943048974414059931,rpi5,1.0,5.037016910966486,686.5174489431068,3458
bbvgjhlc,noniid,fedrolex,1338,18,176,9384008800966982614,rpi4,0.25,8.361600091098808,383.0606540738173,3203
bbvgjhlc,noniid,fedrolex,1338,18,177,10224957260775033724,rpi4,0.25,10.248386507038958,391.96413964685865,4017
bbvgjhlc,noniid,fedrolex,1338,18,178,8773355729843988447,rpi4,0.125,8.175531663000584,181.39493076780641,1483
bbvgjhlc,noniid,fedrolex,1338,18,179,8932261208118260953,rpi4,0.25,10.817200493998826,389.74964015310206,4216
bbvgjhlc,noniid,fedrolex,1338,18,180,11372887337046647478,rpi4,0.25,7.064229620969854,155.28940292988267,1097
bbvgjhlc,noniid,fedrolex,1338,19,181,2455448219819669182,rpi5,0.5,1.4032601909711957,1143.7650767311943,1605
bbvgjhlc,noniid,fedrolex,1338,19,182,2662261273920576651,rpi5,0.5,2.626748929033056,1196.1554320140583,3142
bbvgjhlc,noniid,fedrolex,1338,19,183,1059711583748491357,rpi5,0.5,4.120758672012016,1213.3687987990527,5000
bbvgjhlc,noniid,fedrolex,1338,19,184,7945240901248822949,rpi5,0.5,3.4824070469476283,1215.2513887511798,4232
bbvgjhlc,noniid,fedrolex,1338,19,185,4220895399911912739,rpi5,0.5,4.096490542055108,1212.501273714202,4967
bbvgjhlc,noniid,fedrolex,1338,19,186,9943048974414059931,rpi5,1.0,5.029598979977891,687.5299628789094,3458
bbvgjhlc,noniid,fedrolex,1338,19,187,14621258401380571583,rpi4,0.25,5.6570859720231965,373.5138568601792,2113
bbvgjhlc,noniid,fedrolex,1338,19,188,6862036005558298195,rpi4,0.125,9.265152647043578,414.77999838742693,3843
bbvgjhlc,noniid,fedrolex,1338,19,189,8773355729843988447,rpi4,0.125,7.82927024399396,189.41739827382358,1483
bbvgjhlc,noniid,fedrolex,1338,19,190,8932261208118260953,rpi4,0.25,10.85169462498743,388.51074838506,4216
bbvgjhlc,noniid,fedrolex,1338,20,191,15256298499871664275,rpi5,1.0,0.9971409230493009,626.7920466935832,625
bbvgjhlc,noniid,fedrolex,1338,20,192,2662261273920576651,rpi5,0.5,2.596724002971314,1209.9861195894332,3142
bbvgjhlc,noniid,fedrolex,1338,20,193,1059711583748491357,rpi5,0.5,4.113210602081381,1215.5954274429525,5000
bbvgjhlc,noniid,fedrolex,1338,20,194,4220895399911912739,rpi5,0.5,4.026655617984943,1233.5298747216016,4967
bbvgjhlc,noniid,fedrolex,1338,20,195,4160081066483154803,rpi4,0.125,5.953705672989599,412.3482306385569,2455
bbvgjhlc,noniid,fedrolex,1338,20,196,8773355729843988447,rpi4,0.125,7.986501523060724,185.6883136775086,1483
bbvgjhlc,noniid,fedrolex,1338,20,197,6862036005558298195,rpi4,0.125,9.160028329002671,419.54018721014364,3843
bbvgjhlc,noniid,fedrolex,1338,20,198,10224957260775033724,rpi4,0.25,10.291745912050828,390.31278408228167,4017
bbvgjhlc,noniid,fedrolex,1338,20,199,8932261208118260953,rpi4,0.25,10.755530433962122,391.9843866265655,4216
bbvgjhlc,noniid,fedrolex,1338,20,200,11372887337046647478,rpi4,0.25,7.050631075981073,155.58890944345092,1097
bbvgjhlc,noniid,fedrolex,1338,21,201,7945240901248822949,rpi5,0.5,3.455797586007975,1224.608760980318,4232
bbvgjhlc,noniid,fedrolex,1338,21,202,4220895399911912739,rpi5,0.5,4.06994473002851,1220.4096933682945,4967
bbvgjhlc,noniid,fedrolex,1338,21,203,15256298499871664275,rpi5,1.0,1.0070966070052236,620.5958749663013,625
bbvgjhlc,noniid,fedrolex,1338,21,204,1059711583748491357,rpi5,0.5,4.184660469996743,1194.8400678738678,5000
bbvgjhlc,noniid,fedrolex,1338,21,205,14621258401380571583,rpi4,0.25,5.694913293002173,371.0328658728525,2113
bbvgjhlc,noniid,fedrolex,1338,21,206,8773355729843988447,rpi4,0.125,7.963732087984681,186.21922279850213,1483
bbvgjhlc,noniid,fedrolex,1338,21,207,9384008800966982614,rpi4,0.25,8.534724200959317,375.29039305569796,3203
bbvgjhlc,noniid,fedrolex,1338,21,208,10224957260775033724,rpi4,0.25,10.58634116500616,379.45121335012846,4017
bbvgjhlc,noniid,fedrolex,1338,21,209,7957239418531727888,rpi4,0.125,20.62970305106137,199.51814089676088,4116
bbvgjhlc,noniid,fedrolex,1338,21,210,11372887337046647478,rpi4,0.25,6.98823039594572,156.9782245067984,1097
bbvgjhlc,noniid,fedrolex,1338,22,211,15256298499871664275,rpi5,1.0,0.9843525160104036,634.9351373968493,625
bbvgjhlc,noniid,fedrolex,1338,22,212,2662261273920576651,rpi5,0.5,2.633617006940767,1193.0360381632615,3142
bbvgjhlc,noniid,fedrolex,1338,22,213,9943048974414059931,rpi5,1.0,4.9998465339886025,691.621228070254,3458
bbvgjhlc,noniid,fedrolex,1338,22,214,10758694281711794302,rpi5,1.0,2.8752409829758108,669.8568959623803,1926
bbvgjhlc,noniid,fedrolex,1338,22,215,16685085718541105342,rpi5,1.0,5.401583534898236,687.205886203134,3712
bbvgjhlc,noniid,fedrolex,1338,22,216,14621258401380571583,rpi4,0.25,5.665976420976222,372.9277785515281,2113
bbvgjhlc,noniid,fedrolex,1338,22,217,10224957260775033724,rpi4,0.25,10.378400944988243,387.0538458951925,4017
bbvgjhlc,noniid,fedrolex,1338,22,218,5984974194459311141,rpi4,0.125,7.785235797986388,420.7965031511725,3276
bbvgjhlc,noniid,fedrolex,1338,22,219,9384008800966982614,rpi4,0.25,8.294912011013366,386.1403226155136,3203
bbvgjhlc,noniid,fedrolex,1338,22,220,7957239418531727888,rpi4,0.125,21.046195758972317,195.5697859669145,4116
bbvgjhlc,noniid,fedrolex,1338,23,221,15256298499871664275,rpi5,1.0,1.0084250959334895,619.7783082951178,625
bbvgjhlc,noniid,fedrolex,1338,23,222,16685085718541105342,rpi5,1.0,5.3473042629193515,694.1815571896109,3712
bbvgjhlc,noniid,fedrolex,1338,23,223,1059711583748491357,rpi5,0.5,4.062994570937008,1230.6194144992176,5000
bbvgjhlc,noniid,fedrolex,1338,23,224,2662261273920576651,rpi5,0.5,2.6675118521088734,1177.8766784170077,3142
bbvgjhlc,noniid,fedrolex,1338,23,225,8773355729843988447,rpi4,0.125,7.925058874068782,187.12794738376715,1483
bbvgjhlc,noniid,fedrolex,1338,23,226,6862036005558298195,rpi4,0.125,8.994162959046662,427.2771148908936,3843
bbvgjhlc,noniid,fedrolex,1338,23,227,9384008800966982614,rpi4,0.25,8.346990171005018,383.73113354395423,3203
bbvgjhlc,noniid,fedrolex,1338,23,228,10224957260775033724,rpi4,0.25,10.329907916020602,388.87084305660215,4017
bbvgjhlc,noniid,fedrolex,1338,23,229,11372887337046647478,rpi4,0.25,7.020264234044589,156.26192454126257,1097
bbvgjhlc,noniid,fedrolex,1338,23,230,7957239418531727888,rpi4,0.125,20.32931499008555,202.46624158302143,4116
bbvgjhlc,noniid,fedrolex,1338,24,231,2662261273920576651,rpi5,0.5,2.6144097440410405,1201.8009063657612,3142
bbvgjhlc,noniid,fedrolex,1338,24,232,1059711583748491357,rpi5,0.5,4.168097142945044,1199.5881642209424,5000
bbvgjhlc,noniid,fedrolex,1338,24,233,10758694281711794302,rpi5,1.0,2.9215447939932346,659.2402772532879,1926
bbvgjhlc,noniid,fedrolex,1338,24,234,16685085718541105342,rpi5,1.0,5.467941340059042,678.866097703952,3712
bbvgjhlc,noniid,fedrolex,1338,24,235,4160081066483154803,rpi4,0.125,6.012874290929176,408.29059135720365,2455
bbvgjhlc,noniid,fedrolex,1338,24,236,8773355729843988447,rpi4,0.125,7.970467698061839,186.06185435775845,1483
bbvgjhlc,noniid,fedrolex,1338,24,237,9384008800966982614,rpi4,0.25,8.453625531983562,378.89068872068276,3203
bbvgjhlc,noniid,fedrolex,1338,24,238,8932261208118260953,rpi4,0.25,10.850729414029047,388.5453077973799,4216
bbvgjhlc,noniid,fedrolex,1338,24,239,7957239418531727888,rpi4,0.125,19.99726311105769,205.82816644163748,4116
bbvgjhlc,noniid,fedrolex,1338,24,240,11372887337046647478,rpi4,0.25,6.981184990960173,157.13664677565313,1097
bbvgjhlc,noniid,fedrolex,1338,25,241,15590075300562367006,rpi5,1.0,0.7721654151100665,608.6778697968556,470
bbvgjhlc,noniid,fedrolex,1338,25,242,9943048974414059931,rpi5,1.0,4.986635135021061,693.4535827003905,3458
bbvgjhlc,noniid,fedrolex,1338,25,243,2455448219819669182,rpi5,0.5,1.4023714869981632,1144.4898979196817,1605
bbvgjhlc,noniid,fedrolex,1338,25,244,10758694281711794302,rpi5,1.0,2.8768096760613844,669.4916302690104,1926
bbvgjhlc,noniid,fedrolex,1338,25,245,4160081066483154803,rpi4,0.125,5.987958384910598,409.9894892700818,2455
bbvgjhlc,noniid,fedrolex,1338,25,246,8773355729843988447,rpi4,0.125,8.015039738966152,185.02715498592025,1483
bbvgjhlc,noniid,fedrolex,1338,25,247,10224957260775033724,rpi4,0.25,10.42803233792074,385.21169381039294,4017
bbvgjhlc,noniid,fedrolex,1338,25,248,6862036005558298195,rpi4,0.125,8.943453843006864,429.699763364346,3843
bbvgjhlc,noniid,fedrolex,1338,25,249,7957239418531727888,rpi4,0.125,20.246071320027113,203.29870101408335,4116
bbvgjhlc,noniid,fedrolex,1338,25,250,11372887337046647478,rpi4,0.25,7.089621569029987,154.7332236733326,1097
bbvgjhlc,noniid,fedrolex,1338,26,251,10758694281711794302,rpi5,1.0,2.8762823039432988,669.6143828995889,1926
bbvgjhlc,noniid,fedrolex,1338,26,252,7945240901248822949,rpi5,0.5,3.4898461940465495,1212.6608923967815,4232
bbvgjhlc,noniid,fedrolex,1338,26,253,16685085718541105342,rpi5,1.0,5.4770592680433765,677.7359561650451,3712
bbvgjhlc,noniid,fedrolex,1338,26,254,1059711583748491357,rpi5,0.5,4.0629647329915315,1230.628452026591,5000
bbvgjhlc,noniid,fedrolex,1338,26,255,9943048974414059931,rpi5,1.0,5.002602776978165,691.240171199204,3458
bbvgjhlc,noniid,fedrolex,1338,26,256,8773355729843988447,rpi4,0.125,7.7264754850184545,191.93744973054268,1483
bbvgjhlc,noniid,fedrolex,1338,26,257,14621258401380571583,rpi4,0.25,5.7485234469641,367.5726505240078,2113
bbvgjhlc,noniid,fedrolex,1338,26,258,10224957260775033724,rpi4,0.25,10.329537646030076,388.8847824223617,4017
bbvgjhlc,noniid,fedrolex,1338,26,259,7957239418531727888,rpi4,0.125,20.043048882042058,205.35797843050747,4116
bbvgjhlc,noniid,fedrolex,1338,26,260,11372887337046647478,rpi4,0.25,6.925396089907736,158.40249218360808,1097
bbvgjhlc,noniid,fedrolex,1338,27,261,10758694281711794302,rpi5,1.0,2.857246286002919,674.0755983952419,1926
bbvgjhlc,noniid,fedrolex,1338,27,262,2455448219819669182,rpi5,0.5,1.373138266033493,1168.855343778506,1605
bbvgjhlc,noniid,fedrolex,1338,27,263,2662261273920576651,rpi5,0.5,2.625722485012375,1196.6230315406665,3142
bbvgjhlc,noniid,fedrolex,1338,27,264,1059711583748491357,rpi5,0.5,4.088035074993968,1223.0814824912866,5000
bbvgjhlc,noniid,fedrolex,1338,27,265,9943048974414059931,rpi5,1.0,4.983125546947122,693.9419782667367,3458
bbvgjhlc,noniid,fedrolex,1338,27,266,9384008800966982614,rpi4,0.25,8.420087940990925,380.39982746582245,3203
bbvgjhlc,noniid,fedrolex,1338,27,267,8773355729843988447,rpi4,0.125,7.884194974903949,188.09783430274277,1483
bbvgjhlc,noniid,fedrolex,1338,27,268,10224957260775033724,rpi4,0.25,10.333955041016452,388.7185481314893,4017
bbvgjhlc,noniid,fedrolex,1338,27,269,7957239418531727888,rpi4,0.125,20.34741515701171,202.28613650621998,4116
bbvgjhlc,noniid,fedrolex,1338,27,270,11372887337046647478,rpi4,0.25,6.967662446084432,157.44161094033385,1097
bbvgjhlc,noniid,fedrolex,1338,28,271,7945240901248822949,rpi5,0.5,3.506860143970698,1206.7775235565143,4232
bbvgjhlc,noniid,fedrolex,1338,28,272,2662261273920576651,rpi5,0.5,2.640850867028348,1189.7680551479139,3142
bbvgjhlc,noniid,fedrolex,1338,28,273,2455448219819669182,rpi5,0.5,1.4028017399832606,1144.1388716976871,1605
bbvgjhlc,noniid,fedrolex,1338,28,274,1059711583748491357,rpi5,0.5,4.083014135016128,1224.5855230134414,5000
bbvgjhlc,noniid,fedrolex,1338,28,275,14621258401380571583,rpi4,0.25,5.653919034055434,373.723073725092,2113
bbvgjhlc,noniid,fedrolex,1338,28,276,4160081066483154803,rpi4,0.125,5.880302731995471,417.49551203240514,2455
bbvgjhlc,noniid,fedrolex,1338,28,277,6862036005558298195,rpi4,0.125,9.030061844037846,425.57848067644903,3843
bbvgjhlc,noniid,fedrolex,1338,28,278,5984974194459311141,rpi4,0.125,7.6046856889734045,430.7870349921384,3276
bbvgjhlc,noniid,fedrolex,1338,28,279,8773355729843988447,rpi4,0.125,8.217738579958677,180.46327290292766,1483
bbvgjhlc,noniid,fedrolex,1338,28,280,8932261208118260953,rpi4,0.25,10.844794003060088,388.7579606224301,4216
bbvgjhlc,noniid,fedrolex,1338,29,281,4220895399911912739,rpi5,0.5,4.056509205023758,1224.4518005403884,4967
bbvgjhlc,noniid,fedrolex,1338,29,282,2662261273920576651,rpi5,0.5,2.5880582430399954,1214.0375930293328,3142
bbvgjhlc,noniid,fedrolex,1338,29,283,10758694281711794302,rpi5,1.0,2.831785632064566,680.1362286013909,1926
bbvgjhlc,noniid,fedrolex,1338,29,284,15256298499871664275,rpi5,1.0,1.003047875012271,623.100866439056,625
bbvgjhlc,noniid,fedrolex,1338,29,285,16685085718541105342,rpi5,1.0,5.424553598975763,684.2959392457439,3712
bbvgjhlc,noniid,fedrolex,1338,29,286,9943048974414059931,rpi5,1.0,5.026175237027928,687.998296303887,3458
bbvgjhlc,noniid,fedrolex,1338,29,287,8773355729843988447,rpi4,0.125,8.211852872977033,180.59261690868186,1483
bbvgjhlc,noniid,fedrolex,1338,29,288,5984974194459311141,rpi4,0.125,7.6460551240015775,428.45623617286964,3276
bbvgjhlc,noniid,fedrolex,1338,29,289,9384008800966982614,rpi4,0.25,8.35212357295677,383.4952838067376,3203
bbvgjhlc,noniid,fedrolex,1338,29,290,11372887337046647478,rpi4,0.25,7.045316145988181,155.7062844688191,1097
bbvgjhlc,noniid,fedrolex,1338,30,291,4220895399911912739,rpi5,0.5,4.083778380067088,1216.2756001265677,4967
bbvgjhlc,noniid,fedrolex,1338,30,292,15256298499871664275,rpi5,1.0,1.0000765809090808,624.9521405969411,625
bbvgjhlc,noniid,fedrolex,1338,30,293,10758694281711794302,rpi5,1.0,2.882272844086401,668.2226507291288,1926
bbvgjhlc,noniid,fedrolex,1338,30,294,1059711583748491357,rpi5,0.5,4.159944234997965,1201.9391889762785,5000
bbvgjhlc,noniid,fedrolex,1338,30,295,16685085718541105342,rpi5,1.0,5.408183968043886,686.3671838705244,3712
bbvgjhlc,noniid,fedrolex,1338,30,296,14621258401380571583,rpi4,0.25,5.663310550968163,373.10332551669364,2113
bbvgjhlc,noniid,fedrolex,1338,30,297,9384008800966982614,rpi4,0.25,8.378102511051111,382.3061362373034,3203
bbvgjhlc,noniid,fedrolex,1338,30,298,8773355729843988447,rpi4,0.125,8.379234671010636,176.98513745302856,1483
bbvgjhlc,noniid,fedrolex,1338,30,299,8932261208118260953,rpi4,0.25,10.744698697002605,392.37954631302193,4216
bbvgjhlc,noniid,fedrolex,1338,30,300,11372887337046647478,rpi4,0.25,7.064873298048042,155.27525458992886,1097
bbvgjhlc,noniid,fedrolex,1338,31,301,15256298499871664275,rpi5,1.0,1.0107190581038594,618.3716384773821,625
bbvgjhlc,noniid,fedrolex,1338,31,302,7945240901248822949,rpi5,0.5,3.4596943259239197,1223.2294536222746,4232
bbvgjhlc,noniid,fedrolex,1338,31,303,9943048974414059931,rpi5,1.0,5.057916120975278,683.6807723361812,3458
bbvgjhlc,noniid,fedrolex,1338,31,304,5984974194459311141,rpi4,0.125,7.593062777072191,431.4464526609897,3276
bbvgjhlc,noniid,fedrolex,1338,31,305,4160081066483154803,rpi4,0.125,5.841130529996008,420.29534991433894,2455
bbvgjhlc,noniid,fedrolex,1338,31,306,8932261208118260953,rpi4,0.25,10.7816721330164,391.0339646750587,4216
bbvgjhlc,noniid,fedrolex,1338,31,307,9384008800966982614,rpi4,0.25,8.394620036939159,381.55389831888994,3203
bbvgjhlc,noniid,fedrolex,1338,31,308,8773355729843988447,rpi4,0.125,7.7977079070406035,190.18409225882766,1483
bbvgjhlc,noniid,fedrolex,1338,31,309,6862036005558298195,rpi4,0.125,9.140823510009795,420.4216387934485,3843
bbvgjhlc,noniid,fedrolex,1338,31,310,10224957260775033724,rpi4,0.25,10.485917179961689,383.08523051053476,4017
bbvgjhlc,noniid,fedrolex,1338,32,311,15256298499871664275,rpi5,1.0,0.9830089670140296,635.8029488769454,625
bbvgjhlc,noniid,fedrolex,1338,32,312,15590075300562367006,rpi5,1.0,0.7819378399290144,601.0707961679759,470
bbvgjhlc,noniid,fedrolex,1338,32,313,9943048974414059931,rpi5,1.0,4.974278444075026,695.1762027151699,3458
bbvgjhlc,noniid,fedrolex,1338,32,314,7945240901248822949,rpi5,0.5,3.483571568969637,1214.8451427543748,4232
bbvgjhlc,noniid,fedrolex,1338,32,315,4160081066483154803,rpi4,0.125,6.046477593015879,406.02151620237595,2455
bbvgjhlc,noniid,fedrolex,1338,32,316,5984974194459311141,rpi4,0.125,7.600693646003492,431.01329333574023,3276
bbvgjhlc,noniid,fedrolex,1338,32,317,8932261208118260953,rpi4,0.25,10.813882674905472,389.8692196636814,4216
bbvgjhlc,noniid,fedrolex,1338,32,318,10224957260775033724,rpi4,0.25,10.381281213019975,386.94645849319323,4017
bbvgjhlc,noniid,fedrolex,1338,32,319,7957239418531727888,rpi4,0.125,20.99512137507554,196.04554441330018,4116
bbvgjhlc,noniid,fedrolex,1338,32,320,11372887337046647478,rpi4,0.25,7.060416628955863,155.37326728015353,1097
bbvgjhlc,noniid,fedrolex,1338,33,321,15256298499871664275,rpi5,1.0,1.0128466709284112,617.0726704636377,625
bbvgjhlc,noniid,fedrolex,1338,33,322,15590075300562367006,rpi5,1.0,0.7788487409707159,603.4547856034496,470
bbvgjhlc,noniid,fedrolex,1338,33,323,2455448219819669182,rpi5,0.5,1.388788337004371,1155.6836684429534,1605
bbvgjhlc,noniid,fedrolex,1338,33,324,1059711583748491357,rpi5,0.5,4.092157977051102,1221.8492120881192,5000
bbvgjhlc,noniid,fedrolex,1338,33,325,10758694281711794302,rpi5,1.0,2.870699408929795,670.916639341915,1926
bbvgjhlc,noniid,fedrolex,1338,33,326,4220895399911912739,rpi5,0.5,4.0924110900377855,1213.7099354684183,4967
bbvgjhlc,noniid,fedrolex,1338,33,327,8932261208118260953,rpi4,0.25,10.947209547972307,385.1209736622706,4216
bbvgjhlc,noniid,fedrolex,1338,33,328,6862036005558298195,rpi4,0.125,9.200014136964455,417.7167494296914,3843
bbvgjhlc,noniid,fedrolex,1338,33,329,7957239418531727888,rpi4,0.125,19.994136402965523,205.86035410809322,4116
bbvgjhlc,noniid,fedrolex,1338,33,330,11372887337046647478,rpi4,0.25,7.004209391074255,156.6201035334482,1097
bbvgjhlc,noniid,fedrolex,1338,34,331,2455448219819669182,rpi5,0.5,1.4044876350089908,1142.7654897009654,1605
bbvgjhlc,noniid,fedrolex,1338,34,332,2662261273920576651,rpi5,0.5,2.624065642012283,1197.3785829498286,3142
bbvgjhlc,noniid,fedrolex,1338,34,333,1059711583748491357,rpi5,0.5,4.121249084942974,1213.2244125373425,5000
bbvgjhlc,noniid,fedrolex,1338,34,334,9943048974414059931,rpi5,1.0,5.147759080980904,671.7486085889394,3458
bbvgjhlc,noniid,fedrolex,1338,34,335,16685085718541105342,rpi5,1.0,5.281745636020787,702.7979489744195,3712
bbvgjhlc,noniid,fedrolex,1338,34,336,4160081066483154803,rpi4,0.125,5.97222465404775,411.06960005868046,2455
bbvgjhlc,noniid,fedrolex,1338,34,337,8773355729843988447,rpi4,0.125,7.82469509600196,189.52815180718557,1483
bbvgjhlc,noniid,fedrolex,1338,34,338,6862036005558298195,rpi4,0.125,9.002316552912816,426.89012071637796,3843
bbvgjhlc,noniid,fedrolex,1338,34,339,7957239418531727888,rpi4,0.125,20.381477704970166,201.9480657673945,4116
bbvgjhlc,noniid,fedrolex,1338,34,340,11372887337046647478,rpi4,0.25,6.971734721097164,157.3496473812133,1097
bbvgjhlc,noniid,fedrolex,1338,35,341,2455448219819669182,rpi5,0.5,1.3973722399678081,1148.5844316164282,1605
bbvgjhlc,noniid,fedrolex,1338,35,342,7945240901248822949,rpi5,0.5,3.5323781900806352,1198.0597128257646,4232
bbvgjhlc,noniid,fedrolex,1338,35,343,2662261273920576651,rpi5,0.5,2.5981239669490606,1209.334134925673,3142
bbvgjhlc,noniid,fedrolex,1338,35,344,1059711583748491357,rpi5,0.5,4.090653436956927,1222.2986075592714,5000
bbvgjhlc,noniid,fedrolex,1338,35,345,5984974194459311141,rpi4,0.125,7.804289574967697,419.76914984136266,3276
bbvgjhlc,noniid,fedrolex,1338,35,346,14621258401380571583,rpi4,0.25,5.699124188045971,370.7587219159148,2113
bbvgjhlc,noniid,fedrolex,1338,35,347,10224957260775033724,rpi4,0.25,10.40474794106558,386.07374467435756,4017
bbvgjhlc,noniid,fedrolex,1338,35,348,6862036005558298195,rpi4,0.125,9.067735660937615,423.8103252783429,3843
bbvgjhlc,noniid,fedrolex,1338,35,349,7957239418531727888,rpi4,0.125,20.31966007698793,202.56244368287346,4116
bbvgjhlc,noniid,fedrolex,1338,35,350,11372887337046647478,rpi4,0.25,6.965358501998708,157.4936881834892,1097
bbvgjhlc,noniid,fedrolex,1338,36,351,2455448219819669182,rpi5,0.5,1.4039849620312452,1143.174637481823,1605
bbvgjhlc,noniid,fedrolex,1338,36,352,4220895399911912739,rpi5,0.5,4.099783419049345,1211.527413111921,4967
bbvgjhlc,noniid,fedrolex,1338,36,353,1059711583748491357,rpi5,0.5,4.110731491004117,1216.328532024519,5000
bbvgjhlc,noniid,fedrolex,1338,36,354,14621258401380571583,rpi4,0.25,5.608696579001844,376.73637185344796,2113
bbvgjhlc,noniid,fedrolex,1338,36,355,4160081066483154803,rpi4,0.125,5.949403441976756,412.64641471083337,2455
bbvgjhlc,noniid,fedrolex,1338,36,356,8773355729843988447,rpi4,0.125,7.95171867206227,186.50056184839667,1483
bbvgjhlc,noniid,fedrolex,1338,36,357,5984974194459311141,rpi4,0.125,7.745600684080273,422.9497664052376,3276
bbvgjhlc,noniid,fedrolex,1338,36,358,9384008800966982614,rpi4,0.25,8.366031500976533,382.857750371383,3203
bbvgjhlc,noniid,fedrolex,1338,36,359,6862036005558298195,rpi4,0.125,10.433398487977684,368.3363579401531,3843
bbvgjhlc,noniid,fedrolex,1338,36,360,11372887337046647478,rpi4,0.25,7.33177909895312,149.6226202664285,1097
bbvgjhlc,noniid,fedrolex,1338,37,361,7945240901248822949,rpi5,0.5,3.499151831958443,1209.4359442617808,4232
bbvgjhlc,noniid,fedrolex,1338,37,362,2455448219819669182,rpi5,0.5,1.3901817000005394,1154.5253401043742,1605
bbvgjhlc,noniid,fedrolex,1338,37,363,9943048974414059931,rpi5,1.0,5.039871662040241,686.1285826076238,3458
bbvgjhlc,noniid,fedrolex,1338,37,364,1059711583748491357,rpi5,0.5,4.027406262001023,1241.4938237484248,5000
bbvgjhlc,noniid,fedrolex,1338,37,365,4220895399911912739,rpi5,0.5,4.108893780969083,1208.841178373935,4967
bbvgjhlc,noniid,fedrolex,1338,37,366,4160081066483154803,rpi4,0.125,5.769256861996837,425.5314087628061,2455
bbvgjhlc,noniid,fedrolex,1338,37,367,8932261208118260953,rpi4,0.25,10.852358023053966,388.486998958552,4216
bbvgjhlc,noniid,fedrolex,1338,37,368,10224957260775033724,rpi4,0.25,10.403252956923097,386.12922483316044,4017
bbvgjhlc,noniid,fedrolex,1338,37,369,7957239418531727888,rpi4,0.125,20.318957356037572,202.56944920340473,4116
bbvgjhlc,noniid,fedrolex,1338,37,370,11372887337046647478,rpi4,0.25,6.969489475013688,157.4003381356488,1097
bbvgjhlc,noniid,fedrolex,1338,38,371,1059711583748491357,rpi5,0.5,4.1075938229914755,1217.2576489947596,5000
bbvgjhlc,noniid,fedrolex,1338,38,372,15256298499871664275,rpi5,1.0,1.0072551009943709,620.4982227272859,625
bbvgjhlc,noniid,fedrolex,1338,38,373,2455448219819669182,rpi5,0.5,1.39519593201112,1150.3760605769942,1605
bbvgjhlc,noniid,fedrolex,1338,38,374,16685085718541105342,rpi5,1.0,5.4574642749503255,680.1693630937762,3712
bbvgjhlc,noniid,fedrolex,1338,38,375,4160081066483154803,rpi4,0.125,6.012150408001617,408.33975090387327,2455
bbvgjhlc,noniid,fedrolex,1338,38,376,8773355729843988447,rpi4,0.125,8.266104323090985,179.40736555396563,1483
bbvgjhlc,noniid,fedrolex,1338,38,377,5984974194459311141,rpi4,0.125,7.7843117490410805,420.8464544606089,3276
bbvgjhlc,noniid,fedrolex,1338,38,378,10224957260775033724,rpi4,0.25,10.38796744204592,386.6973998918164,4017
bbvgjhlc,noniid,fedrolex,1338,38,379,7957239418531727888,rpi4,0.125,20.286361876991577,202.8949313315904,4116
bbvgjhlc,noniid,fedrolex,1338,38,380,11372887337046647478,rpi4,0.25,7.004916653968394,156.604290127925,1097
bbvgjhlc,noniid,fedrolex,1338,39,381,15590075300562367006,rpi5,1.0,0.7806500239530578,602.0623654374756,470
bbvgjhlc,noniid,fedrolex,1338,39,382,16685085718541105342,rpi5,1.0,5.381539977970533,689.7653859666868,3712
bbvgjhlc,noniid,fedrolex,1338,39,383,10758694281711794302,rpi5,1.0,2.8261741979513317,681.4866547844574,1926
bbvgjhlc,noniid,fedrolex,1338,39,384,1059711583748491357,rpi5,0.5,4.0874201559927315,1223.2654851176233,5000
bbvgjhlc,noniid,fedrolex,1338,39,385,4160081066483154803,rpi4,0.125,5.9780904069775715,410.6662550861638,2455
bbvgjhlc,noniid,fedrolex,1338,39,386,14621258401380571583,rpi4,0.25,5.619829379022121,375.9900625964685,2113
bbvgjhlc,noniid,fedrolex,1338,39,387,5984974194459311141,rpi4,0.125,7.781734835007228,420.98581736073214,3276
bbvgjhlc,noniid,fedrolex,1338,39,388,8773355729843988447,rpi4,0.125,7.777505435980856,190.67810523657604,1483
bbvgjhlc,noniid,fedrolex,1338,39,389,6862036005558298195,rpi4,0.125,9.046032946091145,424.82710630194947,3843
bbvgjhlc,noniid,fedrolex,1338,39,390,11372887337046647478,rpi4,0.25,6.9672566710505635,157.45078038507054,1097
bbvgjhlc,noniid,fedrolex,1338,40,391,9943048974414059931,rpi5,1.0,4.994840505998582,692.3143983971252,3458
bbvgjhlc,noniid,fedrolex,1338,40,392,4220895399911912739,rpi5,0.5,4.085241313907318,1215.8400491767588,4967
bbvgjhlc,noniid,fedrolex,1338,40,393,16685085718541105342,rpi5,1.0,5.350168182048947,693.8099651623326,3712
bbvgjhlc,noniid,fedrolex,1338,40,394,4160081066483154803,rpi4,0.125,5.901077069924213,416.02574765754235,2455
bbvgjhlc,noniid,fedrolex,1338,40,395,14621258401380571583,rpi4,0.25,5.635062222951092,374.9736766692557,2113
bbvgjhlc,noniid,fedrolex,1338,40,396,6862036005558298195,rpi4,0.125,9.071294205030426,423.6440703101537,3843
bbvgjhlc,noniid,fedrolex,1338,40,397,5984974194459311141,rpi4,0.125,7.822779020061716,418.7770089885723,3276
bbvgjhlc,noniid,fedrolex,1338,40,398,8773355729843988447,rpi4,0.125,7.890780572080985,187.94084900131725,1483
bbvgjhlc,noniid,fedrolex,1338,40,399,8932261208118260953,rpi4,0.25,10.805217457003891,390.18187433768014,4216
bbvgjhlc,noniid,fedrolex,1338,40,400,7957239418531727888,rpi4,0.125,20.270732137025334,203.05137338783908,4116
kz2joewu,noniid,fiarse,1338,1,1,1715230835451711115,rpi5,0.5,7.462346540996805,258.09575974780836,1926
kz2joewu,noniid,fiarse,1338,1,2,15849728877569364228,rpi5,1.0,5.607712146011181,111.4536523499282,625
kz2joewu,noniid,fiarse,1338,1,3,14686927827295243593,rpi5,1.0,8.53544650611002,188.03937191230426,1605
kz2joewu,noniid,fiarse,1338,1,4,15672263089141673980,rpi5,1.0,11.327716217027046,327.6918249788405,3712
kz2joewu,noniid,fiarse,1338,1,5,17919787495070007922,rpi5,1.0,12.583856428042054,394.7120684666636,4967
kz2joewu,noniid,fiarse,1338,1,6,8237446560811828450,rpi5,0.5,12.238975006039254,408.53094295337456,5000
kz2joewu,noniid,fiarse,1338,1,7,5962535094096608655,rpi4,0.125,23.605701389024034,138.78003224777066,3276
kz2joewu,noniid,fiarse,1338,1,8,1581093669538615976,rpi4,0.125,23.732818020042032,134.96079552352828,3203
kz2joewu,noniid,fiarse,1338,1,9,3683801870796115856,rpi4,0.125,23.98150566907134,61.83931986858554,1483
kz2joewu,noniid,fiarse,1338,1,10,16344340467895667146,rpi4,0.25,19.74029425997287,55.57161334845814,1097
kz2joewu,noniid,fiarse,1338,2,11,15849728877569364228,rpi5,1.0,1.061555993044749,588.7583924870307,625
kz2joewu,noniid,fiarse,1338,2,12,14686927827295243593,rpi5,1.0,2.5118551780469716,638.9699589480022,1605
kz2joewu,noniid,fiarse,1338,2,13,4252066721299367098,rpi5,0.5,3.742135046981275,125.5967500101692,470
kz2joewu,noniid,fiarse,1338,2,14,1612431342736139642,rpi5,0.5,5.261898346012458,657.1772718909558,3458
kz2joewu,noniid,fiarse,1338,2,15,11537634603246188348,rpi5,0.5,9.351775906980038,335.9789660544426,3142
kz2joewu,noniid,fiarse,1338,2,16,3683801870796115856,rpi4,0.125,18.468588907038793,80.29850073899233,1483
kz2joewu,noniid,fiarse,1338,2,17,509253961054525433,rpi4,0.125,17.007836742908694,124.23684633973227,2113
kz2joewu,noniid,fiarse,1338,2,18,17616666223635873065,rpi4,0.25,22.116795059992,173.75935299738632,3843
kz2joewu,noniid,fiarse,1338,2,19,17594740114407515037,rpi4,0.25,26.894572971970774,149.36098833718137,4017
kz2joewu,noniid,fiarse,1338,2,20,16344340467895667146,rpi4,0.25,14.539203713997267,75.45117473963789,1097
kz2joewu,noniid,fiarse,1338,3,21,4252066721299367098,rpi5,0.5,0.8261583999264985,568.8981677627618,470
kz2joewu,noniid,fiarse,1338,3,22,1612431342736139642,rpi5,0.5,5.257898352108896,657.6772254665265,3458
kz2joewu,noniid,fiarse,1338,3,23,11537634603246188348,rpi5,0.5,4.708296769997105,667.3326159094113,3142
kz2joewu,noniid,fiarse,1338,3,24,8237446560811828450,rpi5,0.5,7.585190426907502,659.1792319759215,5000
kz2joewu,noniid,fiarse,1338,3,25,3683801870796115856,rpi4,0.125,18.540380174992606,79.98757231527975,1483
kz2joewu,noniid,fiarse,1338,3,26,17616666223635873065,rpi4,0.25,21.75864573509898,176.61944804776326,3843
kz2joewu,noniid,fiarse,1338,3,27,5962535094096608655,rpi4,0.125,18.92148067697417,173.13655606173637,3276
kz2joewu,noniid,fiarse,1338,3,28,17594740114407515037,rpi4,0.25,22.766185813001357,176.44589361587148,4017
kz2joewu,noniid,fiarse,1338,3,29,16344340467895667146,rpi4,0.25,14.517988022067584,75.56143443103423,1097
kz2joewu,noniid,fiarse,1338,3,30,4681649697980552552,rpi4,0.125,50.05960728600621,82.22197941913534,4116
kz2joewu,noniid,fiarse,1338,4,31,15849728877569364228,rpi5,1.0,1.0466341930441558,597.1522850616751,625
kz2joewu,noniid,fiarse,1338,4,32,14686927827295243593,rpi5,1.0,2.4809351570438594,646.9334740342131,1605
kz2joewu,noniid,fiarse,1338,4,33,1612431342736139642,rpi5,0.5,5.225818714010529,661.7144966642317,3458
kz2joewu,noniid,fiarse,1338,4,34,17919787495070007922,rpi5,1.0,7.43206395895686,668.3204056679232,4967
kz2joewu,noniid,fiarse,1338,4,35,7026112195262507351,rpi4,0.25,14.227076779003255,172.5582871404168,2455
kz2joewu,noniid,fiarse,1338,4,36,3683801870796115856,rpi4,0.125,18.414768464979716,80.53318741532347,1483
kz2joewu,noniid,fiarse,1338,4,37,17616666223635873065,rpi4,0.25,22.213992388918996,172.99906890744248,3843
kz2joewu,noniid,fiarse,1338,4,38,9383258319090921968,rpi4,0.25,23.988110542995855,175.75373401933086,4216
kz2joewu,noniid,fiarse,1338,4,39,17594740114407515037,rpi4,0.25,22.94680168305058,175.05707573038887,4017
kz2joewu,noniid,fiarse,1338,4,40,16344340467895667146,rpi4,0.25,14.328716797055677,76.55954231891972,1097
kz2joewu,noniid,fiarse,1338,5,41,15849728877569364228,rpi5,1.0,1.0332529499428347,604.885763969586,625
kz2joewu,noniid,fiarse,1338,5,42,1715230835451711115,rpi5,0.5,2.997506510000676,642.5340507432512,1926
kz2joewu,noniid,fiarse,1338,5,43,11537634603246188348,rpi5,0.5,4.784673732006922,656.6800948164325,3142
kz2joewu,noniid,fiarse,1338,5,44,8237446560811828450,rpi5,0.5,7.405778876971453,675.1484324690934,5000
kz2joewu,noniid,fiarse,1338,5,45,16380414442459192685,rpi5,1.0,6.344556714058854,667.0284766502826,4232
kz2joewu,noniid,fiarse,1338,5,46,5962535094096608655,rpi4,0.125,18.86747243197169,173.63216041851405,3276
kz2joewu,noniid,fiarse,1338,5,47,1581093669538615976,rpi4,0.125,18.342590220971033,174.6209211138577,3203
kz2joewu,noniid,fiarse,1338,5,48,17616666223635873065,rpi4,0.25,21.72827635705471,176.86630714968146,3843
kz2joewu,noniid,fiarse,1338,5,49,9383258319090921968,rpi4,0.25,24.04133465292398,175.36464014435396,4216
kz2joewu,noniid,fiarse,1338,5,50,17594740114407515037,rpi4,0.25,23.056029123952612,174.22774660823058,4017
kz2joewu,noniid,fiarse,1338,6,51,4252066721299367098,rpi5,0.5,0.8230877510504797,571.0205253329971,470
kz2joewu,noniid,fiarse,1338,6,52,1715230835451711115,rpi5,0.5,3.020308922044933,637.6831144464458,1926
kz2joewu,noniid,fiarse,1338,6,53,8237446560811828450,rpi5,0.5,7.6017850149655715,657.7402531321974,5000
kz2joewu,noniid,fiarse,1338,6,54,7026112195262507351,rpi4,0.25,14.203609654912725,172.84338697317466,2455
kz2joewu,noniid,fiarse,1338,6,55,509253961054525433,rpi4,0.125,12.226704171975143,172.81844479751234,2113
kz2joewu,noniid,fiarse,1338,6,56,5962535094096608655,rpi4,0.125,18.919802369899116,173.1519143779232,3276
kz2joewu,noniid,fiarse,1338,6,57,17616666223635873065,rpi4,0.25,21.999193883035332,174.68821905167752,3843
kz2joewu,noniid,fiarse,1338,6,58,17594740114407515037,rpi4,0.25,22.864691872964613,175.68572637314793,4017
kz2joewu,noniid,fiarse,1338,6,59,16344340467895667146,rpi4,0.25,14.681191192008555,74.72145724776968,1097
kz2joewu,noniid,fiarse,1338,6,60,4681649697980552552,rpi4,0.125,49.06123924802523,83.89514947210947,4116
kz2joewu,noniid,fiarse,1338,7,61,15849728877569364228,rpi5,1.0,1.0434390109730884,598.9808636895209,625
kz2joewu,noniid,fiarse,1338,7,62,4252066721299367098,rpi5,0.5,0.8162515469593927,575.8028903599514,470
kz2joewu,noniid,fiarse,1338,7,63,16380414442459192685,rpi5,1.0,6.449279413092881,656.1973406530482,4232
kz2joewu,noniid,fiarse,1338,7,64,17919787495070007922,rpi5,1.0,7.522350917919539,660.2988951456317,4967
kz2joewu,noniid,fiarse,1338,7,65,509253961054525433,rpi4,0.125,12.298025676049292,171.81619681564982,2113
kz2joewu,noniid,fiarse,1338,7,66,7026112195262507351,rpi4,0.25,14.231289025046863,172.50721250051458,2455
kz2joewu,noniid,fiarse,1338,7,67,3683801870796115856,rpi4,0.125,18.811475356924348,78.83485860954123,1483
kz2joewu,noniid,fiarse,1338,7,68,17594740114407515037,rpi4,0.25,23.036290999967605,174.37702970524418,4017
kz2joewu,noniid,fiarse,1338,7,69,9383258319090921968,rpi4,0.25,24.232635361957364,173.9802517153651,4216
kz2joewu,noniid,fiarse,1338,7,70,4681649697980552552,rpi4,0.125,50.157581929001026,82.06137221340282,4116
kz2joewu,noniid,fiarse,1338,8,71,1715230835451711115,rpi5,0.5,3.0032229360658675,641.3110318486721,1926
kz2joewu,noniid,fiarse,1338,8,72,509253961054525433,rpi4,0.125,12.326425564941019,171.42033502476357,2113
kz2joewu,noniid,fiarse,1338,8,73,7026112195262507351,rpi4,0.25,14.195509998942725,172.9420077322229,2455
kz2joewu,noniid,fiarse,1338,8,74,3683801870796115856,rpi4,0.125,18.630220037070103,79.60185102747853,1483
kz2joewu,noniid,fiarse,1338,8,75,5962535094096608655,rpi4,0.125,18.594711732002907,176.1791227105584,3276
kz2joewu,noniid,fiarse,1338,8,76,17616666223635873065,rpi4,0.25,23.405739674926735,164.19049572343965,3843
kz2joewu,noniid,fiarse,1338,8,77,9383258319090921968,rpi4,0.25,24.01106117805466,175.58574228503022,4216
kz2joewu,noniid,fiarse,1338,8,78,17594740114407515037,rpi4,0.25,23.055336492951028,174.2329807777112,4017
kz2joewu,noniid,fiarse,1338,8,79,16344340467895667146,rpi4,0.25,14.539248217013665,75.4509437920114,1097
kz2joewu,noniid,fiarse,1338,8,80,4681649697980552552,rpi4,0.125,49.954157748958096,82.39554394420449,4116
kz2joewu,noniid,fiarse,1338,9,81,4252066721299367098,rpi5,0.5,0.8229002139996737,571.1506595867605,470
kz2joewu,noniid,fiarse,1338,9,82,11537634603246188348,rpi5,0.5,4.8007691339589655,654.4784621644453,3142
kz2joewu,noniid,fiarse,1338,9,83,1612431342736139642,rpi5,0.5,5.244604135979898,659.3443299708472,3458
kz2joewu,noniid,fiarse,1338,9,84,8237446560811828450,rpi5,0.5,7.619908777065575,656.1758344206187,5000
kz2joewu,noniid,fiarse,1338,9,85,17919787495070007922,rpi5,1.0,7.44769137701951,666.9180754892858,4967
kz2joewu,noniid,fiarse,1338,9,86,7026112195262507351,rpi4,0.25,14.121967212995514,173.84263558839208,2455
kz2joewu,noniid,fiarse,1338,9,87,3683801870796115856,rpi4,0.125,18.43745442200452,80.43409714033442,1483
kz2joewu,noniid,fiarse,1338,9,88,17616666223635873065,rpi4,0.25,21.84607214294374,175.91262973290534,3843
kz2joewu,noniid,fiarse,1338,9,89,17594740114407515037,rpi4,0.25,22.861696457024664,175.70874530466898,4017
kz2joewu,noniid,fiarse,1338,9,90,4681649697980552552,rpi4,0.125,49.0609191020485,83.89569692811034,4116
kz2joewu,noniid,fiarse,1338,10,91,1715230835451711115,rpi5,0.5,2.9953341329237446,643.0000509225433,1926
kz2joewu,noniid,fiarse,1338,10,92,4252066721299367098,rpi5,0.5,0.8158454699441791,576.0894891432783,470
kz2joewu,noniid,fiarse,1338,10,93,16380414442459192685,rpi5,1.0,6.357277126982808,665.6938049841672,4232
kz2joewu,noniid,fiarse,1338,10,94,14686927827295243593,rpi5,1.0,2.5077453780686483,640.0171301426535,1605
kz2joewu,noniid,fiarse,1338,10,95,17919787495070007922,rpi5,1.0,7.444971257005818,667.1617429450766,4967
kz2joewu,noniid,fiarse,1338,10,96,11537634603246188348,rpi5,0.5,4.752244246075861,661.1613034398408,3142
kz2joewu,noniid,fiarse,1338,10,97,15672263089141673980,rpi5,1.0,5.648659558035433,657.1470561930996,3712
kz2joewu,noniid,fiarse,1338,10,98,5962535094096608655,rpi4,0.125,18.6833346610656,175.34343089335604,3276
kz2joewu,noniid,fiarse,1338,10,99,17616666223635873065,rpi4,0.25,21.714896538993344,176.97528482805072,3843
kz2joewu,noniid,fiarse,1338,10,100,17594740114407515037,rpi4,0.25,22.93627118098084,175.13744794450142,4017
kz2joewu,noniid,fiarse,1338,11,101,4252066721299367098,rpi5,0.5,0.8038485429715365,584.6872574559636,470
kz2joewu,noniid,fiarse,1338,11,102,1715230835451711115,rpi5,0.5,3.0164569480111822,638.4974270127923,1926
kz2joewu,noniid,fiarse,1338,11,103,16380414442459192685,rpi5,1.0,6.364164761966094,664.9733560154718,4232
kz2joewu,noniid,fiarse,1338,11,104,1612431342736139642,rpi5,0.5,5.252048356924206,658.4097793846538,3458
kz2joewu,noniid,fiarse,1338,11,105,8237446560811828450,rpi5,0.5,7.552819403936155,662.0044426580951,5000
kz2joewu,noniid,fiarse,1338,11,106,17919787495070007922,rpi5,1.0,7.569670435972512,656.1712351961681,4967
kz2joewu,noniid,fiarse,1338,11,107,15672263089141673980,rpi5,1.0,5.64314508496318,657.7892193293166,3712
kz2joewu,noniid,fiarse,1338,11,108,509253961054525433,rpi4,0.125,12.262398655992001,172.31538945012898,2113
kz2joewu,noniid,fiarse,1338,11,109,5962535094096608655,rpi4,0.125,18.869590237969533,173.61267301968263,3276
kz2joewu,noniid,fiarse,1338,11,110,9383258319090921968,rpi4,0.25,24.17101629509125,174.42377881546514,4216
kz2joewu,noniid,fiarse,1338,12,111,15849728877569364228,rpi5,1.0,1.0463103210786358,597.3371259070548,625
kz2joewu,noniid,fiarse,1338,12,112,4252066721299367098,rpi5,0.5,0.8212973959743977,572.2652991519425,470
kz2joewu,noniid,fiarse,1338,12,113,14686927827295243593,rpi5,1.0,2.4832168439170346,646.3390436206399,1605
kz2joewu,noniid,fiarse,1338,12,114,17919787495070007922,rpi5,1.0,7.507872635032982,661.572224443866,4967
kz2joewu,noniid,fiarse,1338,12,115,15672263089141673980,rpi5,1.0,5.638487887918018,658.3325305981347,3712
kz2joewu,noniid,fiarse,1338,12,116,8237446560811828450,rpi5,0.5,7.5943461750866845,658.38452510929,5000
kz2joewu,noniid,fiarse,1338,12,117,509253961054525433,rpi4,0.125,12.136188378091902,174.10738315617792,2113
kz2joewu,noniid,fiarse,1338,12,118,7026112195262507351,rpi4,0.25,14.119631053996272,173.8713986655595,2455
kz2joewu,noniid,fiarse,1338,12,119,17594740114407515037,rpi4,0.25,22.75422156089917,176.5386695057417,4017
kz2joewu,noniid,fiarse,1338,12,120,4681649697980552552,rpi4,0.125,50.016781336045824,82.2923804781837,4116
kz2joewu,noniid,fiarse,1338,13,121,14686927827295243593,rpi5,1.0,2.492015330004506,644.0570331471829,1605
kz2joewu,noniid,fiarse,1338,13,122,11537634603246188348,rpi5,0.5,4.780225828988478,657.2911223034969,3142
kz2joewu,noniid,fiarse,1338,13,123,8237446560811828450,rpi5,0.5,7.511768591008149,665.6222085948142,5000
kz2joewu,noniid,fiarse,1338,13,124,15672263089141673980,rpi5,1.0,5.662833763984963,655.502201672939,3712
kz2joewu,noniid,fiarse,1338,13,125,509253961054525433,rpi4,0.125,12.22928444808349,172.78198155993815,2113
kz2joewu,noniid,fiarse,1338,13,126,5962535094096608655,rpi4,0.125,18.806795282987878,174.19235710846397,3276
kz2joewu,noniid,fiarse,1338,13,127,17616666223635873065,rpi4,0.25,22.17121078702621,173.33288817265606,3843
kz2joewu,noniid,fiarse,1338,13,128,9383258319090921968,rpi4,0.25,23.901608523912728,176.3898022085852,4216
kz2joewu,noniid,fiarse,1338,13,129,17594740114407515037,rpi4,0.25,22.84813027898781,175.81307314648052,4017
kz2joewu,noniid,fiarse,1338,13,130,4681649697980552552,rpi4,0.125,49.60927801707294,82.96835117381644,4116
kz2joewu,noniid,fiarse,1338,14,131,4252066721299367098,rpi5,0.5,0.8140147090889513,577.3851439687447,470
kz2joewu,noniid,fiarse,1338,14,132,14686927827295243593,rpi5,1.0,2.4927518110489473,643.8667471370195,1605
kz2joewu,noniid,fiarse,1338,14,133,15672263089141673980,rpi5,1.0,5.643348117941059,657.7655537851704,3712
kz2joewu,noniid,fiarse,1338,14,134,8237446560811828450,rpi5,0.5,7.569679126958363,660.5299796913707,5000
kz2joewu,noniid,fiarse,1338,14,135,509253961054525433,rpi4,0.125,12.221740077016875,172.88863833502083,2113
kz2joewu,noniid,fiarse,1338,14,136,3683801870796115856,rpi4,0.125,19.050409410032444,77.84609601193208,1483
kz2joewu,noniid,fiarse,1338,14,137,1581093669538615976,rpi4,0.125,18.264701443025842,175.36558207596804,3203
kz2joewu,noniid,fiarse,1338,14,138,5962535094096608655,rpi4,0.125,18.577768739080057,176.33979871375138,3276
kz2joewu,noniid,fiarse,1338,14,139,16344340467895667146,rpi4,0.25,14.456256750039756,75.88409772792554,1097
kz2joewu,noniid,fiarse,1338,14,140,4681649697980552552,rpi4,0.125,50.52182158397045,81.4697465561282,4116
kz2joewu,noniid,fiarse,1338,15,141,15849728877569364228,rpi5,1.0,1.0419479029951617,599.8380515987296,625
kz2joewu,noniid,fiarse,1338,15,142,1715230835451711115,rpi5,0.5,2.9638494399841875,649.8305797916224,1926
kz2joewu,noniid,fiarse,1338,15,143,16380414442459192685,rpi5,1.0,6.414546790998429,659.7504294362293,4232
kz2joewu,noniid,fiarse,1338,15,144,15672263089141673980,rpi5,1.0,5.660580023890361,655.7631875768174,3712
kz2joewu,noniid,fiarse,1338,15,145,1612431342736139642,rpi5,0.5,5.258306781994179,657.6261415254619,3458
kz2joewu,noniid,fiarse,1338,15,146,7026112195262507351,rpi4,0.25,14.06267817306798,174.57556589054798,2455
kz2joewu,noniid,fiarse,1338,15,147,3683801870796115856,rpi4,0.125,18.438348482945003,80.43019695455571,1483
kz2joewu,noniid,fiarse,1338,15,148,17594740114407515037,rpi4,0.25,22.760911551886238,176.4867804544104,4017
kz2joewu,noniid,fiarse,1338,15,149,16344340467895667146,rpi4,0.25,14.33604433806613,76.52041066078208,1097
kz2joewu,noniid,fiarse,1338,15,150,4681649697980552552,rpi4,0.125,49.681404369999655,82.84789957518724,4116
kz2joewu,noniid,fiarse,1338,16,151,15849728877569364228,rpi5,1.0,1.051981974975206,594.1166435049712,625
kz2joewu,noniid,fiarse,1338,16,152,1612431342736139642,rpi5,0.5,5.251239556004293,658.511188286222,3458
kz2joewu,noniid,fiarse,1338,16,153,11537634603246188348,rpi5,0.5,4.758891000063159,660.2378579291478,3142
kz2joewu,noniid,fiarse,1338,16,154,1715230835451711115,rpi5,0.5,3.0368898320011795,634.2014714214539,1926
kz2joewu,noniid,fiarse,1338,16,155,14686927827295243593,rpi5,1.0,2.5144079419551417,638.3212418395368,1605
kz2joewu,noniid,fiarse,1338,16,156,8237446560811828450,rpi5,0.5,7.615781272063032,656.5314603166846,5000
kz2joewu,noniid,fiarse,1338,16,157,1581093669538615976,rpi4,0.125,18.219119166955352,175.80432789579598,3203
kz2joewu,noniid,fiarse,1338,16,158,5962535094096608655,rpi4,0.125,18.89628555602394,173.36740547697985,3276
kz2joewu,noniid,fiarse,1338,16,159,9383258319090921968,rpi4,0.25,23.865922227036208,176.65355480057494,4216
kz2joewu,noniid,fiarse,1338,16,160,16344340467895667146,rpi4,0.25,14.49656816397328,75.67308259386887,1097
kz2joewu,noniid,fiarse,1338,17,161,15849728877569364228,rpi5,1.0,1.0391189770307392,601.4710671399,625
kz2joewu,noniid,fiarse,1338,17,162,1715230835451711115,rpi5,0.5,3.0313040300970897,635.3701182320244,1926
kz2joewu,noniid,fiarse,1338,17,163,16380414442459192685,rpi5,1.0,6.408456564066,660.3774181337207,4232
kz2joewu,noniid,fiarse,1338,17,164,509253961054525433,rpi4,0.125,12.232746475026943,172.73308200359364,2113
kz2joewu,noniid,fiarse,1338,17,165,7026112195262507351,rpi4,0.25,14.308612136985175,171.5749910960455,2455
kz2joewu,noniid,fiarse,1338,17,166,3683801870796115856,rpi4,0.125,18.805585494963452,78.85954948848467,1483
kz2joewu,noniid,fiarse,1338,17,167,5962535094096608655,rpi4,0.125,18.55756107601337,176.53181830205065,3276
kz2joewu,noniid,fiarse,1338,17,168,1581093669538615976,rpi4,0.125,18.522580950986594,172.92406541375618,3203
kz2joewu,noniid,fiarse,1338,17,169,17594740114407515037,rpi4,0.25,22.940096831996925,175.10824079857738,4017
kz2joewu,noniid,fiarse,1338,17,170,9383258319090921968,rpi4,0.25,24.054409074014984,175.2693232674078,4216
kz2joewu,noniid,fiarse,1338,18,171,4252066721299367098,rpi5,0.5,0.8226033620303497,571.3567700962782,470
kz2joewu,noniid,fiarse,1338,18,172,1612431342736139642,rpi5,0.5,5.210801212000661,663.6215544043597,3458
kz2joewu,noniid,fiarse,1338,18,173,11537634603246188348,rpi5,0.5,4.796376159996726,655.0778953088085,3142
kz2joewu,noniid,fiarse,1338,18,174,17919787495070007922,rpi5,1.0,7.48328325804323,663.7460896139856,4967
kz2joewu,noniid,fiarse,1338,18,175,3683801870796115856,rpi4,0.125,18.429736278951168,80.46778193422945,1483
kz2joewu,noniid,fiarse,1338,18,176,5962535094096608655,rpi4,0.125,18.815780646982603,174.10917258569108,3276
kz2joewu,noniid,fiarse,1338,18,177,9383258319090921968,rpi4,0.25,23.906723676016554,176.35206133367117,4216
kz2joewu,noniid,fiarse,1338,18,178,17616666223635873065,rpi4,0.25,22.126254958915524,173.68506361043745,3843
kz2joewu,noniid,fiarse,1338,18,179,16344340467895667146,rpi4,0.25,14.354665505001321,76.4211468123582,1097
kz2joewu,noniid,fiarse,1338,18,180,4681649697980552552,rpi4,0.125,50.76869254896883,81.07358675880656,4116
kz2joewu,noniid,fiarse,1338,19,181,15849728877569364228,rpi5,1.0,1.037949020974338,602.1490336907908,625
kz2joewu,noniid,fiarse,1338,19,182,11537634603246188348,rpi5,0.5,4.753900522948243,660.9309523480342,3142
kz2joewu,noniid,fiarse,1338,19,183,1612431342736139642,rpi5,0.5,5.325778768979944,649.2947135057802,3458
kz2joewu,noniid,fiarse,1338,19,184,15672263089141673980,rpi5,1.0,5.653862086939625,656.5423674862337,3712
kz2joewu,noniid,fiarse,1338,19,185,509253961054525433,rpi4,0.125,12.358452029991895,170.9761056540174,2113
kz2joewu,noniid,fiarse,1338,19,186,1581093669538615976,rpi4,0.125,18.283177806064487,175.18836353150667,3203
kz2joewu,noniid,fiarse,1338,19,187,5962535094096608655,rpi4,0.125,18.783517314936034,174.4082295702431,3276
kz2joewu,noniid,fiarse,1338,19,188,17594740114407515037,rpi4,0.25,22.73302078898996,176.70330913283246,4017
kz2joewu,noniid,fiarse,1338,19,189,9383258319090921968,rpi4,0.25,23.868316191015765,176.63583665725602,4216
kz2joewu,noniid,fiarse,1338,19,190,4681649697980552552,rpi4,0.125,50.0355981530156,82.26143289848794,4116
kz2joewu,noniid,fiarse,1338,20,191,4252066721299367098,rpi5,0.5,0.8151739540044218,576.5640544465317,470
kz2joewu,noniid,fiarse,1338,20,192,15849728877569364228,rpi5,1.0,1.0394510460318998,601.2789177382956,625
kz2joewu,noniid,fiarse,1338,20,193,1612431342736139642,rpi5,0.5,5.339185610995628,647.664316610107,3458
kz2joewu,noniid,fiarse,1338,20,194,16380414442459192685,rpi5,1.0,6.422788537922315,658.9038351508602,4232
kz2joewu,noniid,fiarse,1338,20,195,17919787495070007922,rpi5,1.0,7.535859088995494,659.1152967885557,4967
kz2joewu,noniid,fiarse,1338,20,196,3683801870796115856,rpi4,0.125,18.609772291965783,79.68931466400808,1483
kz2joewu,noniid,fiarse,1338,20,197,1581093669538615976,rpi4,0.125,18.24699272098951,175.53577452330487,3203
kz2joewu,noniid,fiarse,1338,20,198,17616666223635873065,rpi4,0.25,21.759726062067784,176.61067924468196,3843
kz2joewu,noniid,fiarse,1338,20,199,17594740114407515037,rpi4,0.25,22.768572365981527,176.42739893528812,4017
kz2joewu,noniid,fiarse,1338,20,200,4681649697980552552,rpi4,0.125,50.86204382299911,80.92478576605689,4116
kz2joewu,noniid,fiarse,1338,21,201,4252066721299367098,rpi5,0.5,0.8311176520073786,565.5035708420104,470
kz2joewu,noniid,fiarse,1338,21,202,15849728877569364228,rpi5,1.0,1.0485564779955894,596.0575449352467,625
kz2joewu,noniid,fiarse,1338,21,203,11537634603246188348,rpi5,0.5,4.7498950799927115,661.4882954435325,3142
kz2joewu,noniid,fiarse,1338,21,204,14686927827295243593,rpi5,1.0,2.5017168190097436,641.5594234343871,1605
kz2joewu,noniid,fiarse,1338,21,205,15672263089141673980,rpi5,1.0,5.720739210955799,648.8671941016191,3712
kz2joewu,noniid,fiarse,1338,21,206,509253961054525433,rpi4,0.125,12.376314613968134,170.72933792546206,2113
kz2joewu,noniid,fiarse,1338,21,207,7026112195262507351,rpi4,0.25,14.26003663497977,172.15944550786793,2455
kz2joewu,noniid,fiarse,1338,21,208,1581093669538615976,rpi4,0.125,18.416157309082337,173.92336230861633,3203
kz2joewu,noniid,fiarse,1338,21,209,17594740114407515037,rpi4,0.25,22.916960810078308,175.28502288285205,4017
kz2joewu,noniid,fiarse,1338,21,210,4681649697980552552,rpi4,0.125,50.208143530995585,81.97873314035245,4116
kz2joewu,noniid,fiarse,1338,22,211,1715230835451711115,rpi5,0.5,2.959437779034488,650.7992881770789,1926
kz2joewu,noniid,fiarse,1338,22,212,15672263089141673980,rpi5,1.0,5.523623666027561,672.0226113213048,3712
kz2joewu,noniid,fiarse,1338,22,213,16380414442459192685,rpi5,1.0,6.426370093016885,658.5366137874065,4232
kz2joewu,noniid,fiarse,1338,22,214,8237446560811828450,rpi5,0.5,7.629428054089658,655.3571204226525,5000
kz2joewu,noniid,fiarse,1338,22,215,509253961054525433,rpi4,0.125,12.201249912031926,173.17897881235294,2113
kz2joewu,noniid,fiarse,1338,22,216,3683801870796115856,rpi4,0.125,18.524886045022868,80.05447355496374,1483
kz2joewu,noniid,fiarse,1338,22,217,5962535094096608655,rpi4,0.125,18.71434198296629,175.0529087788286,3276
kz2joewu,noniid,fiarse,1338,22,218,17594740114407515037,rpi4,0.25,22.779217306990176,176.34495276390896,4017
kz2joewu,noniid,fiarse,1338,22,219,17616666223635873065,rpi4,0.25,23.457799036055803,163.8261114818623,3843
kz2joewu,noniid,fiarse,1338,22,220,4681649697980552552,rpi4,0.125,49.748270380077884,82.73654477941984,4116
kz2joewu,noniid,fiarse,1338,23,221,1715230835451711115,rpi5,0.5,2.9873419869691133,644.7202926217611,1926
kz2joewu,noniid,fiarse,1338,23,222,11537634603246188348,rpi5,0.5,4.68553115602117,670.574988272643,3142
kz2joewu,noniid,fiarse,1338,23,223,15672263089141673980,rpi5,1.0,5.696114516933449,651.6722915181815,3712
kz2joewu,noniid,fiarse,1338,23,224,14686927827295243593,rpi5,1.0,2.510669825016521,639.2716334133814,1605
kz2joewu,noniid,fiarse,1338,23,225,17919787495070007922,rpi5,1.0,7.425588856916875,668.9031800317466,4967
kz2joewu,noniid,fiarse,1338,23,226,5962535094096608655,rpi4,0.125,18.61183096806053,176.0170724536394,3276
kz2joewu,noniid,fiarse,1338,23,227,17616666223635873065,rpi4,0.25,21.836579484981485,175.98910134451665,3843
kz2joewu,noniid,fiarse,1338,23,228,9383258319090921968,rpi4,0.25,23.77608906896785,177.3210046349739,4216
kz2joewu,noniid,fiarse,1338,23,229,17594740114407515037,rpi4,0.25,22.849119946942665,175.80545812389138,4017
kz2joewu,noniid,fiarse,1338,23,230,16344340467895667146,rpi4,0.25,14.41999271698296,76.07493440048846,1097
kz2joewu,noniid,fiarse,1338,24,231,14686927827295243593,rpi5,1.0,2.554068075027317,628.4092486386972,1605
kz2joewu,noniid,fiarse,1338,24,232,1715230835451711115,rpi5,0.5,3.081932763918303,624.9325172010972,1926
kz2joewu,noniid,fiarse,1338,24,233,4252066721299367098,rpi5,0.5,0.8067759600235149,582.5656976520482,470
kz2joewu,noniid,fiarse,1338,24,234,15849728877569364228,rpi5,1.0,1.0498692739056423,595.3122122289792,625
kz2joewu,noniid,fiarse,1338,24,235,11537634603246188348,rpi5,0.5,4.815907830023207,652.4211240946568,3142
kz2joewu,noniid,fiarse,1338,24,236,16380414442459192685,rpi5,1.0,6.444681765977293,656.6654729705253,4232
kz2joewu,noniid,fiarse,1338,24,237,7026112195262507351,rpi4,0.25,14.229738102061674,172.52601435048953,2455
kz2joewu,noniid,fiarse,1338,24,238,1581093669538615976,rpi4,0.125,18.21850374992937,175.8102665270971,3203
kz2joewu,noniid,fiarse,1338,24,239,5962535094096608655,rpi4,0.125,18.758841998991556,174.63764555275387,3276
kz2joewu,noniid,fiarse,1338,24,240,16344340467895667146,rpi4,0.25,14.428050226066262,76.03244948635667,1097
kz2joewu,noniid,fiarse,1338,25,241,15849728877569364228,rpi5,1.0,1.03835411707405,601.9141155439057,625
kz2joewu,noniid,fiarse,1338,25,242,11537634603246188348,rpi5,0.5,4.816868915921077,652.2909497526133,3142
kz2joewu,noniid,fiarse,1338,25,243,15672263089141673980,rpi5,1.0,5.629144283011556,659.4252720085021,3712
kz2joewu,noniid,fiarse,1338,25,244,5962535094096608655,rpi4,0.125,18.736886030063033,174.84228674624538,3276
kz2joewu,noniid,fiarse,1338,25,245,3683801870796115856,rpi4,0.125,18.30774940806441,81.00394903519658,1483
kz2joewu,noniid,fiarse,1338,25,246,1581093669538615976,rpi4,0.125,18.349379447987303,174.55631178586418,3203
kz2joewu,noniid,fiarse,1338,25,247,17594740114407515037,rpi4,0.25,22.958403032971546,174.96861581491598,4017
kz2joewu,noniid,fiarse,1338,25,248,17616666223635873065,rpi4,0.25,23.535778776044026,163.28331586425392,3843
kz2joewu,noniid,fiarse,1338,25,249,9383258319090921968,rpi4,0.25,24.109262173995376,174.87055263546983,4216
kz2joewu,noniid,fiarse,1338,25,250,16344340467895667146,rpi4,0.25,14.72688565601129,74.48961210289707,1097
kz2joewu,noniid,fiarse,1338,26,251,4252066721299367098,rpi5,0.5,0.8101529980776832,580.1373334607263,470
kz2joewu,noniid,fiarse,1338,26,252,15849728877569364228,rpi5,1.0,1.0488540009828284,595.8884643757318,625
kz2joewu,noniid,fiarse,1338,26,253,15672263089141673980,rpi5,1.0,5.633636220009066,658.8994842826444,3712
kz2joewu,noniid,fiarse,1338,26,254,16380414442459192685,rpi5,1.0,6.492066269973293,651.8725817038539,4232
kz2joewu,noniid,fiarse,1338,26,255,1612431342736139642,rpi5,0.5,5.239621713990346,659.9713087619996,3458
kz2joewu,noniid,fiarse,1338,26,256,3683801870796115856,rpi4,0.125,18.40433441393543,80.5788444529186,1483
kz2joewu,noniid,fiarse,1338,26,257,17594740114407515037,rpi4,0.25,22.986235987977125,174.75675452479817,4017
kz2joewu,noniid,fiarse,1338,26,258,5962535094096608655,rpi4,0.125,18.8510803100653,173.78314378358573,3276
kz2joewu,noniid,fiarse,1338,26,259,17616666223635873065,rpi4,0.25,22.06805471505504,174.1431245128402,3843
kz2joewu,noniid,fiarse,1338,26,260,9383258319090921968,rpi4,0.25,23.770917649031617,177.3595812432488,4216
kz2joewu,noniid,fiarse,1338,27,261,1612431342736139642,rpi5,0.5,5.136236410005949,673.2556144151462,3458
kz2joewu,noniid,fiarse,1338,27,262,11537634603246188348,rpi5,0.5,4.745914877043106,662.0430583781543,3142
kz2joewu,noniid,fiarse,1338,27,263,16380414442459192685,rpi5,1.0,6.309080780018121,670.7791749003164,4232
kz2joewu,noniid,fiarse,1338,27,264,17919787495070007922,rpi5,1.0,7.400539543945342,671.167280507769,4967
kz2joewu,noniid,fiarse,1338,27,265,7026112195262507351,rpi4,0.25,14.132199985906482,173.71676047949225,2455
kz2joewu,noniid,fiarse,1338,27,266,5962535094096608655,rpi4,0.125,18.736783323111013,174.8432451561307,3276
kz2joewu,noniid,fiarse,1338,27,267,1581093669538615976,rpi4,0.125,18.300451845047064,175.02300091387514,3203
kz2joewu,noniid,fiarse,1338,27,268,17594740114407515037,rpi4,0.25,22.71276124601718,176.86092661694337,4017
kz2joewu,noniid,fiarse,1338,27,269,9383258319090921968,rpi4,0.25,24.010942758992314,175.58660825265056,4216
kz2joewu,noniid,fiarse,1338,27,270,4681649697980552552,rpi4,0.125,49.76806827506516,82.70363192019252,4116
kz2joewu,noniid,fiarse,1338,28,271,4252066721299367098,rpi5,0.5,0.8153025159845129,576.4731382344071,470
kz2joewu,noniid,fiarse,1338,28,272,14686927827295243593,rpi5,1.0,2.502204204094596,641.434459015609,1605
kz2joewu,noniid,fiarse,1338,28,273,11537634603246188348,rpi5,0.5,4.77773148403503,657.6342790504472,3142
kz2joewu,noniid,fiarse,1338,28,274,1612431342736139642,rpi5,0.5,5.255438911030069,657.9850053517662,3458
kz2joewu,noniid,fiarse,1338,28,275,16380414442459192685,rpi5,1.0,6.408662977977656,660.3561483171436,4232
kz2joewu,noniid,fiarse,1338,28,276,17919787495070007922,rpi5,1.0,7.43813639797736,667.7747938785673,4967
kz2joewu,noniid,fiarse,1338,28,277,509253961054525433,rpi4,0.125,12.123725514975376,174.2863608541777,2113
kz2joewu,noniid,fiarse,1338,28,278,17616666223635873065,rpi4,0.25,22.004745904006995,174.64414343908427,3843
kz2joewu,noniid,fiarse,1338,28,279,9383258319090921968,rpi4,0.25,23.969580959994346,175.88959969874227,4216
kz2joewu,noniid,fiarse,1338,28,280,17594740114407515037,rpi4,0.25,22.89324673009105,175.46659271880497,4017
kz2joewu,noniid,fiarse,1338,29,281,1715230835451711115,rpi5,0.5,2.975020194076933,647.3905635445897,1926
kz2joewu,noniid,fiarse,1338,29,282,15849728877569364228,rpi5,1.0,1.0456418560352176,597.718995650983,625
kz2joewu,noniid,fiarse,1338,29,283,15672263089141673980,rpi5,1.0,5.623393170069903,660.0996742957343,3712
kz2joewu,noniid,fiarse,1338,29,284,14686927827295243593,rpi5,1.0,2.4922037409851328,644.0083423378404,1605
kz2joewu,noniid,fiarse,1338,29,285,17919787495070007922,rpi5,1.0,7.454235121025704,666.3326175464855,4967
kz2joewu,noniid,fiarse,1338,29,286,1612431342736139642,rpi5,0.5,5.303065042942762,652.075728281299,3458
kz2joewu,noniid,fiarse,1338,29,287,1581093669538615976,rpi4,0.125,18.14613545802422,176.5114124387093,3203
kz2joewu,noniid,fiarse,1338,29,288,3683801870796115856,rpi4,0.125,18.497853928944096,80.17146235972322,1483
kz2joewu,noniid,fiarse,1338,29,289,16344340467895667146,rpi4,0.25,14.454605815932155,75.89276483699506,1097
kz2joewu,noniid,fiarse,1338,29,290,4681649697980552552,rpi4,0.125,50.03982265596278,82.25448815633511,4116
kz2joewu,noniid,fiarse,1338,30,291,1715230835451711115,rpi5,0.5,3.0224040279863402,637.2410776871504,1926
kz2joewu,noniid,fiarse,1338,30,292,11537634603246188348,rpi5,0.5,4.82698427408468,650.9240183086787,3142
kz2joewu,noniid,fiarse,1338,30,293,15672263089141673980,rpi5,1.0,5.6268333330517635,659.6960990822104,3712
kz2joewu,noniid,fiarse,1338,30,294,16380414442459192685,rpi5,1.0,6.355915363994427,665.8364307325145,4232
kz2joewu,noniid,fiarse,1338,30,295,5962535094096608655,rpi4,0.125,18.60188058996573,176.11122618253702,3276
kz2joewu,noniid,fiarse,1338,30,296,1581093669538615976,rpi4,0.125,18.178129445994273,176.20074769056131,3203
kz2joewu,noniid,fiarse,1338,30,297,17594740114407515037,rpi4,0.25,22.73545368993655,176.68440026679806,4017
kz2joewu,noniid,fiarse,1338,30,298,17616666223635873065,rpi4,0.25,21.770227608969435,176.52548558641004,3843
kz2joewu,noniid,fiarse,1338,30,299,16344340467895667146,rpi4,0.25,14.478088199044578,75.76967241243854,1097
kz2joewu,noniid,fiarse,1338,30,300,4681649697980552552,rpi4,0.125,49.56617383600678,83.04050285620349,4116
kz2joewu,noniid,fiarse,1338,31,301,14686927827295243593,rpi5,1.0,2.4849970530485734,645.8760174508052,1605
kz2joewu,noniid,fiarse,1338,31,302,15672263089141673980,rpi5,1.0,5.661382365040481,655.6702516547755,3712
kz2joewu,noniid,fiarse,1338,31,303,1715230835451711115,rpi5,0.5,3.021707267034799,637.3880160436532,1926
kz2joewu,noniid,fiarse,1338,31,304,16380414442459192685,rpi5,1.0,6.2331240409985185,678.9532780294314,4232
kz2joewu,noniid,fiarse,1338,31,305,1612431342736139642,rpi5,0.5,5.227621585014276,661.4862885088796,3458
kz2joewu,noniid,fiarse,1338,31,306,17919787495070007922,rpi5,1.0,7.504794553969987,661.8435673728723,4967
kz2joewu,noniid,fiarse,1338,31,307,5962535094096608655,rpi4,0.125,18.779313294100575,174.44727337442836,3276
kz2joewu,noniid,fiarse,1338,31,308,3683801870796115856,rpi4,0.125,18.53795868298039,79.99802056747139,1483
kz2joewu,noniid,fiarse,1338,31,309,17594740114407515037,rpi4,0.25,22.676361578982323,177.14482043376714,4017
kz2joewu,noniid,fiarse,1338,31,310,4681649697980552552,rpi4,0.125,50.134662900003605,82.09888651709083,4116
kz2joewu,noniid,fiarse,1338,32,311,15672263089141673980,rpi5,1.0,5.672952812048607,654.332959039638,3712
kz2joewu,noniid,fiarse,1338,32,312,1715230835451711115,rpi5,0.5,3.0241791260195896,636.8670372164734,1926
kz2joewu,noniid,fiarse,1338,32,313,14686927827295243593,rpi5,1.0,2.494773935060948,643.344864816695,1605
kz2joewu,noniid,fiarse,1338,32,314,16380414442459192685,rpi5,1.0,6.265918549965136,675.399778381024,4232
kz2joewu,noniid,fiarse,1338,32,315,509253961054525433,rpi4,0.125,12.147587192011997,173.94400769475152,2113
kz2joewu,noniid,fiarse,1338,32,316,3683801870796115856,rpi4,0.125,18.595015258993953,79.75255622781536,1483
kz2joewu,noniid,fiarse,1338,32,317,1581093669538615976,rpi4,0.125,18.269258648040704,175.3218377223811,3203
kz2joewu,noniid,fiarse,1338,32,318,5962535094096608655,rpi4,0.125,18.595114234020002,176.17530921141187,3276
kz2joewu,noniid,fiarse,1338,32,319,16344340467895667146,rpi4,0.25,14.400802369927987,76.17631100130747,1097
kz2joewu,noniid,fiarse,1338,32,320,4681649697980552552,rpi4,0.125,49.768795649986714,82.70242320000963,4116
kz2joewu,noniid,fiarse,1338,33,321,4252066721299367098,rpi5,0.5,0.8081669260282069,581.5630222704707,470
kz2joewu,noniid,fiarse,1338,33,322,11537634603246188348,rpi5,0.5,4.741392361931503,662.6745394932982,3142
kz2joewu,noniid,fiarse,1338,33,323,14686927827295243593,rpi5,1.0,2.4447047490393743,656.5209973231619,1605
kz2joewu,noniid,fiarse,1338,33,324,16380414442459192685,rpi5,1.0,6.283098504994996,673.5530242977419,4232
kz2joewu,noniid,fiarse,1338,33,325,15672263089141673980,rpi5,1.0,5.5356789159122854,670.5591231691332,3712
kz2joewu,noniid,fiarse,1338,33,326,7026112195262507351,rpi4,0.25,14.041151130921207,174.84321457046613,2455
kz2joewu,noniid,fiarse,1338,33,327,17594740114407515037,rpi4,0.25,22.87480428989511,175.6080598151609,4017
kz2joewu,noniid,fiarse,1338,33,328,9383258319090921968,rpi4,0.25,23.77215635799803,177.35033946895385,4216
kz2joewu,noniid,fiarse,1338,33,329,16344340467895667146,rpi4,0.25,14.385286157950759,76.25847605358112,1097
kz2joewu,noniid,fiarse,1338,33,330,4681649697980552552,rpi4,0.125,49.72989328892436,82.76711908643284,4116
kz2joewu,noniid,fiarse,1338,34,331,4252066721299367098,rpi5,0.5,0.818446060991846,574.2589797920507,470
kz2joewu,noniid,fiarse,1338,34,332,14686927827295243593,rpi5,1.0,2.493971935007721,643.5517487068398,1605
kz2joewu,noniid,fiarse,1338,34,333,17919787495070007922,rpi5,1.0,7.500382756930776,662.2328701038907,4967
kz2joewu,noniid,fiarse,1338,34,334,16380414442459192685,rpi5,1.0,6.472792196087539,653.8136667755255,4232
kz2joewu,noniid,fiarse,1338,34,335,7026112195262507351,rpi4,0.25,14.204836203949526,172.82846241601925,2455
kz2joewu,noniid,fiarse,1338,34,336,5962535094096608655,rpi4,0.125,18.68028719793074,175.37203605536058,3276
kz2joewu,noniid,fiarse,1338,34,337,3683801870796115856,rpi4,0.125,18.6058985539712,79.7059059361297,1483
kz2joewu,noniid,fiarse,1338,34,338,17594740114407515037,rpi4,0.25,22.995071306009777,174.68960833142336,4017
kz2joewu,noniid,fiarse,1338,34,339,17616666223635873065,rpi4,0.25,21.769426984945312,176.53197774372444,3843
kz2joewu,noniid,fiarse,1338,34,340,9383258319090921968,rpi4,0.25,24.16287112305872,174.48257611971678,4216
kz2joewu,noniid,fiarse,1338,35,341,14686927827295243593,rpi5,1.0,2.496061697951518,643.0129516899364,1605
kz2joewu,noniid,fiarse,1338,35,342,11537634603246188348,rpi5,0.5,4.848714565043338,648.0067980598724,3142
kz2joewu,noniid,fiarse,1338,35,343,8237446560811828450,rpi5,0.5,7.414886859012768,674.3191224721816,5000
kz2joewu,noniid,fiarse,1338,35,344,17919787495070007922,rpi5,1.0,7.393053508945741,671.8468889735252,4967
kz2joewu,noniid,fiarse,1338,35,345,509253961054525433,rpi4,0.125,12.282791853998788,172.02929310505993,2113
kz2joewu,noniid,fiarse,1338,35,346,7026112195262507351,rpi4,0.25,14.138415074907243,173.64039653618008,2455
kz2joewu,noniid,fiarse,1338,35,347,5962535094096608655,rpi4,0.125,18.74464564304799,174.76990829191814,3276
kz2joewu,noniid,fiarse,1338,35,348,1581093669538615976,rpi4,0.125,18.402497352915816,174.05246356372902,3203
kz2joewu,noniid,fiarse,1338,35,349,3683801870796115856,rpi4,0.125,18.992437723092735,78.08371003353791,1483
kz2joewu,noniid,fiarse,1338,35,350,17594740114407515037,rpi4,0.25,22.923155269934796,175.23765610350142,4017
kz2joewu,noniid,fiarse,1338,36,351,15849728877569364228,rpi5,1.0,1.0441342709818855,598.5820189698984,625
kz2joewu,noniid,fiarse,1338,36,352,11537634603246188348,rpi5,0.5,4.811809547012672,652.9767999547397,3142
kz2joewu,noniid,fiarse,1338,36,353,16380414442459192685,rpi5,1.0,6.462475133012049,654.8574521210633,4232
kz2joewu,noniid,fiarse,1338,36,354,8237446560811828450,rpi5,0.5,7.556071823928505,661.7194908293542,5000
kz2joewu,noniid,fiarse,1338,36,355,15672263089141673980,rpi5,1.0,5.694575893925503,651.8483674894298,3712
kz2joewu,noniid,fiarse,1338,36,356,7026112195262507351,rpi4,0.25,14.249322292977013,172.28889553645527,2455
kz2joewu,noniid,fiarse,1338,36,357,5962535094096608655,rpi4,0.125,18.77548970701173,174.48279917708746,3276
kz2joewu,noniid,fiarse,1338,36,358,3683801870796115856,rpi4,0.125,18.859376756940037,78.63462399171132,1483
kz2joewu,noniid,fiarse,1338,36,359,9383258319090921968,rpi4,0.25,23.93178026599344,176.16742060726875,4216
kz2joewu,noniid,fiarse,1338,36,360,16344340467895667146,rpi4,0.25,14.399485776899382,76.18327605558531,1097
kz2joewu,noniid,fiarse,1338,37,361,1715230835451711115,rpi5,0.5,2.9896271099569276,644.2275003412544,1926
kz2joewu,noniid,fiarse,1338,37,362,4252066721299367098,rpi5,0.5,0.808572354959324,581.2714188375186,470
kz2joewu,noniid,fiarse,1338,37,363,11537634603246188348,rpi5,0.5,4.835054080933332,649.837612445792,3142
kz2joewu,noniid,fiarse,1338,37,364,15672263089141673980,rpi5,1.0,5.566041001002304,666.9013036971093,3712
kz2joewu,noniid,fiarse,1338,37,365,16380414442459192685,rpi5,1.0,6.377464895951562,663.5865612818174,4232
kz2joewu,noniid,fiarse,1338,37,366,509253961054525433,rpi4,0.125,12.29724081105087,171.8271628950423,2113
kz2joewu,noniid,fiarse,1338,37,367,5962535094096608655,rpi4,0.125,18.78411458595656,174.40268398113446,3276
kz2joewu,noniid,fiarse,1338,37,368,9383258319090921968,rpi4,0.25,23.895096187014133,176.43787524451142,4216
kz2joewu,noniid,fiarse,1338,37,369,17594740114407515037,rpi4,0.25,22.897997198044322,175.43019004051084,4017
kz2joewu,noniid,fiarse,1338,37,370,16344340467895667146,rpi4,0.25,14.70147900597658,74.61834279081972,1097
kz2joewu,noniid,fiarse,1338,38,371,14686927827295243593,rpi5,1.0,2.4965690249809995,642.8822852243051,1605
kz2joewu,noniid,fiarse,1338,38,372,4252066721299367098,rpi5,0.5,0.804598405957222,584.1423454485298,470
kz2joewu,noniid,fiarse,1338,38,373,15672263089141673980,rpi5,1.0,5.5518667889991775,668.6039382924664,3712
kz2joewu,noniid,fiarse,1338,38,374,11537634603246188348,rpi5,0.5,4.83710541005712,649.5620280400085,3142
kz2joewu,noniid,fiarse,1338,38,375,1612431342736139642,rpi5,0.5,5.3165337680839,650.4237818931933,3458
kz2joewu,noniid,fiarse,1338,38,376,7026112195262507351,rpi4,0.25,14.0308944999706,174.9710255468847,2455
kz2joewu,noniid,fiarse,1338,38,377,5962535094096608655,rpi4,0.125,18.668526182998903,175.48251896731918,3276
kz2joewu,noniid,fiarse,1338,38,378,1581093669538615976,rpi4,0.125,18.267529472941533,175.33843340690316,3203
kz2joewu,noniid,fiarse,1338,38,379,17594740114407515037,rpi4,0.25,22.823526341933757,176.0026009924483,4017
kz2joewu,noniid,fiarse,1338,38,380,4681649697980552552,rpi4,0.125,49.23876830399968,83.59266776512068,4116
kz2joewu,noniid,fiarse,1338,39,381,4252066721299367098,rpi5,0.5,0.8154907639836892,576.3400650965565,470
kz2joewu,noniid,fiarse,1338,39,382,15849728877569364228,rpi5,1.0,1.0366749180248007,602.8890919738138,625
kz2joewu,noniid,fiarse,1338,39,383,1715230835451711115,rpi5,0.5,3.005296273040585,640.8685949792845,1926
kz2joewu,noniid,fiarse,1338,39,384,15672263089141673980,rpi5,1.0,5.607456447090954,661.9757166238389,3712
kz2joewu,noniid,fiarse,1338,39,385,7026112195262507351,rpi4,0.25,14.071084862924181,174.47126670870028,2455
kz2joewu,noniid,fiarse,1338,39,386,1581093669538615976,rpi4,0.125,18.295524284010753,175.07014012160556,3203
kz2joewu,noniid,fiarse,1338,39,387,3683801870796115856,rpi4,0.125,18.473055729991756,80.27908439599894,1483
kz2joewu,noniid,fiarse,1338,39,388,17616666223635873065,rpi4,0.25,21.890239670989104,175.55769410296068,3843
kz2joewu,noniid,fiarse,1338,39,389,17594740114407515037,rpi4,0.25,22.734028553939424,176.6954761435769,4017
kz2joewu,noniid,fiarse,1338,39,390,9383258319090921968,rpi4,0.25,23.831102999974973,176.91166036269607,4216
kz2joewu,noniid,fiarse,1338,40,391,4252066721299367098,rpi5,0.5,0.8235945239430293,570.6691658776879,470
kz2joewu,noniid,fiarse,1338,40,392,1612431342736139642,rpi5,0.5,5.28736149193719,654.0124039699532,3458
kz2joewu,noniid,fiarse,1338,40,393,15672263089141673980,rpi5,1.0,5.696661514928564,651.6097174235124,3712
kz2joewu,noniid,fiarse,1338,40,394,11537634603246188348,rpi5,0.5,4.700529334950261,668.435356128513,3142
kz2joewu,noniid,fiarse,1338,40,395,8237446560811828450,rpi5,0.5,7.573260397068225,660.2176259429307,5000
kz2joewu,noniid,fiarse,1338,40,396,16380414442459192685,rpi5,1.0,6.355444577988237,665.8857532417668,4232
kz2joewu,noniid,fiarse,1338,40,397,17594740114407515037,rpi4,0.25,22.871004475047812,175.6372355391095,4017
kz2joewu,noniid,fiarse,1338,40,398,9383258319090921968,rpi4,0.25,23.871899178018793,176.60932498751862,4216
kz2joewu,noniid,fiarse,1338,40,399,16344340467895667146,rpi4,0.25,14.336572262924165,76.51759290028856,1097
kz2joewu,noniid,fiarse,1338,40,400,4681649697980552552,rpi4,0.125,49.494463262031786,83.16081696268172,4116
