run_id,regime,method,seed,model_rate,eval_acc,device_type,client_model_rate,node_id
rr93i4c5,iid,heterofl,1337,0.125,0.71,rpi5,0.5,3190705350235416152
rr93i4c5,iid,heterofl,1337,0.125,0.69,rpi5,1.0,10033524503234297407
rr93i4c5,iid,heterofl,1337,0.125,0.676,rpi5,0.5,8562682411244942043
rr93i4c5,iid,heterofl,1337,0.125,0.67,rpi5,0.5,8063334414481108678
rr93i4c5,iid,heterofl,1337,0.125,0.68,rpi5,0.5,9729405591584874754
rr93i4c5,iid,heterofl,1337,0.125,0.632,rpi5,1.0,10932301347024296793
rr93i4c5,iid,heterofl,1337,0.125,0.674,rpi5,1.0,12767164740634502089
rr93i4c5,iid,heterofl,1337,0.125,0.686,rpi5,1.0,10446514663894992915
rr93i4c5,iid,heterofl,1337,0.125,0.666,rpi5,0.5,5008973360788601288
rr93i4c5,iid,heterofl,1337,0.125,0.702,rpi5,1.0,18383088868083530438
rr93i4c5,iid,heterofl,1337,0.125,0.654,rpi4,0.25,15302638324667653436
rr93i4c5,iid,heterofl,1337,0.125,0.648,rpi4,0.125,5386968701662192197
rr93i4c5,iid,heterofl,1337,0.125,0.614,rpi4,0.25,17310837616851378691
rr93i4c5,iid,heterofl,1337,0.125,0.652,rpi4,0.25,8534008222437838091
rr93i4c5,iid,heterofl,1337,0.125,0.63,rpi4,0.25,7124208281962356426
rr93i4c5,iid,heterofl,1337,0.125,0.672,rpi4,0.125,2993261879677907085
rr93i4c5,iid,heterofl,1337,0.125,0.636,rpi4,0.125,5541173348695825130
rr93i4c5,iid,heterofl,1337,0.125,0.666,rpi4,0.125,6306987078040641866
rr93i4c5,iid,heterofl,1337,0.125,0.632,rpi4,0.25,8521529017431495962
rr93i4c5,iid,heterofl,1337,0.125,0.642,rpi4,0.125,3370024520703496022
rr93i4c5,iid,heterofl,1337,0.25,0.768,rpi5,1.0,18383088868083530438
rr93i4c5,iid,heterofl,1337,0.25,0.752,rpi5,1.0,10446514663894992915
rr93i4c5,iid,heterofl,1337,0.25,0.732,rpi5,1.0,12767164740634502089
rr93i4c5,iid,heterofl,1337,0.25,0.744,rpi5,0.5,5008973360788601288
rr93i4c5,iid,heterofl,1337,0.25,0.698,rpi5,1.0,10932301347024296793
rr93i4c5,iid,heterofl,1337,0.25,0.73,rpi5,0.5,8562682411244942043
rr93i4c5,iid,heterofl,1337,0.25,0.748,rpi5,0.5,9729405591584874754
rr93i4c5,iid,heterofl,1337,0.25,0.762,rpi5,1.0,10033524503234297407
rr93i4c5,iid,heterofl,1337,0.25,0.762,rpi5,0.5,3190705350235416152
rr93i4c5,iid,heterofl,1337,0.25,0.726,rpi5,0.5,8063334414481108678
rr93i4c5,iid,heterofl,1337,0.25,0.71,rpi4,0.25,8521529017431495962
rr93i4c5,iid,heterofl,1337,0.25,0.722,rpi4,0.25,15302638324667653436
rr93i4c5,iid,heterofl,1337,0.25,0.702,rpi4,0.25,8534008222437838091
rr93i4c5,iid,heterofl,1337,0.25,0.772,rpi4,0.125,2993261879677907085
rr93i4c5,iid,heterofl,1337,0.25,0.74,rpi4,0.125,5386968701662192197
rr93i4c5,iid,heterofl,1337,0.25,0.688,rpi4,0.25,17310837616851378691
rr93i4c5,iid,heterofl,1337,0.25,0.73,rpi4,0.25,7124208281962356426
rr93i4c5,iid,heterofl,1337,0.25,0.718,rpi4,0.125,5541173348695825130
rr93i4c5,iid,heterofl,1337,0.25,0.726,rpi4,0.125,6306987078040641866
rr93i4c5,iid,heterofl,1337,0.25,0.73,rpi4,0.125,3370024520703496022
rr93i4c5,iid,heterofl,1337,0.5,0.794,rpi5,1.0,18383088868083530438
rr93i4c5,iid,heterofl,1337,0.5,0.792,rpi5,1.0,12767164740634502089
rr93i4c5,iid,heterofl,1337,0.5,0.808,rpi5,1.0,10446514663894992915
rr93i4c5,iid,heterofl,1337,0.5,0.76,rpi5,1.0,10932301347024296793
rr93i4c5,iid,heterofl,1337,0.5,0.778,rpi5,0.5,8063334414481108678
rr93i4c5,iid,heterofl,1337,0.5,0.764,rpi5,0.5,5008973360788601288
rr93i4c5,iid,heterofl,1337,0.5,0.814,rpi5,1.0,10033524503234297407
rr93i4c5,iid,heterofl,1337,0.5,0.788,rpi5,0.5,9729405591584874754
rr93i4c5,iid,heterofl,1337,0.5,0.802,rpi5,0.5,3190705350235416152
rr93i4c5,iid,heterofl,1337,0.5,0.776,rpi5,0.5,8562682411244942043
rr93i4c5,iid,heterofl,1337,0.5,0.792,rpi4,0.125,2993261879677907085
rr93i4c5,iid,heterofl,1337,0.5,0.736,rpi4,0.25,8534008222437838091
rr93i4c5,iid,heterofl,1337,0.5,0.744,rpi4,0.25,8521529017431495962
rr93i4c5,iid,heterofl,1337,0.5,0.736,rpi4,0.25,17310837616851378691
rr93i4c5,iid,heterofl,1337,0.5,0.776,rpi4,0.125,5386968701662192197
rr93i4c5,iid,heterofl,1337,0.5,0.758,rpi4,0.25,15302638324667653436
rr93i4c5,iid,heterofl,1337,0.5,0.766,rpi4,0.125,5541173348695825130
rr93i4c5,iid,heterofl,1337,0.5,0.762,rpi4,0.125,6306987078040641866
rr93i4c5,iid,heterofl,1337,0.5,0.756,rpi4,0.25,7124208281962356426
rr93i4c5,iid,heterofl,1337,0.5,0.77,rpi4,0.125,3370024520703496022
rr93i4c5,iid,heterofl,1337,1.0,0.818,rpi5,1.0,10033524503234297407
rr93i4c5,iid,heterofl,1337,1.0,0.822,rpi5,1.0,12767164740634502089
rr93i4c5,iid,heterofl,1337,1.0,0.846,rpi5,0.5,3190705350235416152
rr93i4c5,iid,heterofl,1337,1.0,0.828,rpi5,1.0,18383088868083530438
rr93i4c5,iid,heterofl,1337,1.0,0.822,rpi5,0.5,9729405591584874754
rr93i4c5,iid,heterofl,1337,1.0,0.83,rpi5,1.0,10446514663894992915
rr93i4c5,iid,heterofl,1337,1.0,0.792,rpi5,0.5,5008973360788601288
rr93i4c5,iid,heterofl,1337,1.0,0.81,rpi5,0.5,8562682411244942043
rr93i4c5,iid,heterofl,1337,1.0,0.806,rpi5,1.0,10932301347024296793
rr93i4c5,iid,heterofl,1337,1.0,0.826,rpi5,0.5,8063334414481108678
rr93i4c5,iid,heterofl,1337,1.0,0.776,rpi4,0.25,8521529017431495962
rr93i4c5,iid,heterofl,1337,1.0,0.83,rpi4,0.125,2993261879677907085
rr93i4c5,iid,heterofl,1337,1.0,0.822,rpi4,0.125,5386968701662192197
rr93i4c5,iid,heterofl,1337,1.0,0.808,rpi4,0.25,15302638324667653436
rr93i4c5,iid,heterofl,1337,1.0,0.804,rpi4,0.25,7124208281962356426
rr93i4c5,iid,heterofl,1337,1.0,0.778,rpi4,0.25,8534008222437838091
rr93i4c5,iid,heterofl,1337,1.0,0.79,rpi4,0.125,6306987078040641866
rr93i4c5,iid,heterofl,1337,1.0,0.796,rpi4,0.125,5541173348695825130
rr93i4c5,iid,heterofl,1337,1.0,0.77,rpi4,0.25,17310837616851378691
rr93i4c5,iid,heterofl,1337,1.0,0.798,rpi4,0.125,3370024520703496022
bx49lc5k,iid,heterofl,1338,0.125,0.638,rpi5,0.5,7822628701196313541
bx49lc5k,iid,heterofl,1338,0.125,0.672,rpi5,0.5,4568389179644570140
bx49lc5k,iid,heterofl,1338,0.125,0.634,rpi5,1.0,14224728853299755568
bx49lc5k,iid,heterofl,1338,0.125,0.65,rpi5,0.5,9509756222588831437
bx49lc5k,iid,heterofl,1338,0.125,0.646,rpi5,1.0,10669211569253228091
bx49lc5k,iid,heterofl,1338,0.125,0.642,rpi5,0.5,8674151881999616
bx49lc5k,iid,heterofl,1338,0.125,0.676,rpi5,0.5,1026344332911400302
bx49lc5k,iid,heterofl,1338,0.125,0.666,rpi5,1.0,10614291453297173530
bx49lc5k,iid,heterofl,1338,0.125,0.624,rpi5,1.0,9840277107990619066
bx49lc5k,iid,heterofl,1338,0.125,0.666,rpi5,1.0,14156708895825934231
bx49lc5k,iid,heterofl,1338,0.125,0.646,rpi4,0.25,17449783310299713536
bx49lc5k,iid,heterofl,1338,0.125,0.656,rpi4,0.125,14126041400291355866
bx49lc5k,iid,heterofl,1338,0.125,0.668,rpi4,0.125,6553601236479154295
bx49lc5k,iid,heterofl,1338,0.125,0.604,rpi4,0.125,5369298988829055689
bx49lc5k,iid,heterofl,1338,0.125,0.604,rpi4,0.25,17318750259244794732
bx49lc5k,iid,heterofl,1338,0.125,0.646,rpi4,0.125,12752386386276077351
bx49lc5k,iid,heterofl,1338,0.125,0.628,rpi4,0.125,440899273524989016
bx49lc5k,iid,heterofl,1338,0.125,0.618,rpi4,0.25,15496990414154725334
bx49lc5k,iid,heterofl,1338,0.125,0.6,rpi4,0.25,17406322192199315253
bx49lc5k,iid,heterofl,1338,0.125,0.596,rpi4,0.25,18418689549988263872
bx49lc5k,iid,heterofl,1338,0.25,0.732,rpi5,1.0,14156708895825934231
bx49lc5k,iid,heterofl,1338,0.25,0.714,rpi5,0.5,4568389179644570140
bx49lc5k,iid,heterofl,1338,0.25,0.736,rpi5,1.0,9840277107990619066
bx49lc5k,iid,heterofl,1338,0.25,0.77,rpi5,0.5,1026344332911400302
bx49lc5k,iid,heterofl,1338,0.25,0.716,rpi5,1.0,10669211569253228091
bx49lc5k,iid,heterofl,1338,0.25,0.75,rpi5,1.0,10614291453297173530
bx49lc5k,iid,heterofl,1338,0.25,0.742,rpi5,1.0,14224728853299755568
bx49lc5k,iid,heterofl,1338,0.25,0.728,rpi5,0.5,7822628701196313541
bx49lc5k,iid,heterofl,1338,0.25,0.718,rpi5,0.5,8674151881999616
bx49lc5k,iid,heterofl,1338,0.25,0.748,rpi5,0.5,9509756222588831437
bx49lc5k,iid,heterofl,1338,0.25,0.742,rpi4,0.125,6553601236479154295
bx49lc5k,iid,heterofl,1338,0.25,0.734,rpi4,0.25,17318750259244794732
bx49lc5k,iid,heterofl,1338,0.25,0.708,rpi4,0.25,17406322192199315253
bx49lc5k,iid,heterofl,1338,0.25,0.754,rpi4,0.125,14126041400291355866
bx49lc5k,iid,heterofl,1338,0.25,0.744,rpi4,0.25,17449783310299713536
bx49lc5k,iid,heterofl,1338,0.25,0.694,rpi4,0.125,440899273524989016
bx49lc5k,iid,heterofl,1338,0.25,0.722,rpi4,0.125,5369298988829055689
bx49lc5k,iid,heterofl,1338,0.25,0.75,rpi4,0.25,15496990414154725334
bx49lc5k,iid,heterofl,1338,0.25,0.748,rpi4,0.125,12752386386276077351
bx49lc5k,iid,heterofl,1338,0.25,0.752,rpi4,0.25,18418689549988263872
bx49lc5k,iid,heterofl,1338,0.5,0.794,rpi5,1.0,10614291453297173530
bx49lc5k,iid,heterofl,1338,0.5,0.812,rpi5,0.5,1026344332911400302
bx49lc5k,iid,heterofl,1338,0.5,0.77,rpi5,0.5,4568389179644570140
bx49lc5k,iid,heterofl,1338,0.5,0.81,rpi5,0.5,9509756222588831437
bx49lc5k,iid,heterofl,1338,0.5,0.776,rpi5,0.5,8674151881999616
bx49lc5k,iid,heterofl,1338,0.5,0.744,rpi5,1.0,10669211569253228091
bx49lc5k,iid,heterofl,1338,0.5,0.812,rpi5,1.0,9840277107990619066
bx49lc5k,iid,heterofl,1338,0.5,0.784,rpi5,1.0,14224728853299755568
bx49lc5k,iid,heterofl,1338,0.5,0.79,rpi5,1.0,14156708895825934231
bx49lc5k,iid,heterofl,1338,0.5,0.782,rpi5,0.5,7822628701196313541
bx49lc5k,iid,heterofl,1338,0.5,0.756,rpi4,0.25,17406322192199315253
bx49lc5k,iid,heterofl,1338,0.5,0.76,rpi4,0.125,6553601236479154295
bx49lc5k,iid,heterofl,1338,0.5,0.748,rpi4,0.125,440899273524989016
bx49lc5k,iid,heterofl,1338,0.5,0.806,rpi4,0.25,15496990414154725334
bx49lc5k,iid,heterofl,1338,0.5,0.816,rpi4,0.125,14126041400291355866
bx49lc5k,iid,heterofl,1338,0.5,0.768,rpi4,0.25,17318750259244794732
bx49lc5k,iid,heterofl,1338,0.5,0.762,rpi4,0.25,17449783310299713536
bx49lc5k,iid,heterofl,1338,0.5,0.778,rpi4,0.125,5369298988829055689
bx49lc5k,iid,heterofl,1338,0.5,0.776,rpi4,0.125,12752386386276077351
bx49lc5k,iid,heterofl,1338,0.5,0.772,rpi4,0.25,18418689549988263872
bx49lc5k,iid,heterofl,1338,1.0,0.778,rpi5,1.0,10669211569253228091
bx49lc5k,iid,heterofl,1338,1.0,0.832,rpi5,1.0,10614291453297173530
bx49lc5k,iid,heterofl,1338,1.0,0.82,rpi5,1.0,14156708895825934231
bx49lc5k,iid,heterofl,1338,1.0,0.818,rpi5,1.0,14224728853299755568
bx49lc5k,iid,heterofl,1338,1.0,0.82,rpi5,0.5,8674151881999616
bx49lc5k,iid,heterofl,1338,1.0,0.804,rpi5,0.5,4568389179644570140
bx49lc5k,iid,heterofl,1338,1.0,0.826,rpi5,0.5,9509756222588831437
bx49lc5k,iid,heterofl,1338,1.0,0.83,rpi5,1.0,9840277107990619066
bx49lc5k,iid,heterofl,1338,1.0,0.786,rpi5,0.5,7822628701196313541
bx49lc5k,iid,heterofl,1338,1.0,0.828,rpi5,0.5,1026344332911400302
bx49lc5k,iid,heterofl,1338,1.0,0.82,rpi4,0.25,15496990414154725334
bx49lc5k,iid,heterofl,1338,1.0,0.78,rpi4,0.125,440899273524989016
bx49lc5k,iid,heterofl,1338,1.0,0.77,rpi4,0.25,17318750259244794732
bx49lc5k,iid,heterofl,1338,1.0,0.76,rpi4,0.25,17406322192199315253
bx49lc5k,iid,heterofl,1338,1.0,0.782,rpi4,0.25,17449783310299713536
bx49lc5k,iid,heterofl,1338,1.0,0.798,rpi4,0.125,12752386386276077351
bx49lc5k,iid,heterofl,1338,1.0,0.802,rpi4,0.125,6553601236479154295
bx49lc5k,iid,heterofl,1338,1.0,0.832,rpi4,0.125,14126041400291355866
bx49lc5k,iid,heterofl,1338,1.0,0.794,rpi4,0.125,5369298988829055689
bx49lc5k,iid,heterofl,1338,1.0,0.798,rpi4,0.25,18418689549988263872
b6u6rysf,iid,heterofl,1339,0.125,0.682,rpi5,1.0,14075725863554441457
b6u6rysf,iid,heterofl,1339,0.125,0.688,rpi5,0.5,309460759892918316
b6u6rysf,iid,heterofl,1339,0.125,0.664,rpi5,0.5,3750811429728785728
b6u6rysf,iid,heterofl,1339,0.125,0.698,rpi5,1.0,14200894874549191713
b6u6rysf,iid,heterofl,1339,0.125,0.688,rpi5,0.5,8190504864687520616
b6u6rysf,iid,heterofl,1339,0.125,0.694,rpi5,0.5,6518655410163363176
b6u6rysf,iid,heterofl,1339,0.125,0.702,rpi5,0.5,7375960787400159631
b6u6rysf,iid,heterofl,1339,0.125,0.708,rpi5,1.0,16919020333232574528
b6u6rysf,iid,heterofl,1339,0.125,0.7,rpi5,1.0,9984239528172484046
b6u6rysf,iid,heterofl,1339,0.125,0.716,rpi5,1.0,16400587713283004237
b6u6rysf,iid,heterofl,1339,0.125,0.674,rpi4,0.25,16874266174829880729
b6u6rysf,iid,heterofl,1339,0.125,0.678,rpi4,0.25,15309399599627621748
b6u6rysf,iid,heterofl,1339,0.125,0.68,rpi4,0.125,5585130225040120934
b6u6rysf,iid,heterofl,1339,0.125,0.658,rpi4,0.125,8772867209633634008
b6u6rysf,iid,heterofl,1339,0.125,0.672,rpi4,0.125,3702567652028490886
b6u6rysf,iid,heterofl,1339,0.125,0.686,rpi4,0.25,15526082220633028293
b6u6rysf,iid,heterofl,1339,0.125,0.686,rpi4,0.125,10108673386521954229
b6u6rysf,iid,heterofl,1339,0.125,0.66,rpi4,0.25,16712170109649868360
b6u6rysf,iid,heterofl,1339,0.125,0.614,rpi4,0.125,14178932991580510227
b6u6rysf,iid,heterofl,1339,0.125,0.662,rpi4,0.25,15298331085639085473
b6u6rysf,iid,heterofl,1339,0.25,0.772,rpi5,1.0,9984239528172484046
b6u6rysf,iid,heterofl,1339,0.25,0.734,rpi5,1.0,14200894874549191713
b6u6rysf,iid,heterofl,1339,0.25,0.746,rpi5,1.0,16400587713283004237
b6u6rysf,iid,heterofl,1339,0.25,0.728,rpi5,1.0,14075725863554441457
b6u6rysf,iid,heterofl,1339,0.25,0.732,rpi5,0.5,6518655410163363176
b6u6rysf,iid,heterofl,1339,0.25,0.774,rpi5,1.0,16919020333232574528
b6u6rysf,iid,heterofl,1339,0.25,0.76,rpi5,0.5,7375960787400159631
b6u6rysf,iid,heterofl,1339,0.25,0.672,rpi5,0.5,3750811429728785728
b6u6rysf,iid,heterofl,1339,0.25,0.726,rpi5,0.5,309460759892918316
b6u6rysf,iid,heterofl,1339,0.25,0.742,rpi5,0.5,8190504864687520616
b6u6rysf,iid,heterofl,1339,0.25,0.714,rpi4,0.25,16874266174829880729
b6u6rysf,iid,heterofl,1339,0.25,0.718,rpi4,0.125,10108673386521954229
b6u6rysf,iid,heterofl,1339,0.25,0.714,rpi4,0.125,5585130225040120934
b6u6rysf,iid,heterofl,1339,0.25,0.738,rpi4,0.125,14178932991580510227
b6u6rysf,iid,heterofl,1339,0.25,0.712,rpi4,0.125,8772867209633634008
b6u6rysf,iid,heterofl,1339,0.25,0.758,rpi4,0.25,16712170109649868360
b6u6rysf,iid,heterofl,1339,0.25,0.74,rpi4,0.25,15309399599627621748
b6u6rysf,iid,heterofl,1339,0.25,0.734,rpi4,0.125,3702567652028490886
b6u6rysf,iid,heterofl,1339,0.25,0.716,rpi4,0.25,15526082220633028293
b6u6rysf,iid,heterofl,1339,0.25,0.734,rpi4,0.25,15298331085639085473
b6u6rysf,iid,heterofl,1339,0.5,0.806,rpi5,1.0,9984239528172484046
b6u6rysf,iid,heterofl,1339,0.5,0.784,rpi5,1.0,14200894874549191713
b6u6rysf,iid,heterofl,1339,0.5,0.774,rpi5,0.5,309460759892918316
b6u6rysf,iid,heterofl,1339,0.5,0.808,rpi5,0.5,7375960787400159631
b6u6rysf,iid,heterofl,1339,0.5,0.752,rpi5,0.5,3750811429728785728
b6u6rysf,iid,heterofl,1339,0.5,0.78,rpi5,1.0,14075725863554441457
b6u6rysf,iid,heterofl,1339,0.5,0.79,rpi5,0.5,6518655410163363176
b6u6rysf,iid,heterofl,1339,0.5,0.812,rpi5,1.0,16919020333232574528
b6u6rysf,iid,heterofl,1339,0.5,0.786,rpi5,1.0,16400587713283004237
b6u6rysf,iid,heterofl,1339,0.5,0.792,rpi5,0.5,8190504864687520616
b6u6rysf,iid,heterofl,1339,0.5,0.79,rpi4,0.25,16712170109649868360
b6u6rysf,iid,heterofl,1339,0.5,0.768,rpi4,0.125,10108673386521954229
b6u6rysf,iid,heterofl,1339,0.5,0.762,rpi4,0.125,8772867209633634008
b6u6rysf,iid,heterofl,1339,0.5,0.742,rpi4,0.25,16874266174829880729
b6u6rysf,iid,heterofl,1339,0.5,0.768,rpi4,0.25,15526082220633028293
b6u6rysf,iid,heterofl,1339,0.5,0.756,rpi4,0.125,14178932991580510227
b6u6rysf,iid,heterofl,1339,0.5,0.776,rpi4,0.125,5585130225040120934
b6u6rysf,iid,heterofl,1339,0.5,0.772,rpi4,0.25,15309399599627621748
b6u6rysf,iid,heterofl,1339,0.5,0.78,rpi4,0.125,3702567652028490886
b6u6rysf,iid,heterofl,1339,0.5,0.752,rpi4,0.25,15298331085639085473
b6u6rysf,iid,heterofl,1339,1.0,0.806,rpi5,0.5,8190504864687520616
b6u6rysf,iid,heterofl,1339,1.0,0.81,rpi5,0.5,6518655410163363176
b6u6rysf,iid,heterofl,1339,1.0,0.834,rpi5,1.0,16919020333232574528
b6u6rysf,iid,heterofl,1339,1.0,0.834,rpi5,0.5,7375960787400159631
b6u6rysf,iid,heterofl,1339,1.0,0.8,rpi5,0.5,3750811429728785728
b6u6rysf,iid,heterofl,1339,1.0,0.804,rpi5,1.0,16400587713283004237
b6u6rysf,iid,heterofl,1339,1.0,0.824,rpi5,1.0,9984239528172484046
b6u6rysf,iid,heterofl,1339,1.0,0.802,rpi5,1.0,14075725863554441457
b6u6rysf,iid,heterofl,1339,1.0,0.792,rpi5,0.5,309460759892918316
b6u6rysf,iid,heterofl,1339,1.0,0.794,rpi5,1.0,14200894874549191713
b6u6rysf,iid,heterofl,1339,1.0,0.788,rpi4,0.125,10108673386521954229
b6u6rysf,iid,heterofl,1339,1.0,0.82,rpi4,0.125,14178932991580510227
b6u6rysf,iid,heterofl,1339,1.0,0.81,rpi4,0.125,5585130225040120934
b6u6rysf,iid,heterofl,1339,1.0,0.798,rpi4,0.25,15309399599627621748
b6u6rysf,iid,heterofl,1339,1.0,0.786,rpi4,0.25,16874266174829880729
b6u6rysf,iid,heterofl,1339,1.0,0.776,rpi4,0.125,3702567652028490886
b6u6rysf,iid,heterofl,1339,1.0,0.812,rpi4,0.25,16712170109649868360
b6u6rysf,iid,heterofl,1339,1.0,0.782,rpi4,0.25,15526082220633028293
b6u6rysf,iid,heterofl,1339,1.0,0.794,rpi4,0.125,8772867209633634008
b6u6rysf,iid,heterofl,1339,1.0,0.758,rpi4,0.25,15298331085639085473
cd0ivgux,iid,fedrolex,1337,0.125,0.412,rpi5,1.0,7959520240256713663
cd0ivgux,iid,fedrolex,1337,0.125,0.37,rpi5,0.5,1196141612270348928
cd0ivgux,iid,fedrolex,1337,0.125,0.348,rpi5,0.5,3323888715858632170
cd0ivgux,iid,fedrolex,1337,0.125,0.356,rpi5,1.0,8516299328990403983
cd0ivgux,iid,fedrolex,1337,0.125,0.376,rpi5,0.5,5371804205030936413
cd0ivgux,iid,fedrolex,1337,0.125,0.378,rpi5,0.5,1497243642712402945
cd0ivgux,iid,fedrolex,1337,0.125,0.366,rpi5,1.0,12928596274744545052
cd0ivgux,iid,fedrolex,1337,0.125,0.354,rpi5,1.0,6612242077908339417
cd0ivgux,iid,fedrolex,1337,0.125,0.396,rpi5,0.5,4654520558782459065
cd0ivgux,iid,fedrolex,1337,0.125,0.326,rpi5,1.0,13174243672156704678
cd0ivgux,iid,fedrolex,1337,0.125,0.346,rpi4,0.25,12743847220765009695
cd0ivgux,iid,fedrolex,1337,0.125,0.346,rpi4,0.25,12209637407891492800
cd0ivgux,iid,fedrolex,1337,0.125,0.326,rpi4,0.125,8309188461375411598
cd0ivgux,iid,fedrolex,1337,0.125,0.324,rpi4,0.125,9627210734790691665
cd0ivgux,iid,fedrolex,1337,0.125,0.304,rpi4,0.125,475318099085910523
cd0ivgux,iid,fedrolex,1337,0.125,0.338,rpi4,0.25,13377724905978279314
cd0ivgux,iid,fedrolex,1337,0.125,0.312,rpi4,0.125,7816280751546013079
cd0ivgux,iid,fedrolex,1337,0.125,0.31,rpi4,0.25,17502553256477680012
cd0ivgux,iid,fedrolex,1337,0.125,0.322,rpi4,0.25,17845007093093051546
cd0ivgux,iid,fedrolex,1337,0.125,0.332,rpi4,0.125,7439021501084172425
cd0ivgux,iid,fedrolex,1337,0.25,0.616,rpi5,1.0,8516299328990403983
cd0ivgux,iid,fedrolex,1337,0.25,0.63,rpi5,0.5,5371804205030936413
cd0ivgux,iid,fedrolex,1337,0.25,0.602,rpi5,1.0,6612242077908339417
cd0ivgux,iid,fedrolex,1337,0.25,0.63,rpi5,0.5,1497243642712402945
cd0ivgux,iid,fedrolex,1337,0.25,0.622,rpi5,1.0,13174243672156704678
cd0ivgux,iid,fedrolex,1337,0.25,0.648,rpi5,0.5,4654520558782459065
cd0ivgux,iid,fedrolex,1337,0.25,0.574,rpi5,0.5,3323888715858632170
cd0ivgux,iid,fedrolex,1337,0.25,0.61,rpi5,1.0,12928596274744545052
cd0ivgux,iid,fedrolex,1337,0.25,0.608,rpi5,1.0,7959520240256713663
cd0ivgux,iid,fedrolex,1337,0.25,0.612,rpi5,0.5,1196141612270348928
cd0ivgux,iid,fedrolex,1337,0.25,0.578,rpi4,0.125,475318099085910523
cd0ivgux,iid,fedrolex,1337,0.25,0.59,rpi4,0.25,17502553256477680012
cd0ivgux,iid,fedrolex,1337,0.25,0.59,rpi4,0.25,12743847220765009695
cd0ivgux,iid,fedrolex,1337,0.25,0.544,rpi4,0.125,9627210734790691665
cd0ivgux,iid,fedrolex,1337,0.25,0.584,rpi4,0.125,8309188461375411598
cd0ivgux,iid,fedrolex,1337,0.25,0.598,rpi4,0.25,17845007093093051546
cd0ivgux,iid,fedrolex,1337,0.25,0.622,rpi4,0.25,13377724905978279314
cd0ivgux,iid,fedrolex,1337,0.25,0.554,rpi4,0.25,12209637407891492800
cd0ivgux,iid,fedrolex,1337,0.25,0.612,rpi4,0.125,7816280751546013079
cd0ivgux,iid,fedrolex,1337,0.25,0.59,rpi4,0.125,7439021501084172425
cd0ivgux,iid,fedrolex,1337,0.5,0.654,rpi5,0.5,5371804205030936413
cd0ivgux,iid,fedrolex,1337,0.5,0.678,rpi5,1.0,13174243672156704678
cd0ivgux,iid,fedrolex,1337,0.5,0.688,rpi5,0.5,4654520558782459065
cd0ivgux,iid,fedrolex,1337,0.5,0.698,rpi5,0.5,1497243642712402945
cd0ivgux,iid,fedrolex,1337,0.5,0.694,rpi5,1.0,6612242077908339417
cd0ivgux,iid,fedrolex,1337,0.5,0.69,rpi5,1.0,8516299328990403983
cd0ivgux,iid,fedrolex,1337,0.5,0.698,rpi5,1.0,7959520240256713663
cd0ivgux,iid,fedrolex,1337,0.5,0.702,rpi5,0.5,1196141612270348928
cd0ivgux,iid,fedrolex,1337,0.5,0.666,rpi5,0.5,3323888715858632170
cd0ivgux,iid,fedrolex,1337,0.5,0.652,rpi5,1.0,12928596274744545052
cd0ivgux,iid,fedrolex,1337,0.5,0.626,rpi4,0.125,9627210734790691665
cd0ivgux,iid,fedrolex,1337,0.5,0.68,rpi4,0.25,13377724905978279314
cd0ivgux,iid,fedrolex,1337,0.5,0.628,rpi4,0.125,475318099085910523
cd0ivgux,iid,fedrolex,1337,0.5,0.632,rpi4,0.25,12209637407891492800
cd0ivgux,iid,fedrolex,1337,0.5,0.66,rpi4,0.25,12743847220765009695
cd0ivgux,iid,fedrolex,1337,0.5,0.642,rpi4,0.125,8309188461375411598
cd0ivgux,iid,fedrolex,1337,0.5,0.624,rpi4,0.25,17502553256477680012
cd0ivgux,iid,fedrolex,1337,0.5,0.63,rpi4,0.25,17845007093093051546
cd0ivgux,iid,fedrolex,1337,0.5,0.67,rpi4,0.125,7816280751546013079
cd0ivgux,iid,fedrolex,1337,0.5,0.662,rpi4,0.125,7439021501084172425
cd0ivgux,iid,fedrolex,1337,1.0,0.786,rpi5,1.0,7959520240256713663
cd0ivgux,iid,fedrolex,1337,1.0,0.776,rpi5,0.5,4654520558782459065
cd0ivgux,iid,fedrolex,1337,1.0,0.726,rpi5,1.0,12928596274744545052
cd0ivgux,iid,fedrolex,1337,1.0,0.756,rpi5,0.5,1497243642712402945
cd0ivgux,iid,fedrolex,1337,1.0,0.774,rpi5,1.0,6612242077908339417
cd0ivgux,iid,fedrolex,1337,1.0,0.754,rpi5,0.5,3323888715858632170
cd0ivgux,iid,fedrolex,1337,1.0,0.754,rpi5,1.0,8516299328990403983
cd0ivgux,iid,fedrolex,1337,1.0,0.748,rpi5,0.5,5371804205030936413
cd0ivgux,iid,fedrolex,1337,1.0,0.754,rpi5,1.0,13174243672156704678
cd0ivgux,iid,fedrolex,1337,1.0,0.768,rpi5,0.5,1196141612270348928
cd0ivgux,iid,fedrolex,1337,1.0,0.764,rpi4,0.125,7816280751546013079
cd0ivgux,iid,fedrolex,1337,1.0,0.726,rpi4,0.125,8309188461375411598
cd0ivgux,iid,fedrolex,1337,1.0,0.702,rpi4,0.25,12209637407891492800
cd0ivgux,iid,fedrolex,1337,1.0,0.712,rpi4,0.25,12743847220765009695
cd0ivgux,iid,fedrolex,1337,1.0,0.714,rpi4,0.125,475318099085910523
cd0ivgux,iid,fedrolex,1337,1.0,0.756,rpi4,0.25,13377724905978279314
cd0ivgux,iid,fedrolex,1337,1.0,0.726,rpi4,0.25,17845007093093051546
cd0ivgux,iid,fedrolex,1337,1.0,0.744,rpi4,0.25,17502553256477680012
cd0ivgux,iid,fedrolex,1337,1.0,0.702,rpi4,0.125,9627210734790691665
cd0ivgux,iid,fedrolex,1337,1.0,0.724,rpi4,0.125,7439021501084172425
lj2tvp1q,iid,fedrolex,1338,0.125,0.526,rpi5,1.0,13914194995344629987
lj2tvp1q,iid,fedrolex,1338,0.125,0.53,rpi5,0.5,6590292151707009662
lj2tvp1q,iid,fedrolex,1338,0.125,0.514,rpi5,0.5,4194924583386170716
lj2tvp1q,iid,fedrolex,1338,0.125,0.53,rpi5,1.0,9914445141611674665
lj2tvp1q,iid,fedrolex,1338,0.125,0.49,rpi5,1.0,11280395189888649534
lj2tvp1q,iid,fedrolex,1338,0.125,0.516,rpi5,1.0,16976174337798369880
lj2tvp1q,iid,fedrolex,1338,0.125,0.546,rpi5,1.0,13980219563627466014
lj2tvp1q,iid,fedrolex,1338,0.125,0.534,rpi5,0.5,1202654666916944572
lj2tvp1q,iid,fedrolex,1338,0.125,0.536,rpi5,0.5,5019613186251623555
lj2tvp1q,iid,fedrolex,1338,0.125,0.558,rpi5,0.5,7802307032995730610
lj2tvp1q,iid,fedrolex,1338,0.125,0.462,rpi4,0.25,13727894171376006023
lj2tvp1q,iid,fedrolex,1338,0.125,0.476,rpi4,0.125,8882548199640159929
lj2tvp1q,iid,fedrolex,1338,0.125,0.45,rpi4,0.25,14274564162999122132
lj2tvp1q,iid,fedrolex,1338,0.125,0.52,rpi4,0.125,11078451172114764664
lj2tvp1q,iid,fedrolex,1338,0.125,0.468,rpi4,0.125,5969793550700184531
lj2tvp1q,iid,fedrolex,1338,0.125,0.528,rpi4,0.25,17297582216906394814
lj2tvp1q,iid,fedrolex,1338,0.125,0.488,rpi4,0.125,9658220806128966206
lj2tvp1q,iid,fedrolex,1338,0.125,0.51,rpi4,0.125,5619577947909781868
lj2tvp1q,iid,fedrolex,1338,0.125,0.522,rpi4,0.25,17289261235794191634
lj2tvp1q,iid,fedrolex,1338,0.125,0.522,rpi4,0.25,17178694595712752246
lj2tvp1q,iid,fedrolex,1338,0.25,0.64,rpi5,0.5,7802307032995730610
lj2tvp1q,iid,fedrolex,1338,0.25,0.662,rpi5,0.5,1202654666916944572
lj2tvp1q,iid,fedrolex,1338,0.25,0.632,rpi5,0.5,5019613186251623555
lj2tvp1q,iid,fedrolex,1338,0.25,0.612,rpi5,1.0,13914194995344629987
lj2tvp1q,iid,fedrolex,1338,0.25,0.644,rpi5,1.0,9914445141611674665
lj2tvp1q,iid,fedrolex,1338,0.25,0.606,rpi5,1.0,16976174337798369880
lj2tvp1q,iid,fedrolex,1338,0.25,0.568,rpi5,1.0,11280395189888649534
lj2tvp1q,iid,fedrolex,1338,0.25,0.656,rpi5,1.0,13980219563627466014
lj2tvp1q,iid,fedrolex,1338,0.25,0.618,rpi5,0.5,6590292151707009662
lj2tvp1q,iid,fedrolex,1338,0.25,0.584,rpi5,0.5,4194924583386170716
lj2tvp1q,iid,fedrolex,1338,0.25,0.624,rpi4,0.125,5619577947909781868
lj2tvp1q,iid,fedrolex,1338,0.25,0.584,rpi4,0.125,8882548199640159929
lj2tvp1q,iid,fedrolex,1338,0.25,0.564,rpi4,0.125,5969793550700184531
lj2tvp1q,iid,fedrolex,1338,0.25,0.568,rpi4,0.25,13727894171376006023
lj2tvp1q,iid,fedrolex,1338,0.25,0.586,rpi4,0.125,9658220806128966206
lj2tvp1q,iid,fedrolex,1338,0.25,0.542,rpi4,0.25,14274564162999122132
lj2tvp1q,iid,fedrolex,1338,0.25,0.618,rpi4,0.25,17297582216906394814
lj2tvp1q,iid,fedrolex,1338,0.25,0.606,rpi4,0.25,17289261235794191634
lj2tvp1q,iid,fedrolex,1338,0.25,0.594,rpi4,0.125,11078451172114764664
lj2tvp1q,iid,fedrolex,1338,0.25,0.646,rpi4,0.25,17178694595712752246
lj2tvp1q,iid,fedrolex,1338,0.5,0.73,rpi5,0.5,1202654666916944572
lj2tvp1q,iid,fedrolex,1338,0.5,0.778,rpi5,0.5,7802307032995730610
lj2tvp1q,iid,fedrolex,1338,0.5,0.736,rpi5,1.0,9914445141611674665
lj2tvp1q,iid,fedrolex,1338,0.5,0.758,rpi5,1.0,13914194995344629987
lj2tvp1q,iid,fedrolex,1338,0.5,0.74,rpi5,1.0,13980219563627466014
lj2tvp1q,iid,fedrolex,1338,0.5,0.752,rpi5,0.5,5019613186251623555
lj2tvp1q,iid,fedrolex,1338,0.5,0.724,rpi5,0.5,6590292151707009662
lj2tvp1q,iid,fedrolex,1338,0.5,0.724,rpi5,1.0,11280395189888649534
lj2tvp1q,iid,fedrolex,1338,0.5,0.686,rpi5,0.5,4194924583386170716
lj2tvp1q,iid,fedrolex,1338,0.5,0.71,rpi5,1.0,16976174337798369880
lj2tvp1q,iid,fedrolex,1338,0.5,0.722,rpi4,0.125,8882548199640159929
lj2tvp1q,iid,fedrolex,1338,0.5,0.702,rpi4,0.125,5619577947909781868
lj2tvp1q,iid,fedrolex,1338,0.5,0.71,rpi4,0.25,13727894171376006023
lj2tvp1q,iid,fedrolex,1338,0.5,0.748,rpi4,0.125,9658220806128966206
lj2tvp1q,iid,fedrolex,1338,0.5,0.674,rpi4,0.25,14274564162999122132
lj2tvp1q,iid,fedrolex,1338,0.5,0.668,rpi4,0.125,5969793550700184531
lj2tvp1q,iid,fedrolex,1338,0.5,0.696,rpi4,0.25,17289261235794191634
lj2tvp1q,iid,fedrolex,1338,0.5,0.718,rpi4,0.125,11078451172114764664
lj2tvp1q,iid,fedrolex,1338,0.5,0.716,rpi4,0.25,17297582216906394814
lj2tvp1q,iid,fedrolex,1338,0.5,0.714,rpi4,0.25,17178694595712752246
lj2tvp1q,iid,fedrolex,1338,1.0,0.754,rpi5,0.5,6590292151707009662
lj2tvp1q,iid,fedrolex,1338,1.0,0.746,rpi5,1.0,11280395189888649534
lj2tvp1q,iid,fedrolex,1338,1.0,0.764,rpi5,1.0,9914445141611674665
lj2tvp1q,iid,fedrolex,1338,1.0,0.76,rpi5,1.0,16976174337798369880
lj2tvp1q,iid,fedrolex,1338,1.0,0.742,rpi5,1.0,13980219563627466014
lj2tvp1q,iid,fedrolex,1338,1.0,0.796,rpi5,0.5,5019613186251623555
lj2tvp1q,iid,fedrolex,1338,1.0,0.77,rpi5,0.5,1202654666916944572
lj2tvp1q,iid,fedrolex,1338,1.0,0.778,rpi5,0.5,7802307032995730610
lj2tvp1q,iid,fedrolex,1338,1.0,0.77,rpi5,1.0,13914194995344629987
lj2tvp1q,iid,fedrolex,1338,1.0,0.73,rpi5,0.5,4194924583386170716
lj2tvp1q,iid,fedrolex,1338,1.0,0.746,rpi4,0.125,8882548199640159929
lj2tvp1q,iid,fedrolex,1338,1.0,0.704,rpi4,0.25,14274564162999122132
lj2tvp1q,iid,fedrolex,1338,1.0,0.702,rpi4,0.125,5619577947909781868
lj2tvp1q,iid,fedrolex,1338,1.0,0.76,rpi4,0.125,9658220806128966206
lj2tvp1q,iid,fedrolex,1338,1.0,0.704,rpi4,0.125,5969793550700184531
lj2tvp1q,iid,fedrolex,1338,1.0,0.734,rpi4,0.125,11078451172114764664
lj2tvp1q,iid,fedrolex,1338,1.0,0.73,rpi4,0.25,17297582216906394814
lj2tvp1q,iid,fedrolex,1338,1.0,0.718,rpi4,0.25,13727894171376006023
lj2tvp1q,iid,fedrolex,1338,1.0,0.744,rpi4,0.25,17289261235794191634
lj2tvp1q,iid,fedrolex,1338,1.0,0.73,rpi4,0.25,17178694595712752246
8zgkmfjk,iid,fedrolex,1339,0.125,0.49,rpi5,1.0,12983755046331054370
8zgkmfjk,iid,fedrolex,1339,0.125,0.414,rpi5,1.0,7883996518702363609
8zgkmfjk,iid,fedrolex,1339,0.125,0.47,rpi5,1.0,8248353763423338018
8zgkmfjk,iid,fedrolex,1339,0.125,0.424,rpi5,0.5,1747368127380390433
8zgkmfjk,iid,fedrolex,1339,0.125,0.434,rpi5,0.5,7273035379264441444
8zgkmfjk,iid,fedrolex,1339,0.125,0.458,rpi5,0.5,2109674601804647732
8zgkmfjk,iid,fedrolex,1339,0.125,0.414,rpi5,0.5,1948494913915883748
8zgkmfjk,iid,fedrolex,1339,0.125,0.47,rpi5,0.5,1129352565114902310
8zgkmfjk,iid,fedrolex,1339,0.125,0.454,rpi5,1.0,9984841461274053333
8zgkmfjk,iid,fedrolex,1339,0.125,0.462,rpi5,1.0,7704717274549996818
8zgkmfjk,iid,fedrolex,1339,0.125,0.386,rpi4,0.125,1935680311886293793
8zgkmfjk,iid,fedrolex,1339,0.125,0.39,rpi4,0.25,12485105719143567744
8zgkmfjk,iid,fedrolex,1339,0.125,0.43,rpi4,0.25,13166891174935055793
8zgkmfjk,iid,fedrolex,1339,0.125,0.414,rpi4,0.125,5925699240660185141
8zgkmfjk,iid,fedrolex,1339,0.125,0.396,rpi4,0.25,8031406814560749556
8zgkmfjk,iid,fedrolex,1339,0.125,0.398,rpi4,0.25,10264184778740480010
8zgkmfjk,iid,fedrolex,1339,0.125,0.404,rpi4,0.125,2469072120036116528
8zgkmfjk,iid,fedrolex,1339,0.125,0.398,rpi4,0.125,7158180779604476497
8zgkmfjk,iid,fedrolex,1339,0.125,0.374,rpi4,0.25,14363066359519663594
8zgkmfjk,iid,fedrolex,1339,0.125,0.398,rpi4,0.125,944876698471154985
8zgkmfjk,iid,fedrolex,1339,0.25,0.672,rpi5,1.0,7704717274549996818
8zgkmfjk,iid,fedrolex,1339,0.25,0.686,rpi5,0.5,1747368127380390433
8zgkmfjk,iid,fedrolex,1339,0.25,0.662,rpi5,0.5,1129352565114902310
8zgkmfjk,iid,fedrolex,1339,0.25,0.692,rpi5,1.0,9984841461274053333
8zgkmfjk,iid,fedrolex,1339,0.25,0.728,rpi5,1.0,12983755046331054370
8zgkmfjk,iid,fedrolex,1339,0.25,0.656,rpi5,1.0,7883996518702363609
8zgkmfjk,iid,fedrolex,1339,0.25,0.692,rpi5,1.0,8248353763423338018
8zgkmfjk,iid,fedrolex,1339,0.25,0.69,rpi5,0.5,2109674601804647732
8zgkmfjk,iid,fedrolex,1339,0.25,0.672,rpi5,0.5,1948494913915883748
8zgkmfjk,iid,fedrolex,1339,0.25,0.638,rpi5,0.5,7273035379264441444
8zgkmfjk,iid,fedrolex,1339,0.25,0.646,rpi4,0.125,7158180779604476497
8zgkmfjk,iid,fedrolex,1339,0.25,0.656,rpi4,0.25,10264184778740480010
8zgkmfjk,iid,fedrolex,1339,0.25,0.67,rpi4,0.125,1935680311886293793
8zgkmfjk,iid,fedrolex,1339,0.25,0.632,rpi4,0.25,12485105719143567744
8zgkmfjk,iid,fedrolex,1339,0.25,0.658,rpi4,0.125,5925699240660185141
8zgkmfjk,iid,fedrolex,1339,0.25,0.666,rpi4,0.25,13166891174935055793
8zgkmfjk,iid,fedrolex,1339,0.25,0.688,rpi4,0.25,14363066359519663594
8zgkmfjk,iid,fedrolex,1339,0.25,0.678,rpi4,0.125,2469072120036116528
8zgkmfjk,iid,fedrolex,1339,0.25,0.61,rpi4,0.25,8031406814560749556
8zgkmfjk,iid,fedrolex,1339,0.25,0.666,rpi4,0.125,944876698471154985
8zgkmfjk,iid,fedrolex,1339,0.5,0.704,rpi5,0.5,1129352565114902310
8zgkmfjk,iid,fedrolex,1339,0.5,0.678,rpi5,1.0,7704717274549996818
8zgkmfjk,iid,fedrolex,1339,0.5,0.712,rpi5,1.0,9984841461274053333
8zgkmfjk,iid,fedrolex,1339,0.5,0.686,rpi5,0.5,1747368127380390433
8zgkmfjk,iid,fedrolex,1339,0.5,0.652,rpi5,1.0,7883996518702363609
8zgkmfjk,iid,fedrolex,1339,0.5,0.69,rpi5,0.5,2109674601804647732
8zgkmfjk,iid,fedrolex,1339,0.5,0.666,rpi5,0.5,7273035379264441444
8zgkmfjk,iid,fedrolex,1339,0.5,0.694,rpi5,0.5,1948494913915883748
8zgkmfjk,iid,fedrolex,1339,0.5,0.72,rpi5,1.0,8248353763423338018
8zgkmfjk,iid,fedrolex,1339,0.5,0.722,rpi5,1.0,12983755046331054370
8zgkmfjk,iid,fedrolex,1339,0.5,0.672,rpi4,0.25,10264184778740480010
8zgkmfjk,iid,fedrolex,1339,0.5,0.65,rpi4,0.125,5925699240660185141
8zgkmfjk,iid,fedrolex,1339,0.5,0.696,rpi4,0.125,1935680311886293793
8zgkmfjk,iid,fedrolex,1339,0.5,0.672,rpi4,0.25,13166891174935055793
8zgkmfjk,iid,fedrolex,1339,0.5,0.648,rpi4,0.25,8031406814560749556
8zgkmfjk,iid,fedrolex,1339,0.5,0.666,rpi4,0.25,14363066359519663594
8zgkmfjk,iid,fedrolex,1339,0.5,0.628,rpi4,0.125,7158180779604476497
8zgkmfjk,iid,fedrolex,1339,0.5,0.68,rpi4,0.125,2469072120036116528
8zgkmfjk,iid,fedrolex,1339,0.5,0.674,rpi4,0.25,12485105719143567744
8zgkmfjk,iid,fedrolex,1339,0.5,0.676,rpi4,0.125,944876698471154985
8zgkmfjk,iid,fedrolex,1339,1.0,0.806,rpi5,1.0,8248353763423338018
8zgkmfjk,iid,fedrolex,1339,1.0,0.786,rpi5,0.5,2109674601804647732
8zgkmfjk,iid,fedrolex,1339,1.0,0.776,rpi5,1.0,7883996518702363609
8zgkmfjk,iid,fedrolex,1339,1.0,0.74,rpi5,0.5,7273035379264441444
8zgkmfjk,iid,fedrolex,1339,1.0,0.768,rpi5,1.0,7704717274549996818
8zgkmfjk,iid,fedrolex,1339,1.0,0.756,rpi5,0.5,1948494913915883748
8zgkmfjk,iid,fedrolex,1339,1.0,0.77,rpi5,0.5,1747368127380390433
8zgkmfjk,iid,fedrolex,1339,1.0,0.782,rpi5,0.5,1129352565114902310
8zgkmfjk,iid,fedrolex,1339,1.0,0.784,rpi5,1.0,12983755046331054370
8zgkmfjk,iid,fedrolex,1339,1.0,0.762,rpi5,1.0,9984841461274053333
8zgkmfjk,iid,fedrolex,1339,1.0,0.762,rpi4,0.25,10264184778740480010
8zgkmfjk,iid,fedrolex,1339,1.0,0.744,rpi4,0.25,13166891174935055793
8zgkmfjk,iid,fedrolex,1339,1.0,0.722,rpi4,0.125,7158180779604476497
8zgkmfjk,iid,fedrolex,1339,1.0,0.738,rpi4,0.125,1935680311886293793
8zgkmfjk,iid,fedrolex,1339,1.0,0.746,rpi4,0.125,2469072120036116528
8zgkmfjk,iid,fedrolex,1339,1.0,0.718,rpi4,0.25,8031406814560749556
8zgkmfjk,iid,fedrolex,1339,1.0,0.75,rpi4,0.25,12485105719143567744
8zgkmfjk,iid,fedrolex,1339,1.0,0.736,rpi4,0.125,5925699240660185141
8zgkmfjk,iid,fedrolex,1339,1.0,0.738,rpi4,0.25,14363066359519663594
8zgkmfjk,iid,fedrolex,1339,1.0,0.732,rpi4,0.125,944876698471154985
9qyjzjpg,iid,fiarse,1337,0.125,0.824,rpi5,1.0,11911251435668363621
9qyjzjpg,iid,fiarse,1337,0.125,0.822,rpi5,0.5,437464805456123065
9qyjzjpg,iid,fiarse,1337,0.125,0.766,rpi5,1.0,13436263670878398486
9qyjzjpg,iid,fiarse,1337,0.125,0.824,rpi5,0.5,7714214354880977200
9qyjzjpg,iid,fiarse,1337,0.125,0.81,rpi5,1.0,15669836659808680024
9qyjzjpg,iid,fiarse,1337,0.125,0.822,rpi5,1.0,18404239621372322145
9qyjzjpg,iid,fiarse,1337,0.125,0.82,rpi5,0.5,9074912676369953069
9qyjzjpg,iid,fiarse,1337,0.125,0.782,rpi5,1.0,16767655749998711628
9qyjzjpg,iid,fiarse,1337,0.125,0.816,rpi5,0.5,8796094330898678300
9qyjzjpg,iid,fiarse,1337,0.125,0.792,rpi5,0.5,9551641539785831274
9qyjzjpg,iid,fiarse,1337,0.125,0.796,rpi4,0.125,4000413330051117803
9qyjzjpg,iid,fiarse,1337,0.125,0.818,rpi4,0.125,2260272377992033646
9qyjzjpg,iid,fiarse,1337,0.125,0.792,rpi4,0.125,4720905445852796456
9qyjzjpg,iid,fiarse,1337,0.125,0.832,rpi4,0.125,3948050133202874573
9qyjzjpg,iid,fiarse,1337,0.125,0.802,rpi4,0.125,2155736007909115766
9qyjzjpg,iid,fiarse,1337,0.125,0.8,rpi4,0.25,14562863443894304398
9qyjzjpg,iid,fiarse,1337,0.125,0.778,rpi4,0.25,7083393300308664118
9qyjzjpg,iid,fiarse,1337,0.125,0.828,rpi4,0.25,7144896985995376859
9qyjzjpg,iid,fiarse,1337,0.125,0.798,rpi4,0.25,4807976571947239312
9qyjzjpg,iid,fiarse,1337,0.125,0.798,rpi4,0.25,5327237738374132672
9qyjzjpg,iid,fiarse,1337,0.25,0.842,rpi5,1.0,11911251435668363621
9qyjzjpg,iid,fiarse,1337,0.25,0.82,rpi5,1.0,15669836659808680024
9qyjzjpg,iid,fiarse,1337,0.25,0.834,rpi5,1.0,18404239621372322145
9qyjzjpg,iid,fiarse,1337,0.25,0.82,rpi5,0.5,437464805456123065
9qyjzjpg,iid,fiarse,1337,0.25,0.8,rpi5,1.0,13436263670878398486
9qyjzjpg,iid,fiarse,1337,0.25,0.802,rpi5,0.5,9551641539785831274
9qyjzjpg,iid,fiarse,1337,0.25,0.826,rpi5,0.5,8796094330898678300
9qyjzjpg,iid,fiarse,1337,0.25,0.836,rpi5,0.5,7714214354880977200
9qyjzjpg,iid,fiarse,1337,0.25,0.84,rpi5,0.5,9074912676369953069
9qyjzjpg,iid,fiarse,1337,0.25,0.794,rpi5,1.0,16767655749998711628
9qyjzjpg,iid,fiarse,1337,0.25,0.824,rpi4,0.125,4000413330051117803
9qyjzjpg,iid,fiarse,1337,0.25,0.8,rpi4,0.25,7083393300308664118
9qyjzjpg,iid,fiarse,1337,0.25,0.822,rpi4,0.125,2260272377992033646
9qyjzjpg,iid,fiarse,1337,0.25,0.83,rpi4,0.125,3948050133202874573
9qyjzjpg,iid,fiarse,1337,0.25,0.838,rpi4,0.25,7144896985995376859
9qyjzjpg,iid,fiarse,1337,0.25,0.812,rpi4,0.125,4720905445852796456
9qyjzjpg,iid,fiarse,1337,0.25,0.806,rpi4,0.25,4807976571947239312
9qyjzjpg,iid,fiarse,1337,0.25,0.814,rpi4,0.25,14562863443894304398
9qyjzjpg,iid,fiarse,1337,0.25,0.8,rpi4,0.125,2155736007909115766
9qyjzjpg,iid,fiarse,1337,0.25,0.81,rpi4,0.25,5327237738374132672
9qyjzjpg,iid,fiarse,1337,0.5,0.848,rpi5,1.0,11911251435668363621
9qyjzjpg,iid,fiarse,1337,0.5,0.83,rpi5,1.0,15669836659808680024
9qyjzjpg,iid,fiarse,1337,0.5,0.824,rpi5,1.0,18404239621372322145
9qyjzjpg,iid,fiarse,1337,0.5,0.802,rpi5,0.5,9551641539785831274
9qyjzjpg,iid,fiarse,1337,0.5,0.84,rpi5,0.5,437464805456123065
9qyjzjpg,iid,fiarse,1337,0.5,0.808,rpi5,1.0,16767655749998711628
9qyjzjpg,iid,fiarse,1337,0.5,0.834,rpi5,0.5,9074912676369953069
9qyjzjpg,iid,fiarse,1337,0.5,0.8,rpi5,1.0,13436263670878398486
9qyjzjpg,iid,fiarse,1337,0.5,0.83,rpi5,0.5,8796094330898678300
9qyjzjpg,iid,fiarse,1337,0.5,0.856,rpi5,0.5,7714214354880977200
9qyjzjpg,iid,fiarse,1337,0.5,0.802,rpi4,0.25,7083393300308664118
9qyjzjpg,iid,fiarse,1337,0.5,0.796,rpi4,0.125,2155736007909115766
9qyjzjpg,iid,fiarse,1337,0.5,0.822,rpi4,0.25,4807976571947239312
9qyjzjpg,iid,fiarse,1337,0.5,0.814,rpi4,0.125,4720905445852796456
9qyjzjpg,iid,fiarse,1337,0.5,0.822,rpi4,0.25,14562863443894304398
9qyjzjpg,iid,fiarse,1337,0.5,0.828,rpi4,0.125,2260272377992033646
9qyjzjpg,iid,fiarse,1337,0.5,0.834,rpi4,0.125,4000413330051117803
9qyjzjpg,iid,fiarse,1337,0.5,0.834,rpi4,0.125,3948050133202874573
9qyjzjpg,iid,fiarse,1337,0.5,0.836,rpi4,0.25,7144896985995376859
9qyjzjpg,iid,fiarse,1337,0.5,0.81,rpi4,0.25,5327237738374132672
9qyjzjpg,iid,fiarse,1337,1.0,0.828,rpi5,0.5,8796094330898678300
9qyjzjpg,iid,fiarse,1337,1.0,0.848,rpi5,0.5,7714214354880977200
9qyjzjpg,iid,fiarse,1337,1.0,0.81,rpi5,0.5,9551641539785831274
9qyjzjpg,iid,fiarse,1337,1.0,0.818,rpi5,1.0,16767655749998711628
9qyjzjpg,iid,fiarse,1337,1.0,0.842,rpi5,0.5,437464805456123065
9qyjzjpg,iid,fiarse,1337,1.0,0.79,rpi5,1.0,13436263670878398486
9qyjzjpg,iid,fiarse,1337,1.0,0.83,rpi5,1.0,18404239621372322145
9qyjzjpg,iid,fiarse,1337,1.0,0.856,rpi5,1.0,11911251435668363621
9qyjzjpg,iid,fiarse,1337,1.0,0.826,rpi5,1.0,15669836659808680024
9qyjzjpg,iid,fiarse,1337,1.0,0.826,rpi5,0.5,9074912676369953069
9qyjzjpg,iid,fiarse,1337,1.0,0.832,rpi4,0.25,7144896985995376859
9qyjzjpg,iid,fiarse,1337,1.0,0.8,rpi4,0.125,2155736007909115766
9qyjzjpg,iid,fiarse,1337,1.0,0.822,rpi4,0.25,4807976571947239312
9qyjzjpg,iid,fiarse,1337,1.0,0.792,rpi4,0.25,7083393300308664118
9qyjzjpg,iid,fiarse,1337,1.0,0.818,rpi4,0.25,14562863443894304398
9qyjzjpg,iid,fiarse,1337,1.0,0.814,rpi4,0.125,4720905445852796456
9qyjzjpg,iid,fiarse,1337,1.0,0.83,rpi4,0.125,4000413330051117803
9qyjzjpg,iid,fiarse,1337,1.0,0.818,rpi4,0.125,2260272377992033646
9qyjzjpg,iid,fiarse,1337,1.0,0.84,rpi4,0.125,3948050133202874573
9qyjzjpg,iid,fiarse,1337,1.0,0.804,rpi4,0.25,5327237738374132672
iahdid32,iid,fiarse,1338,0.125,0.818,rpi5,1.0,11708026227508840898
iahdid32,iid,fiarse,1338,0.125,0.822,rpi5,0.5,5493549688317384578
iahdid32,iid,fiarse,1338,0.125,0.8,rpi5,0.5,3328832914800212697
iahdid32,iid,fiarse,1338,0.125,0.794,rpi5,1.0,10873120237770005012
iahdid32,iid,fiarse,1338,0.125,0.78,rpi5,0.5,9083960404964026383
iahdid32,iid,fiarse,1338,0.125,0.82,rpi5,0.5,2519663070214021821
iahdid32,iid,fiarse,1338,0.125,0.83,rpi5,1.0,9142058872100174124
iahdid32,iid,fiarse,1338,0.125,0.846,rpi5,1.0,12673770995980676590
iahdid32,iid,fiarse,1338,0.125,0.818,rpi5,0.5,7505918805648591972
iahdid32,iid,fiarse,1338,0.125,0.842,rpi5,1.0,10789909126533636483
iahdid32,iid,fiarse,1338,0.125,0.824,rpi4,0.25,17737928844490111341
iahdid32,iid,fiarse,1338,0.125,0.782,rpi4,0.25,13763313591531130769
iahdid32,iid,fiarse,1338,0.125,0.834,rpi4,0.25,16049000963598722608
iahdid32,iid,fiarse,1338,0.125,0.796,rpi4,0.25,17704210479253877475
iahdid32,iid,fiarse,1338,0.125,0.826,rpi4,0.125,307387641423124542
iahdid32,iid,fiarse,1338,0.125,0.804,rpi4,0.125,4385925898486847497
iahdid32,iid,fiarse,1338,0.125,0.792,rpi4,0.125,6599140502544248556
iahdid32,iid,fiarse,1338,0.125,0.786,rpi4,0.125,4260545114281316075
iahdid32,iid,fiarse,1338,0.125,0.814,rpi4,0.125,10326833754052745823
iahdid32,iid,fiarse,1338,0.125,0.816,rpi4,0.25,14973803192326763202
iahdid32,iid,fiarse,1338,0.25,0.84,rpi5,1.0,9142058872100174124
iahdid32,iid,fiarse,1338,0.25,0.806,rpi5,0.5,3328832914800212697
iahdid32,iid,fiarse,1338,0.25,0.864,rpi5,1.0,10789909126533636483
iahdid32,iid,fiarse,1338,0.25,0.838,rpi5,1.0,12673770995980676590
iahdid32,iid,fiarse,1338,0.25,0.826,rpi5,0.5,5493549688317384578
iahdid32,iid,fiarse,1338,0.25,0.81,rpi5,1.0,10873120237770005012
iahdid32,iid,fiarse,1338,0.25,0.838,rpi5,0.5,2519663070214021821
iahdid32,iid,fiarse,1338,0.25,0.826,rpi5,0.5,7505918805648591972
iahdid32,iid,fiarse,1338,0.25,0.81,rpi5,0.5,9083960404964026383
iahdid32,iid,fiarse,1338,0.25,0.838,rpi5,1.0,11708026227508840898
iahdid32,iid,fiarse,1338,0.25,0.84,rpi4,0.125,307387641423124542
iahdid32,iid,fiarse,1338,0.25,0.8,rpi4,0.125,6599140502544248556
iahdid32,iid,fiarse,1338,0.25,0.834,rpi4,0.25,16049000963598722608
iahdid32,iid,fiarse,1338,0.25,0.784,rpi4,0.25,13763313591531130769
iahdid32,iid,fiarse,1338,0.25,0.82,rpi4,0.125,10326833754052745823
iahdid32,iid,fiarse,1338,0.25,0.818,rpi4,0.125,4385925898486847497
iahdid32,iid,fiarse,1338,0.25,0.796,rpi4,0.25,17704210479253877475
iahdid32,iid,fiarse,1338,0.25,0.792,rpi4,0.125,4260545114281316075
iahdid32,iid,fiarse,1338,0.25,0.83,rpi4,0.25,17737928844490111341
iahdid32,iid,fiarse,1338,0.25,0.81,rpi4,0.25,14973803192326763202
iahdid32,iid,fiarse,1338,0.5,0.844,rpi5,1.0,11708026227508840898
iahdid32,iid,fiarse,1338,0.5,0.822,rpi5,0.5,7505918805648591972
iahdid32,iid,fiarse,1338,0.5,0.848,rpi5,1.0,12673770995980676590
iahdid32,iid,fiarse,1338,0.5,0.808,rpi5,1.0,10873120237770005012
iahdid32,iid,fiarse,1338,0.5,0.816,rpi5,0.5,3328832914800212697
iahdid32,iid,fiarse,1338,0.5,0.852,rpi5,1.0,9142058872100174124
iahdid32,iid,fiarse,1338,0.5,0.866,rpi5,1.0,10789909126533636483
iahdid32,iid,fiarse,1338,0.5,0.836,rpi5,0.5,2519663070214021821
iahdid32,iid,fiarse,1338,0.5,0.806,rpi5,0.5,9083960404964026383
iahdid32,iid,fiarse,1338,0.5,0.842,rpi5,0.5,5493549688317384578
iahdid32,iid,fiarse,1338,0.5,0.836,rpi4,0.25,17737928844490111341
iahdid32,iid,fiarse,1338,0.5,0.786,rpi4,0.125,4260545114281316075
iahdid32,iid,fiarse,1338,0.5,0.796,rpi4,0.25,17704210479253877475
iahdid32,iid,fiarse,1338,0.5,0.84,rpi4,0.125,307387641423124542
iahdid32,iid,fiarse,1338,0.5,0.81,rpi4,0.125,4385925898486847497
iahdid32,iid,fiarse,1338,0.5,0.848,rpi4,0.25,16049000963598722608
iahdid32,iid,fiarse,1338,0.5,0.788,rpi4,0.25,13763313591531130769
iahdid32,iid,fiarse,1338,0.5,0.814,rpi4,0.125,10326833754052745823
iahdid32,iid,fiarse,1338,0.5,0.798,rpi4,0.125,6599140502544248556
iahdid32,iid,fiarse,1338,0.5,0.822,rpi4,0.25,14973803192326763202
iahdid32,iid,fiarse,1338,1.0,0.858,rpi5,1.0,12673770995980676590
iahdid32,iid,fiarse,1338,1.0,0.832,rpi5,0.5,5493549688317384578
iahdid32,iid,fiarse,1338,1.0,0.848,rpi5,1.0,9142058872100174124
iahdid32,iid,fiarse,1338,1.0,0.812,rpi5,0.5,3328832914800212697
iahdid32,iid,fiarse,1338,1.0,0.806,rpi5,1.0,10873120237770005012
iahdid32,iid,fiarse,1338,1.0,0.848,rpi5,0.5,2519663070214021821
iahdid32,iid,fiarse,1338,1.0,0.842,rpi5,1.0,11708026227508840898
iahdid32,iid,fiarse,1338,1.0,0.876,rpi5,1.0,10789909126533636483
iahdid32,iid,fiarse,1338,1.0,0.822,rpi5,0.5,7505918805648591972
iahdid32,iid,fiarse,1338,1.0,0.808,rpi5,0.5,9083960404964026383
iahdid32,iid,fiarse,1338,1.0,0.81,rpi4,0.125,6599140502544248556
iahdid32,iid,fiarse,1338,1.0,0.84,rpi4,0.25,17737928844490111341
iahdid32,iid,fiarse,1338,1.0,0.834,rpi4,0.125,307387641423124542
iahdid32,iid,fiarse,1338,1.0,0.818,rpi4,0.125,10326833754052745823
iahdid32,iid,fiarse,1338,1.0,0.852,rpi4,0.25,16049000963598722608
iahdid32,iid,fiarse,1338,1.0,0.79,rpi4,0.125,4260545114281316075
iahdid32,iid,fiarse,1338,1.0,0.812,rpi4,0.125,4385925898486847497
iahdid32,iid,fiarse,1338,1.0,0.786,rpi4,0.25,13763313591531130769
iahdid32,iid,fiarse,1338,1.0,0.794,rpi4,0.25,17704210479253877475
iahdid32,iid,fiarse,1338,1.0,0.812,rpi4,0.25,14973803192326763202
wpc1jj0r,iid,fiarse,1339,0.125,0.8,rpi5,0.5,3874384405013255506
wpc1jj0r,iid,fiarse,1339,0.125,0.806,rpi5,0.5,9722751430415134587
wpc1jj0r,iid,fiarse,1339,0.125,0.832,rpi5,1.0,10925170696640087882
wpc1jj0r,iid,fiarse,1339,0.125,0.816,rpi5,1.0,17829742990134578806
wpc1jj0r,iid,fiarse,1339,0.125,0.794,rpi5,1.0,14463003117026395683
wpc1jj0r,iid,fiarse,1339,0.125,0.842,rpi5,1.0,14982418770676461397
wpc1jj0r,iid,fiarse,1339,0.125,0.804,rpi5,0.5,3792387866974453106
wpc1jj0r,iid,fiarse,1339,0.125,0.812,rpi5,0.5,8370556999202565934
wpc1jj0r,iid,fiarse,1339,0.125,0.796,rpi5,0.5,4093029436143143693
wpc1jj0r,iid,fiarse,1339,0.125,0.812,rpi5,1.0,13491203943850634914
wpc1jj0r,iid,fiarse,1339,0.125,0.806,rpi4,0.125,5759519831053298945
wpc1jj0r,iid,fiarse,1339,0.125,0.806,rpi4,0.125,8172059804834209412
wpc1jj0r,iid,fiarse,1339,0.125,0.806,rpi4,0.125,4773057042884727430
wpc1jj0r,iid,fiarse,1339,0.125,0.804,rpi4,0.25,13949862941131992069
wpc1jj0r,iid,fiarse,1339,0.125,0.808,rpi4,0.25,10433906525942511692
wpc1jj0r,iid,fiarse,1339,0.125,0.81,rpi4,0.25,17260363522431731035
wpc1jj0r,iid,fiarse,1339,0.125,0.788,rpi4,0.25,10297736646697062076
wpc1jj0r,iid,fiarse,1339,0.125,0.786,rpi4,0.125,2804399833541844011
wpc1jj0r,iid,fiarse,1339,0.125,0.808,rpi4,0.125,898746717814443688
wpc1jj0r,iid,fiarse,1339,0.125,0.764,rpi4,0.25,8910170081395012146
wpc1jj0r,iid,fiarse,1339,0.25,0.812,rpi5,0.5,4093029436143143693
wpc1jj0r,iid,fiarse,1339,0.25,0.82,rpi5,1.0,13491203943850634914
wpc1jj0r,iid,fiarse,1339,0.25,0.838,rpi5,1.0,14982418770676461397
wpc1jj0r,iid,fiarse,1339,0.25,0.816,rpi5,0.5,3792387866974453106
wpc1jj0r,iid,fiarse,1339,0.25,0.796,rpi5,1.0,14463003117026395683
wpc1jj0r,iid,fiarse,1339,0.25,0.846,rpi5,1.0,10925170696640087882
wpc1jj0r,iid,fiarse,1339,0.25,0.824,rpi5,1.0,17829742990134578806
wpc1jj0r,iid,fiarse,1339,0.25,0.82,rpi5,0.5,9722751430415134587
wpc1jj0r,iid,fiarse,1339,0.25,0.808,rpi5,0.5,3874384405013255506
wpc1jj0r,iid,fiarse,1339,0.25,0.82,rpi5,0.5,8370556999202565934
wpc1jj0r,iid,fiarse,1339,0.25,0.828,rpi4,0.125,4773057042884727430
wpc1jj0r,iid,fiarse,1339,0.25,0.81,rpi4,0.125,898746717814443688
wpc1jj0r,iid,fiarse,1339,0.25,0.822,rpi4,0.125,8172059804834209412
wpc1jj0r,iid,fiarse,1339,0.25,0.806,rpi4,0.125,2804399833541844011
wpc1jj0r,iid,fiarse,1339,0.25,0.826,rpi4,0.125,5759519831053298945
wpc1jj0r,iid,fiarse,1339,0.25,0.812,rpi4,0.25,17260363522431731035
wpc1jj0r,iid,fiarse,1339,0.25,0.804,rpi4,0.25,10297736646697062076
wpc1jj0r,iid,fiarse,1339,0.25,0.814,rpi4,0.25,13949862941131992069
wpc1jj0r,iid,fiarse,1339,0.25,0.818,rpi4,0.25,10433906525942511692
wpc1jj0r,iid,fiarse,1339,0.25,0.78,rpi4,0.25,8910170081395012146
wpc1jj0r,iid,fiarse,1339,0.5,0.822,rpi5,0.5,3792387866974453106
wpc1jj0r,iid,fiarse,1339,0.5,0.802,rpi5,0.5,3874384405013255506
wpc1jj0r,iid,fiarse,1339,0.5,0.842,rpi5,1.0,14982418770676461397
wpc1jj0r,iid,fiarse,1339,0.5,0.816,rpi5,1.0,14463003117026395683
wpc1jj0r,iid,fiarse,1339,0.5,0.822,rpi5,0.5,9722751430415134587
wpc1jj0r,iid,fiarse,1339,0.5,0.818,rpi5,0.5,4093029436143143693
wpc1jj0r,iid,fiarse,1339,0.5,0.834,rpi5,0.5,8370556999202565934
wpc1jj0r,iid,fiarse,1339,0.5,0.822,rpi5,1.0,13491203943850634914
wpc1jj0r,iid,fiarse,1339,0.5,0.848,rpi5,1.0,10925170696640087882
wpc1jj0r,iid,fiarse,1339,0.5,0.828,rpi5,1.0,17829742990134578806
wpc1jj0r,iid,fiarse,1339,0.5,0.82,rpi4,0.25,17260363522431731035
wpc1jj0r,iid,fiarse,1339,0.5,0.808,rpi4,0.25,10297736646697062076
wpc1jj0r,iid,fiarse,1339,0.5,0.814,rpi4,0.125,2804399833541844011
wpc1jj0r,iid,fiarse,1339,0.5,0.838,rpi4,0.25,13949862941131992069
wpc1jj0r,iid,fiarse,1339,0.5,0.832,rpi4,0.125,5759519831053298945
wpc1jj0r,iid,fiarse,1339,0.5,0.82,rpi4,0.125,8172059804834209412
wpc1jj0r,iid,fiarse,1339,0.5,0.826,rpi4,0.25,10433906525942511692
wpc1jj0r,iid,fiarse,1339,0.5,0.822,rpi4,0.125,898746717814443688
wpc1jj0r,iid,fiarse,1339,0.5,0.83,rpi4,0.125,4773057042884727430
wpc1jj0r,iid,fiarse,1339,0.5,0.782,rpi4,0.25,8910170081395012146
wpc1jj0r,iid,fiarse,1339,1.0,0.85,rpi5,1.0,10925170696640087882
wpc1jj0r,iid,fiarse,1339,1.0,0.812,rpi5,1.0,14463003117026395683
wpc1jj0r,iid,fiarse,1339,1.0,0.832,rpi5,0.5,8370556999202565934
wpc1jj0r,iid,fiarse,1339,1.0,0.836,rpi5,1.0,17829742990134578806
wpc1jj0r,iid,fiarse,1339,1.0,0.814,rpi5,0.5,9722751430415134587
wpc1jj0r,iid,fiarse,1339,1.0,0.832,rpi5,1.0,14982418770676461397
wpc1jj0r,iid,fiarse,1339,1.0,0.838,rpi5,1.0,13491203943850634914
wpc1jj0r,iid,fiarse,1339,1.0,0.8,rpi5,0.5,3874384405013255506
wpc1jj0r,iid,fiarse,1339,1.0,0.81,rpi5,0.5,4093029436143143693
wpc1jj0r,iid,fiarse,1339,1.0,0.824,rpi5,0.5,3792387866974453106
wpc1jj0r,iid,fiarse,1339,1.0,0.842,rpi4,0.125,4773057042884727430
wpc1jj0r,iid,fiarse,1339,1.0,0.824,rpi4,0.125,5759519831053298945
wpc1jj0r,iid,fiarse,1339,1.0,0.82,rpi4,0.125,8172059804834209412
wpc1jj0r,iid,fiarse,1339,1.0,0.804,rpi4,0.25,10297736646697062076
wpc1jj0r,iid,fiarse,1339,1.0,0.836,rpi4,0.25,13949862941131992069
wpc1jj0r,iid,fiarse,1339,1.0,0.82,rpi4,0.125,2804399833541844011
wpc1jj0r,iid,fiarse,1339,1.0,0.822,rpi4,0.25,17260363522431731035
wpc1jj0r,iid,fiarse,1339,1.0,0.82,rpi4,0.125,898746717814443688
wpc1jj0r,iid,fiarse,1339,1.0,0.828,rpi4,0.25,10433906525942511692
wpc1jj0r,iid,fiarse,1339,1.0,0.782,rpi4,0.25,8910170081395012146
qan3d15l,noniid,heterofl,1337,0.125,0.5627376425855514,rpi5,0.5,3618460705159333905
qan3d15l,noniid,heterofl,1337,0.125,0.3776978417266187,rpi5,0.5,5600758805047734437
qan3d15l,noniid,heterofl,1337,0.125,0.589242053789731,rpi5,0.5,1755216800987539843
qan3d15l,noniid,heterofl,1337,0.125,0.14318706697459585,rpi5,0.5,5815939927864881500
qan3d15l,noniid,heterofl,1337,0.125,0.41127098321342925,rpi5,1.0,11881929971004592807
qan3d15l,noniid,heterofl,1337,0.125,0.1550632911392405,rpi5,1.0,14751297480887493810
qan3d15l,noniid,heterofl,1337,0.125,0.24549549549549549,rpi5,0.5,3527286584316603929
qan3d15l,noniid,heterofl,1337,0.125,0.18775510204081633,rpi5,1.0,6362443407014399147
qan3d15l,noniid,heterofl,1337,0.125,0.4717285945072698,rpi5,1.0,7197534909942403237
qan3d15l,noniid,heterofl,1337,0.125,0.15309446254071662,rpi5,1.0,9141348006839004753
qan3d15l,noniid,heterofl,1337,0.125,0.3402061855670103,rpi4,0.25,12704951079979194111
qan3d15l,noniid,heterofl,1337,0.125,0.3693379790940767,rpi4,0.125,2290552599971516951
qan3d15l,noniid,heterofl,1337,0.125,0.1974025974025974,rpi4,0.25,9611654839551525286
qan3d15l,noniid,heterofl,1337,0.125,0.4715447154471545,rpi4,0.25,13325522390563191918
qan3d15l,noniid,heterofl,1337,0.125,0.5506329113924051,rpi4,0.125,9582571361934902166
qan3d15l,noniid,heterofl,1337,0.125,0.6236933797909407,rpi4,0.25,17103517746891366602
qan3d15l,noniid,heterofl,1337,0.125,0.1540880503144654,rpi4,0.25,14508563946524146154
qan3d15l,noniid,heterofl,1337,0.125,0.5784543325526932,rpi4,0.125,440262312482224152
qan3d15l,noniid,heterofl,1337,0.125,0.7398081534772182,rpi4,0.125,4809228050857239583
qan3d15l,noniid,heterofl,1337,0.125,0.5888429752066116,rpi4,0.125,5063341045942581897
qan3d15l,noniid,heterofl,1337,0.25,0.5846905537459284,rpi5,1.0,9141348006839004753
qan3d15l,noniid,heterofl,1337,0.25,0.6824324324324325,rpi5,0.5,3527286584316603929
qan3d15l,noniid,heterofl,1337,0.25,0.6817447495961227,rpi5,1.0,7197534909942403237
qan3d15l,noniid,heterofl,1337,0.25,0.7736720554272517,rpi5,0.5,5815939927864881500
qan3d15l,noniid,heterofl,1337,0.25,0.7224489795918367,rpi5,1.0,6362443407014399147
qan3d15l,noniid,heterofl,1337,0.25,0.5158924205378973,rpi5,0.5,1755216800987539843
qan3d15l,noniid,heterofl,1337,0.25,0.6582278481012658,rpi5,1.0,14751297480887493810
qan3d15l,noniid,heterofl,1337,0.25,0.40304182509505704,rpi5,0.5,3618460705159333905
qan3d15l,noniid,heterofl,1337,0.25,0.7182254196642686,rpi5,0.5,5600758805047734437
qan3d15l,noniid,heterofl,1337,0.25,0.579136690647482,rpi5,1.0,11881929971004592807
qan3d15l,noniid,heterofl,1337,0.25,0.6365979381443299,rpi4,0.25,12704951079979194111
qan3d15l,noniid,heterofl,1337,0.25,0.449685534591195,rpi4,0.25,14508563946524146154
qan3d15l,noniid,heterofl,1337,0.25,0.7533875338753387,rpi4,0.25,13325522390563191918
qan3d15l,noniid,heterofl,1337,0.25,0.7658227848101266,rpi4,0.125,9582571361934902166
qan3d15l,noniid,heterofl,1337,0.25,0.3700234192037471,rpi4,0.125,440262312482224152
qan3d15l,noniid,heterofl,1337,0.25,0.6330935251798561,rpi4,0.125,4809228050857239583
qan3d15l,noniid,heterofl,1337,0.25,0.6506493506493507,rpi4,0.25,9611654839551525286
qan3d15l,noniid,heterofl,1337,0.25,0.5714285714285714,rpi4,0.25,17103517746891366602
qan3d15l,noniid,heterofl,1337,0.25,0.4912891986062718,rpi4,0.125,2290552599971516951
qan3d15l,noniid,heterofl,1337,0.25,0.7479338842975206,rpi4,0.125,5063341045942581897
qan3d15l,noniid,heterofl,1337,0.5,0.5830618892508144,rpi5,1.0,9141348006839004753
qan3d15l,noniid,heterofl,1337,0.5,0.518578352180937,rpi5,1.0,7197534909942403237
qan3d15l,noniid,heterofl,1337,0.5,0.7390300230946882,rpi5,0.5,5815939927864881500
qan3d15l,noniid,heterofl,1337,0.5,0.6891891891891891,rpi5,0.5,3527286584316603929
qan3d15l,noniid,heterofl,1337,0.5,0.6653061224489796,rpi5,1.0,6362443407014399147
qan3d15l,noniid,heterofl,1337,0.5,0.5063291139240507,rpi5,1.0,14751297480887493810
qan3d15l,noniid,heterofl,1337,0.5,0.8249400479616307,rpi5,0.5,5600758805047734437
qan3d15l,noniid,heterofl,1337,0.5,0.5627376425855514,rpi5,0.5,3618460705159333905
qan3d15l,noniid,heterofl,1337,0.5,0.60880195599022,rpi5,0.5,1755216800987539843
qan3d15l,noniid,heterofl,1337,0.5,0.6942446043165468,rpi5,1.0,11881929971004592807
qan3d15l,noniid,heterofl,1337,0.5,0.7721518987341772,rpi4,0.125,9582571361934902166
qan3d15l,noniid,heterofl,1337,0.5,0.6368563685636857,rpi4,0.25,13325522390563191918
qan3d15l,noniid,heterofl,1337,0.5,0.5257731958762887,rpi4,0.25,12704951079979194111
qan3d15l,noniid,heterofl,1337,0.5,0.686411149825784,rpi4,0.25,17103517746891366602
qan3d15l,noniid,heterofl,1337,0.5,0.4028103044496487,rpi4,0.125,440262312482224152
qan3d15l,noniid,heterofl,1337,0.5,0.8117505995203836,rpi4,0.125,4809228050857239583
qan3d15l,noniid,heterofl,1337,0.5,0.554006968641115,rpi4,0.125,2290552599971516951
qan3d15l,noniid,heterofl,1337,0.5,0.6675324675324675,rpi4,0.25,9611654839551525286
qan3d15l,noniid,heterofl,1337,0.5,0.2358490566037736,rpi4,0.25,14508563946524146154
qan3d15l,noniid,heterofl,1337,0.5,0.7231404958677686,rpi4,0.125,5063341045942581897
qan3d15l,noniid,heterofl,1337,1.0,0.6930455635491607,rpi5,0.5,5600758805047734437
qan3d15l,noniid,heterofl,1337,1.0,0.7510204081632653,rpi5,1.0,6362443407014399147
qan3d15l,noniid,heterofl,1337,1.0,0.6628175519630485,rpi5,0.5,5815939927864881500
qan3d15l,noniid,heterofl,1337,1.0,0.7477477477477478,rpi5,0.5,3527286584316603929
qan3d15l,noniid,heterofl,1337,1.0,0.5057034220532319,rpi5,0.5,3618460705159333905
qan3d15l,noniid,heterofl,1337,1.0,0.8885298869143781,rpi5,1.0,7197534909942403237
qan3d15l,noniid,heterofl,1337,1.0,0.511002444987775,rpi5,0.5,1755216800987539843
qan3d15l,noniid,heterofl,1337,1.0,0.7230215827338129,rpi5,1.0,11881929971004592807
qan3d15l,noniid,heterofl,1337,1.0,0.870253164556962,rpi5,1.0,14751297480887493810
qan3d15l,noniid,heterofl,1337,1.0,0.8794788273615635,rpi5,1.0,9141348006839004753
qan3d15l,noniid,heterofl,1337,1.0,0.7603092783505154,rpi4,0.25,12704951079979194111
qan3d15l,noniid,heterofl,1337,1.0,0.8428184281842819,rpi4,0.25,13325522390563191918
qan3d15l,noniid,heterofl,1337,1.0,0.6727272727272727,rpi4,0.25,9611654839551525286
qan3d15l,noniid,heterofl,1337,1.0,0.8670886075949367,rpi4,0.125,9582571361934902166
qan3d15l,noniid,heterofl,1337,1.0,0.5574912891986062,rpi4,0.125,2290552599971516951
qan3d15l,noniid,heterofl,1337,1.0,0.6163522012578616,rpi4,0.25,14508563946524146154
qan3d15l,noniid,heterofl,1337,1.0,0.4250871080139373,rpi4,0.25,17103517746891366602
qan3d15l,noniid,heterofl,1337,1.0,0.4215456674473068,rpi4,0.125,440262312482224152
qan3d15l,noniid,heterofl,1337,1.0,0.44244604316546765,rpi4,0.125,4809228050857239583
qan3d15l,noniid,heterofl,1337,1.0,0.7210743801652892,rpi4,0.125,5063341045942581897
xnxiedtl,noniid,heterofl,1338,0.125,0.33268858800773693,rpi5,0.5,1384569677979807704
xnxiedtl,noniid,heterofl,1338,0.125,0.08333333333333333,rpi5,1.0,10876965124552122602
xnxiedtl,noniid,heterofl,1338,0.125,0.7604166666666666,rpi5,1.0,9098149468237491589
xnxiedtl,noniid,heterofl,1338,0.125,0.6510791366906474,rpi5,0.5,2167143213427462180
xnxiedtl,noniid,heterofl,1338,0.125,0.4921875,rpi5,1.0,16401266367819930303
xnxiedtl,noniid,heterofl,1338,0.125,0.5343283582089552,rpi5,1.0,9296299932755204207
xnxiedtl,noniid,heterofl,1338,0.125,0.657074340527578,rpi5,0.5,3197274224065503081
xnxiedtl,noniid,heterofl,1338,0.125,0.32456140350877194,rpi5,0.5,1144991516489980971
xnxiedtl,noniid,heterofl,1338,0.125,0.6512605042016807,rpi5,1.0,4132667982688213000
xnxiedtl,noniid,heterofl,1338,0.125,0.3338632750397456,rpi5,0.5,2619049181470937558
xnxiedtl,noniid,heterofl,1338,0.125,0.6460317460317461,rpi4,0.25,11237089744056633279
xnxiedtl,noniid,heterofl,1338,0.125,0.5473145780051151,rpi4,0.25,17415800188229523836
xnxiedtl,noniid,heterofl,1338,0.125,0.39002932551319647,rpi4,0.25,16408244056313700626
xnxiedtl,noniid,heterofl,1338,0.125,0.2755905511811024,rpi4,0.25,14099406085331673841
xnxiedtl,noniid,heterofl,1338,0.125,0.6981132075471698,rpi4,0.125,477541498900696015
xnxiedtl,noniid,heterofl,1338,0.125,0.5566666666666666,rpi4,0.125,9687603029924454463
xnxiedtl,noniid,heterofl,1338,0.125,0.5803571428571429,rpi4,0.125,8434163686345048317
xnxiedtl,noniid,heterofl,1338,0.125,0.6530014641288433,rpi4,0.125,2817891850120106363
xnxiedtl,noniid,heterofl,1338,0.125,0.5247933884297521,rpi4,0.125,10976385382696409667
xnxiedtl,noniid,heterofl,1338,0.125,0.48484848484848486,rpi4,0.25,14329783851610482521
xnxiedtl,noniid,heterofl,1338,0.25,0.6486810551558753,rpi5,0.5,3197274224065503081
xnxiedtl,noniid,heterofl,1338,0.25,0.7940298507462686,rpi5,1.0,9296299932755204207
xnxiedtl,noniid,heterofl,1338,0.25,0.5070028011204482,rpi5,1.0,4132667982688213000
xnxiedtl,noniid,heterofl,1338,0.25,0.2890625,rpi5,1.0,16401266367819930303
xnxiedtl,noniid,heterofl,1338,0.25,0.71875,rpi5,1.0,9098149468237491589
xnxiedtl,noniid,heterofl,1338,0.25,0.10714285714285714,rpi5,1.0,10876965124552122602
xnxiedtl,noniid,heterofl,1338,0.25,0.5564387917329093,rpi5,0.5,2619049181470937558
xnxiedtl,noniid,heterofl,1338,0.25,0.43128654970760233,rpi5,0.5,1144991516489980971
xnxiedtl,noniid,heterofl,1338,0.25,0.684652278177458,rpi5,0.5,2167143213427462180
xnxiedtl,noniid,heterofl,1338,0.25,0.437137330754352,rpi5,0.5,1384569677979807704
xnxiedtl,noniid,heterofl,1338,0.25,0.7920937042459737,rpi4,0.125,2817891850120106363
xnxiedtl,noniid,heterofl,1338,0.25,0.5013123359580053,rpi4,0.25,14099406085331673841
xnxiedtl,noniid,heterofl,1338,0.25,0.873015873015873,rpi4,0.25,11237089744056633279
xnxiedtl,noniid,heterofl,1338,0.25,0.23140495867768596,rpi4,0.125,10976385382696409667
xnxiedtl,noniid,heterofl,1338,0.25,0.4037735849056604,rpi4,0.125,477541498900696015
xnxiedtl,noniid,heterofl,1338,0.25,0.7287390029325513,rpi4,0.25,16408244056313700626
xnxiedtl,noniid,heterofl,1338,0.25,0.5066666666666667,rpi4,0.125,9687603029924454463
xnxiedtl,noniid,heterofl,1338,0.25,0.2357142857142857,rpi4,0.125,8434163686345048317
xnxiedtl,noniid,heterofl,1338,0.25,0.5652173913043478,rpi4,0.25,17415800188229523836
xnxiedtl,noniid,heterofl,1338,0.25,0.6616161616161617,rpi4,0.25,14329783851610482521
xnxiedtl,noniid,heterofl,1338,0.5,0.9124700239808153,rpi5,0.5,3197274224065503081
xnxiedtl,noniid,heterofl,1338,0.5,0.8149253731343283,rpi5,1.0,9296299932755204207
xnxiedtl,noniid,heterofl,1338,0.5,0.78125,rpi5,1.0,16401266367819930303
xnxiedtl,noniid,heterofl,1338,0.5,0.469187675070028,rpi5,1.0,4132667982688213000
xnxiedtl,noniid,heterofl,1338,0.5,0.8600953895071543,rpi5,0.5,2619049181470937558
xnxiedtl,noniid,heterofl,1338,0.5,0.7380952380952381,rpi5,1.0,10876965124552122602
xnxiedtl,noniid,heterofl,1338,0.5,0.8501199040767387,rpi5,0.5,2167143213427462180
xnxiedtl,noniid,heterofl,1338,0.5,0.4816247582205029,rpi5,0.5,1384569677979807704
xnxiedtl,noniid,heterofl,1338,0.5,0.59375,rpi5,1.0,9098149468237491589
xnxiedtl,noniid,heterofl,1338,0.5,0.7807017543859649,rpi5,0.5,1144991516489980971
xnxiedtl,noniid,heterofl,1338,0.5,0.4625,rpi4,0.125,8434163686345048317
xnxiedtl,noniid,heterofl,1338,0.5,0.6622641509433962,rpi4,0.125,477541498900696015
xnxiedtl,noniid,heterofl,1338,0.5,0.6956521739130435,rpi4,0.25,17415800188229523836
xnxiedtl,noniid,heterofl,1338,0.5,0.5603174603174603,rpi4,0.25,11237089744056633279
xnxiedtl,noniid,heterofl,1338,0.5,0.47107438016528924,rpi4,0.125,10976385382696409667
xnxiedtl,noniid,heterofl,1338,0.5,0.45,rpi4,0.125,9687603029924454463
xnxiedtl,noniid,heterofl,1338,0.5,0.3858267716535433,rpi4,0.25,14099406085331673841
xnxiedtl,noniid,heterofl,1338,0.5,0.844574780058651,rpi4,0.25,16408244056313700626
xnxiedtl,noniid,heterofl,1338,0.5,0.34553440702781846,rpi4,0.125,2817891850120106363
xnxiedtl,noniid,heterofl,1338,0.5,0.6161616161616161,rpi4,0.25,14329783851610482521
xnxiedtl,noniid,heterofl,1338,1.0,0.6359300476947536,rpi5,0.5,2619049181470937558
xnxiedtl,noniid,heterofl,1338,1.0,0.6330409356725146,rpi5,0.5,1144991516489980971
xnxiedtl,noniid,heterofl,1338,1.0,0.69140625,rpi5,1.0,16401266367819930303
xnxiedtl,noniid,heterofl,1338,1.0,0.8405275779376499,rpi5,0.5,3197274224065503081
xnxiedtl,noniid,heterofl,1338,1.0,0.5182072829131653,rpi5,1.0,4132667982688213000
xnxiedtl,noniid,heterofl,1338,1.0,0.6882494004796164,rpi5,0.5,2167143213427462180
xnxiedtl,noniid,heterofl,1338,1.0,0.3694390715667311,rpi5,0.5,1384569677979807704
xnxiedtl,noniid,heterofl,1338,1.0,0.9373134328358209,rpi5,1.0,9296299932755204207
xnxiedtl,noniid,heterofl,1338,1.0,0.5208333333333334,rpi5,1.0,9098149468237491589
xnxiedtl,noniid,heterofl,1338,1.0,0.35714285714285715,rpi5,1.0,10876965124552122602
xnxiedtl,noniid,heterofl,1338,1.0,0.5016666666666667,rpi4,0.125,9687603029924454463
xnxiedtl,noniid,heterofl,1338,1.0,0.6751918158567775,rpi4,0.25,17415800188229523836
xnxiedtl,noniid,heterofl,1338,1.0,0.5968253968253968,rpi4,0.25,11237089744056633279
xnxiedtl,noniid,heterofl,1338,1.0,0.2679355783308931,rpi4,0.125,2817891850120106363
xnxiedtl,noniid,heterofl,1338,1.0,0.29642857142857143,rpi4,0.125,8434163686345048317
xnxiedtl,noniid,heterofl,1338,1.0,0.2755905511811024,rpi4,0.25,14099406085331673841
xnxiedtl,noniid,heterofl,1338,1.0,0.45041322314049587,rpi4,0.125,10976385382696409667
xnxiedtl,noniid,heterofl,1338,1.0,0.439622641509434,rpi4,0.125,477541498900696015
xnxiedtl,noniid,heterofl,1338,1.0,0.7419354838709677,rpi4,0.25,16408244056313700626
xnxiedtl,noniid,heterofl,1338,1.0,0.5606060606060606,rpi4,0.25,14329783851610482521
338jz3jx,noniid,heterofl,1339,0.125,0.29396984924623115,rpi5,0.5,13266288765321622872
338jz3jx,noniid,heterofl,1339,0.125,0.6205962059620597,rpi5,1.0,13826513333545742340
338jz3jx,noniid,heterofl,1339,0.125,0.4040767386091127,rpi5,0.5,6613949254816291224
338jz3jx,noniid,heterofl,1339,0.125,0.6060606060606061,rpi5,1.0,16990310906939098056
338jz3jx,noniid,heterofl,1339,0.125,0.5562130177514792,rpi5,1.0,18403087245637231229
338jz3jx,noniid,heterofl,1339,0.125,0.5728476821192053,rpi5,0.5,11241496687547346014
338jz3jx,noniid,heterofl,1339,0.125,0.6071428571428571,rpi5,0.5,7025677825517935983
338jz3jx,noniid,heterofl,1339,0.125,0.39341085271317827,rpi5,1.0,14765358009141280672
338jz3jx,noniid,heterofl,1339,0.125,0.15346534653465346,rpi5,1.0,14415133633618110646
338jz3jx,noniid,heterofl,1339,0.125,0.5204359673024523,rpi5,0.5,4004438733634105123
338jz3jx,noniid,heterofl,1339,0.125,0.41513292433537835,rpi4,0.125,6280281826871954201
338jz3jx,noniid,heterofl,1339,0.125,0.5722222222222222,rpi4,0.25,18277728381411100153
338jz3jx,noniid,heterofl,1339,0.125,0.8284734133790738,rpi4,0.125,6271682744521487317
338jz3jx,noniid,heterofl,1339,0.125,0.4136690647482014,rpi4,0.125,1061704328222161570
338jz3jx,noniid,heterofl,1339,0.125,0.19567827130852342,rpi4,0.25,11725520661163629609
338jz3jx,noniid,heterofl,1339,0.125,0.35218508997429304,rpi4,0.25,14494445310718811467
338jz3jx,noniid,heterofl,1339,0.125,0.6822541966426858,rpi4,0.25,15946996525080603526
338jz3jx,noniid,heterofl,1339,0.125,0.7928221859706363,rpi4,0.125,10366329256187959152
338jz3jx,noniid,heterofl,1339,0.125,0.6538461538461539,rpi4,0.125,7995335094535693180
338jz3jx,noniid,heterofl,1339,0.125,0.49609375,rpi4,0.25,10603293292071663091
338jz3jx,noniid,heterofl,1339,0.25,0.6434108527131783,rpi5,1.0,14765358009141280672
338jz3jx,noniid,heterofl,1339,0.25,0.4304635761589404,rpi5,0.5,11241496687547346014
338jz3jx,noniid,heterofl,1339,0.25,0.5776566757493188,rpi5,0.5,4004438733634105123
338jz3jx,noniid,heterofl,1339,0.25,0.6836734693877551,rpi5,0.5,7025677825517935983
338jz3jx,noniid,heterofl,1339,0.25,0.7337278106508875,rpi5,1.0,18403087245637231229
338jz3jx,noniid,heterofl,1339,0.25,0.5083932853717026,rpi5,0.5,6613949254816291224
338jz3jx,noniid,heterofl,1339,0.25,0.3065326633165829,rpi5,0.5,13266288765321622872
338jz3jx,noniid,heterofl,1339,0.25,0.7127371273712737,rpi5,1.0,13826513333545742340
338jz3jx,noniid,heterofl,1339,0.25,0.5792079207920792,rpi5,1.0,14415133633618110646
338jz3jx,noniid,heterofl,1339,0.25,0.4898989898989899,rpi5,1.0,16990310906939098056
338jz3jx,noniid,heterofl,1339,0.25,0.6538461538461539,rpi4,0.125,7995335094535693180
338jz3jx,noniid,heterofl,1339,0.25,0.4704370179948586,rpi4,0.25,14494445310718811467
338jz3jx,noniid,heterofl,1339,0.25,0.7879282218597063,rpi4,0.125,10366329256187959152
338jz3jx,noniid,heterofl,1339,0.25,0.3932853717026379,rpi4,0.125,1061704328222161570
338jz3jx,noniid,heterofl,1339,0.25,0.8033573141486811,rpi4,0.25,15946996525080603526
338jz3jx,noniid,heterofl,1339,0.25,0.7667238421955404,rpi4,0.125,6271682744521487317
338jz3jx,noniid,heterofl,1339,0.25,0.621676891615542,rpi4,0.125,6280281826871954201
338jz3jx,noniid,heterofl,1339,0.25,0.4222222222222222,rpi4,0.25,18277728381411100153
338jz3jx,noniid,heterofl,1339,0.25,0.7190876350540216,rpi4,0.25,11725520661163629609
338jz3jx,noniid,heterofl,1339,0.25,0.8203125,rpi4,0.25,10603293292071663091
338jz3jx,noniid,heterofl,1339,0.5,0.7901907356948229,rpi5,0.5,4004438733634105123
338jz3jx,noniid,heterofl,1339,0.5,0.5930232558139535,rpi5,1.0,14765358009141280672
338jz3jx,noniid,heterofl,1339,0.5,0.6632653061224489,rpi5,0.5,7025677825517935983
338jz3jx,noniid,heterofl,1339,0.5,0.4900990099009901,rpi5,1.0,14415133633618110646
338jz3jx,noniid,heterofl,1339,0.5,0.7781456953642384,rpi5,0.5,11241496687547346014
338jz3jx,noniid,heterofl,1339,0.5,0.621301775147929,rpi5,1.0,18403087245637231229
338jz3jx,noniid,heterofl,1339,0.5,0.5653266331658291,rpi5,0.5,13266288765321622872
338jz3jx,noniid,heterofl,1339,0.5,0.7181571815718157,rpi5,1.0,13826513333545742340
338jz3jx,noniid,heterofl,1339,0.5,0.7575757575757576,rpi5,1.0,16990310906939098056
338jz3jx,noniid,heterofl,1339,0.5,0.7170263788968825,rpi5,0.5,6613949254816291224
338jz3jx,noniid,heterofl,1339,0.5,0.6846153846153846,rpi4,0.125,7995335094535693180
338jz3jx,noniid,heterofl,1339,0.5,0.7055555555555556,rpi4,0.25,18277728381411100153
338jz3jx,noniid,heterofl,1339,0.5,0.5347721822541966,rpi4,0.125,1061704328222161570
338jz3jx,noniid,heterofl,1339,0.5,0.32719836400818,rpi4,0.125,6280281826871954201
338jz3jx,noniid,heterofl,1339,0.5,0.45738295318127253,rpi4,0.25,11725520661163629609
338jz3jx,noniid,heterofl,1339,0.5,0.7478559176672385,rpi4,0.125,6271682744521487317
338jz3jx,noniid,heterofl,1339,0.5,0.6143958868894601,rpi4,0.25,14494445310718811467
338jz3jx,noniid,heterofl,1339,0.5,0.7112561174551386,rpi4,0.125,10366329256187959152
338jz3jx,noniid,heterofl,1339,0.5,0.5851318944844125,rpi4,0.25,15946996525080603526
338jz3jx,noniid,heterofl,1339,0.5,0.73046875,rpi4,0.25,10603293292071663091
338jz3jx,noniid,heterofl,1339,1.0,0.8455284552845529,rpi5,1.0,13826513333545742340
338jz3jx,noniid,heterofl,1339,1.0,0.8542713567839196,rpi5,0.5,13266288765321622872
338jz3jx,noniid,heterofl,1339,1.0,0.6836734693877551,rpi5,0.5,7025677825517935983
338jz3jx,noniid,heterofl,1339,1.0,0.8415841584158416,rpi5,1.0,14415133633618110646
338jz3jx,noniid,heterofl,1339,1.0,0.7248062015503876,rpi5,1.0,14765358009141280672
338jz3jx,noniid,heterofl,1339,1.0,0.5395095367847411,rpi5,0.5,4004438733634105123
338jz3jx,noniid,heterofl,1339,1.0,0.5606060606060606,rpi5,1.0,16990310906939098056
338jz3jx,noniid,heterofl,1339,1.0,0.6079136690647482,rpi5,0.5,6613949254816291224
338jz3jx,noniid,heterofl,1339,1.0,0.7218934911242604,rpi5,1.0,18403087245637231229
338jz3jx,noniid,heterofl,1339,1.0,0.6589403973509934,rpi5,0.5,11241496687547346014
338jz3jx,noniid,heterofl,1339,1.0,0.7555555555555555,rpi4,0.25,18277728381411100153
338jz3jx,noniid,heterofl,1339,1.0,0.609254498714653,rpi4,0.25,14494445310718811467
338jz3jx,noniid,heterofl,1339,1.0,0.7308319738988581,rpi4,0.125,10366329256187959152
338jz3jx,noniid,heterofl,1339,1.0,0.6662665066026411,rpi4,0.25,11725520661163629609
338jz3jx,noniid,heterofl,1339,1.0,0.6846153846153846,rpi4,0.125,7995335094535693180
338jz3jx,noniid,heterofl,1339,1.0,0.7770154373927959,rpi4,0.125,6271682744521487317
338jz3jx,noniid,heterofl,1339,1.0,0.6414868105515588,rpi4,0.125,1061704328222161570
338jz3jx,noniid,heterofl,1339,1.0,0.7239263803680982,rpi4,0.125,6280281826871954201
338jz3jx,noniid,heterofl,1339,1.0,0.7637889688249401,rpi4,0.25,15946996525080603526
338jz3jx,noniid,heterofl,1339,1.0,0.51953125,rpi4,0.25,10603293292071663091
uwlxpang,noniid,fedrolex,1337,0.125,0.09684684684684684,rpi5,1.0,9275748833004984974
uwlxpang,noniid,fedrolex,1337,0.125,0.1642685851318945,rpi5,1.0,16430802500520142075
uwlxpang,noniid,fedrolex,1337,0.125,0.7592891760904685,rpi5,1.0,11673760968524579368
uwlxpang,noniid,fedrolex,1337,0.125,0.4400977995110024,rpi5,1.0,9977573134258173750
uwlxpang,noniid,fedrolex,1337,0.125,0.07604562737642585,rpi5,0.5,175977497206806014
uwlxpang,noniid,fedrolex,1337,0.125,0.09177215189873418,rpi5,0.5,3295709355903881997
uwlxpang,noniid,fedrolex,1337,0.125,0.20195439739413681,rpi5,0.5,3363295310898535307
uwlxpang,noniid,fedrolex,1337,0.125,0.15587529976019185,rpi5,0.5,4137626969773089549
uwlxpang,noniid,fedrolex,1337,0.125,0.30612244897959184,rpi5,0.5,3512092940506742782
uwlxpang,noniid,fedrolex,1337,0.125,0.16166281755196305,rpi5,1.0,7345172038542507984
uwlxpang,noniid,fedrolex,1337,0.125,0.38441558441558443,rpi4,0.125,3544470624473289601
uwlxpang,noniid,fedrolex,1337,0.125,0.36075949367088606,rpi4,0.125,192928855630781488
uwlxpang,noniid,fedrolex,1337,0.125,0.10824742268041238,rpi4,0.25,13596892730141352160
uwlxpang,noniid,fedrolex,1337,0.125,0.08710801393728224,rpi4,0.125,788222834327277297
uwlxpang,noniid,fedrolex,1337,0.125,0.03981264637002342,rpi4,0.25,9318292205911222877
uwlxpang,noniid,fedrolex,1337,0.125,0.7100271002710027,rpi4,0.25,16487505903492130304
uwlxpang,noniid,fedrolex,1337,0.125,0.08490566037735849,rpi4,0.25,10052813846697380301
uwlxpang,noniid,fedrolex,1337,0.125,0.14982578397212543,rpi4,0.25,9147844493692668320
uwlxpang,noniid,fedrolex,1337,0.125,0.24100719424460432,rpi4,0.125,9044257758628094149
uwlxpang,noniid,fedrolex,1337,0.125,0.4607438016528926,rpi4,0.125,2138843979280001763
uwlxpang,noniid,fedrolex,1337,0.25,0.4136690647482014,rpi5,0.5,4137626969773089549
uwlxpang,noniid,fedrolex,1337,0.25,0.34810126582278483,rpi5,0.5,3295709355903881997
uwlxpang,noniid,fedrolex,1337,0.25,0.45496535796766746,rpi5,1.0,7345172038542507984
uwlxpang,noniid,fedrolex,1337,0.25,0.6418918918918919,rpi5,1.0,9275748833004984974
uwlxpang,noniid,fedrolex,1337,0.25,0.35251798561151076,rpi5,1.0,16430802500520142075
uwlxpang,noniid,fedrolex,1337,0.25,0.5469387755102041,rpi5,0.5,3512092940506742782
uwlxpang,noniid,fedrolex,1337,0.25,0.16381418092909536,rpi5,1.0,9977573134258173750
uwlxpang,noniid,fedrolex,1337,0.25,0.0993485342019544,rpi5,0.5,3363295310898535307
uwlxpang,noniid,fedrolex,1337,0.25,0.19063004846526657,rpi5,1.0,11673760968524579368
uwlxpang,noniid,fedrolex,1337,0.25,0.24714828897338403,rpi5,0.5,175977497206806014
uwlxpang,noniid,fedrolex,1337,0.25,0.39372822299651566,rpi4,0.25,9147844493692668320
uwlxpang,noniid,fedrolex,1337,0.25,0.4810126582278481,rpi4,0.125,192928855630781488
uwlxpang,noniid,fedrolex,1337,0.25,0.48711340206185566,rpi4,0.25,13596892730141352160
uwlxpang,noniid,fedrolex,1337,0.25,0.28222996515679444,rpi4,0.125,788222834327277297
uwlxpang,noniid,fedrolex,1337,0.25,0.2997601918465228,rpi4,0.125,9044257758628094149
uwlxpang,noniid,fedrolex,1337,0.25,0.287012987012987,rpi4,0.125,3544470624473289601
uwlxpang,noniid,fedrolex,1337,0.25,0.5386416861826698,rpi4,0.25,9318292205911222877
uwlxpang,noniid,fedrolex,1337,0.25,0.21680216802168023,rpi4,0.25,16487505903492130304
uwlxpang,noniid,fedrolex,1337,0.25,0.1509433962264151,rpi4,0.25,10052813846697380301
uwlxpang,noniid,fedrolex,1337,0.25,0.3285123966942149,rpi4,0.125,2138843979280001763
uwlxpang,noniid,fedrolex,1337,0.5,0.3872901678657074,rpi5,0.5,4137626969773089549
uwlxpang,noniid,fedrolex,1337,0.5,0.4,rpi5,0.5,3512092940506742782
uwlxpang,noniid,fedrolex,1337,0.5,0.25732899022801303,rpi5,0.5,3363295310898535307
uwlxpang,noniid,fedrolex,1337,0.5,0.39556962025316456,rpi5,0.5,3295709355903881997
uwlxpang,noniid,fedrolex,1337,0.5,0.7545045045045045,rpi5,1.0,9275748833004984974
uwlxpang,noniid,fedrolex,1337,0.5,0.1631663974151858,rpi5,1.0,11673760968524579368
uwlxpang,noniid,fedrolex,1337,0.5,0.6247002398081535,rpi5,1.0,16430802500520142075
uwlxpang,noniid,fedrolex,1337,0.5,0.3643031784841076,rpi5,1.0,9977573134258173750
uwlxpang,noniid,fedrolex,1337,0.5,0.7604562737642585,rpi5,0.5,175977497206806014
uwlxpang,noniid,fedrolex,1337,0.5,0.5080831408775982,rpi5,1.0,7345172038542507984
uwlxpang,noniid,fedrolex,1337,0.5,0.3987341772151899,rpi4,0.125,192928855630781488
uwlxpang,noniid,fedrolex,1337,0.5,0.627177700348432,rpi4,0.125,788222834327277297
uwlxpang,noniid,fedrolex,1337,0.5,0.35309278350515466,rpi4,0.25,13596892730141352160
uwlxpang,noniid,fedrolex,1337,0.5,0.025157232704402517,rpi4,0.25,10052813846697380301
uwlxpang,noniid,fedrolex,1337,0.5,0.42727272727272725,rpi4,0.125,3544470624473289601
uwlxpang,noniid,fedrolex,1337,0.5,0.18466898954703834,rpi4,0.25,9147844493692668320
uwlxpang,noniid,fedrolex,1337,0.5,0.15718157181571815,rpi4,0.25,16487505903492130304
uwlxpang,noniid,fedrolex,1337,0.5,0.7939110070257611,rpi4,0.25,9318292205911222877
uwlxpang,noniid,fedrolex,1337,0.5,0.1906474820143885,rpi4,0.125,9044257758628094149
uwlxpang,noniid,fedrolex,1337,0.5,0.1012396694214876,rpi4,0.125,2138843979280001763
uwlxpang,noniid,fedrolex,1337,1.0,0.7566539923954373,rpi5,0.5,175977497206806014
uwlxpang,noniid,fedrolex,1337,1.0,0.4810126582278481,rpi5,0.5,3295709355903881997
uwlxpang,noniid,fedrolex,1337,1.0,0.5244299674267101,rpi5,0.5,3363295310898535307
uwlxpang,noniid,fedrolex,1337,1.0,0.6772616136919315,rpi5,1.0,9977573134258173750
uwlxpang,noniid,fedrolex,1337,1.0,0.4668820678513732,rpi5,1.0,11673760968524579368
uwlxpang,noniid,fedrolex,1337,1.0,0.8175519630484989,rpi5,1.0,7345172038542507984
uwlxpang,noniid,fedrolex,1337,1.0,0.726530612244898,rpi5,0.5,3512092940506742782
uwlxpang,noniid,fedrolex,1337,1.0,0.8265765765765766,rpi5,1.0,9275748833004984974
uwlxpang,noniid,fedrolex,1337,1.0,0.6247002398081535,rpi5,0.5,4137626969773089549
uwlxpang,noniid,fedrolex,1337,1.0,0.7685851318944844,rpi5,1.0,16430802500520142075
uwlxpang,noniid,fedrolex,1337,1.0,0.7675324675324675,rpi4,0.125,3544470624473289601
uwlxpang,noniid,fedrolex,1337,1.0,0.6794425087108014,rpi4,0.125,788222834327277297
uwlxpang,noniid,fedrolex,1337,1.0,0.16666666666666666,rpi4,0.25,10052813846697380301
uwlxpang,noniid,fedrolex,1337,1.0,0.6772151898734177,rpi4,0.125,192928855630781488
uwlxpang,noniid,fedrolex,1337,1.0,0.5719424460431655,rpi4,0.125,9044257758628094149
uwlxpang,noniid,fedrolex,1337,1.0,0.5528455284552846,rpi4,0.25,16487505903492130304
uwlxpang,noniid,fedrolex,1337,1.0,0.6182669789227166,rpi4,0.25,9318292205911222877
uwlxpang,noniid,fedrolex,1337,1.0,0.4878048780487805,rpi4,0.25,9147844493692668320
uwlxpang,noniid,fedrolex,1337,1.0,0.49226804123711343,rpi4,0.25,13596892730141352160
uwlxpang,noniid,fedrolex,1337,1.0,0.5537190082644629,rpi4,0.125,2138843979280001763
dfxe9all,noniid,fedrolex,1338,0.125,0.2578125,rpi5,1.0,6053548069914449891
dfxe9all,noniid,fedrolex,1338,0.125,0.07142857142857142,rpi5,0.5,5105867168309667543
dfxe9all,noniid,fedrolex,1338,0.125,0.25918762088974856,rpi5,0.5,5577395960234716921
dfxe9all,noniid,fedrolex,1338,0.125,0.08267090620031796,rpi5,0.5,4425395342813922481
dfxe9all,noniid,fedrolex,1338,0.125,0.3541666666666667,rpi5,1.0,17213221622076223808
dfxe9all,noniid,fedrolex,1338,0.125,0.5719424460431655,rpi5,1.0,12511097307478304461
dfxe9all,noniid,fedrolex,1338,0.125,0.46865671641791046,rpi5,1.0,7131889005436205583
dfxe9all,noniid,fedrolex,1338,0.125,0.3055555555555556,rpi5,0.5,2083302720877700216
dfxe9all,noniid,fedrolex,1338,0.125,0.27697841726618705,rpi5,0.5,3603556279872555084
dfxe9all,noniid,fedrolex,1338,0.125,0.37815126050420167,rpi5,1.0,5619243936120925075
dfxe9all,noniid,fedrolex,1338,0.125,0.37735849056603776,rpi4,0.25,14527728380056070026
dfxe9all,noniid,fedrolex,1338,0.125,0.5380952380952381,rpi4,0.125,5385519186341340617
dfxe9all,noniid,fedrolex,1338,0.125,0.19107142857142856,rpi4,0.125,11909833651302110523
dfxe9all,noniid,fedrolex,1338,0.125,0.3631713554987212,rpi4,0.125,3243046553854803672
dfxe9all,noniid,fedrolex,1338,0.125,0.17060367454068243,rpi4,0.125,11155779246699187686
dfxe9all,noniid,fedrolex,1338,0.125,0.26859504132231404,rpi4,0.25,18119159192994796107
dfxe9all,noniid,fedrolex,1338,0.125,0.295,rpi4,0.125,11450380223739862025
dfxe9all,noniid,fedrolex,1338,0.125,0.30058651026392963,rpi4,0.25,15648141993111582436
dfxe9all,noniid,fedrolex,1338,0.125,0.6002928257686676,rpi4,0.25,16112889183284964502
dfxe9all,noniid,fedrolex,1338,0.125,0.2828282828282828,rpi4,0.25,17164188620494409819
dfxe9all,noniid,fedrolex,1338,0.25,0.32238805970149254,rpi5,1.0,7131889005436205583
dfxe9all,noniid,fedrolex,1338,0.25,0.5455635491606715,rpi5,1.0,12511097307478304461
dfxe9all,noniid,fedrolex,1338,0.25,0.5277777777777778,rpi5,0.5,2083302720877700216
dfxe9all,noniid,fedrolex,1338,0.25,0.5203094777562862,rpi5,0.5,5577395960234716921
dfxe9all,noniid,fedrolex,1338,0.25,0.7937649880095923,rpi5,0.5,3603556279872555084
dfxe9all,noniid,fedrolex,1338,0.25,0.6248012718600954,rpi5,0.5,4425395342813922481
dfxe9all,noniid,fedrolex,1338,0.25,0.2916666666666667,rpi5,1.0,17213221622076223808
dfxe9all,noniid,fedrolex,1338,0.25,0.2184873949579832,rpi5,1.0,5619243936120925075
dfxe9all,noniid,fedrolex,1338,0.25,0.6309523809523809,rpi5,0.5,5105867168309667543
dfxe9all,noniid,fedrolex,1338,0.25,0.6796875,rpi5,1.0,6053548069914449891
dfxe9all,noniid,fedrolex,1338,0.25,0.353968253968254,rpi4,0.125,5385519186341340617
dfxe9all,noniid,fedrolex,1338,0.25,0.5849056603773585,rpi4,0.25,14527728380056070026
dfxe9all,noniid,fedrolex,1338,0.25,0.3248081841432225,rpi4,0.125,3243046553854803672
dfxe9all,noniid,fedrolex,1338,0.25,0.38035714285714284,rpi4,0.125,11909833651302110523
dfxe9all,noniid,fedrolex,1338,0.25,0.30578512396694213,rpi4,0.25,18119159192994796107
dfxe9all,noniid,fedrolex,1338,0.25,0.22572178477690288,rpi4,0.125,11155779246699187686
dfxe9all,noniid,fedrolex,1338,0.25,0.5498533724340176,rpi4,0.25,15648141993111582436
dfxe9all,noniid,fedrolex,1338,0.25,0.21833333333333332,rpi4,0.125,11450380223739862025
dfxe9all,noniid,fedrolex,1338,0.25,0.45973645680819913,rpi4,0.25,16112889183284964502
dfxe9all,noniid,fedrolex,1338,0.25,0.4090909090909091,rpi4,0.25,17164188620494409819
dfxe9all,noniid,fedrolex,1338,0.5,0.7254196642685852,rpi5,0.5,3603556279872555084
dfxe9all,noniid,fedrolex,1338,0.5,0.43764988009592326,rpi5,1.0,12511097307478304461
dfxe9all,noniid,fedrolex,1338,0.5,0.6038011695906432,rpi5,0.5,2083302720877700216
dfxe9all,noniid,fedrolex,1338,0.5,0.22268907563025211,rpi5,1.0,5619243936120925075
dfxe9all,noniid,fedrolex,1338,0.5,0.382089552238806,rpi5,1.0,7131889005436205583
dfxe9all,noniid,fedrolex,1338,0.5,0.78125,rpi5,1.0,6053548069914449891
dfxe9all,noniid,fedrolex,1338,0.5,0.8809523809523809,rpi5,0.5,5105867168309667543
dfxe9all,noniid,fedrolex,1338,0.5,0.5570599613152805,rpi5,0.5,5577395960234716921
dfxe9all,noniid,fedrolex,1338,0.5,0.5596184419713831,rpi5,0.5,4425395342813922481
dfxe9all,noniid,fedrolex,1338,0.5,0.3020833333333333,rpi5,1.0,17213221622076223808
dfxe9all,noniid,fedrolex,1338,0.5,0.46035805626598464,rpi4,0.125,3243046553854803672
dfxe9all,noniid,fedrolex,1338,0.5,0.17936507936507937,rpi4,0.125,5385519186341340617
dfxe9all,noniid,fedrolex,1338,0.5,0.16010498687664043,rpi4,0.125,11155779246699187686
dfxe9all,noniid,fedrolex,1338,0.5,0.42830188679245285,rpi4,0.25,14527728380056070026
dfxe9all,noniid,fedrolex,1338,0.5,0.3125,rpi4,0.125,11909833651302110523
dfxe9all,noniid,fedrolex,1338,0.5,0.4256198347107438,rpi4,0.25,18119159192994796107
dfxe9all,noniid,fedrolex,1338,0.5,0.33724340175953077,rpi4,0.25,15648141993111582436
dfxe9all,noniid,fedrolex,1338,0.5,0.19333333333333333,rpi4,0.125,11450380223739862025
dfxe9all,noniid,fedrolex,1338,0.5,0.11859443631039532,rpi4,0.25,16112889183284964502
dfxe9all,noniid,fedrolex,1338,0.5,0.31313131313131315,rpi4,0.25,17164188620494409819
dfxe9all,noniid,fedrolex,1338,1.0,0.74609375,rpi5,1.0,6053548069914449891
dfxe9all,noniid,fedrolex,1338,1.0,0.75,rpi5,0.5,5105867168309667543
dfxe9all,noniid,fedrolex,1338,1.0,0.4479166666666667,rpi5,1.0,17213221622076223808
dfxe9all,noniid,fedrolex,1338,1.0,0.49719887955182074,rpi5,1.0,5619243936120925075
dfxe9all,noniid,fedrolex,1338,1.0,0.8791732909379968,rpi5,0.5,4425395342813922481
dfxe9all,noniid,fedrolex,1338,1.0,0.8776119402985074,rpi5,1.0,7131889005436205583
dfxe9all,noniid,fedrolex,1338,1.0,0.8561151079136691,rpi5,0.5,3603556279872555084
dfxe9all,noniid,fedrolex,1338,1.0,0.8573141486810552,rpi5,1.0,12511097307478304461
dfxe9all,noniid,fedrolex,1338,1.0,0.7383040935672515,rpi5,0.5,2083302720877700216
dfxe9all,noniid,fedrolex,1338,1.0,0.4738878143133462,rpi5,0.5,5577395960234716921
dfxe9all,noniid,fedrolex,1338,1.0,0.2020997375328084,rpi4,0.125,11155779246699187686
dfxe9all,noniid,fedrolex,1338,1.0,0.41833333333333333,rpi4,0.125,11450380223739862025
dfxe9all,noniid,fedrolex,1338,1.0,0.4446428571428571,rpi4,0.125,11909833651302110523
dfxe9all,noniid,fedrolex,1338,1.0,0.5716981132075472,rpi4,0.25,14527728380056070026
dfxe9all,noniid,fedrolex,1338,1.0,0.5888888888888889,rpi4,0.125,5385519186341340617
dfxe9all,noniid,fedrolex,1338,1.0,0.3733528550512445,rpi4,0.25,16112889183284964502
dfxe9all,noniid,fedrolex,1338,1.0,0.45268542199488493,rpi4,0.125,3243046553854803672
dfxe9all,noniid,fedrolex,1338,1.0,0.47107438016528924,rpi4,0.25,18119159192994796107
dfxe9all,noniid,fedrolex,1338,1.0,0.658357771260997,rpi4,0.25,15648141993111582436
dfxe9all,noniid,fedrolex,1338,1.0,0.5757575757575758,rpi4,0.25,17164188620494409819
r9cu44c3,noniid,fedrolex,1339,0.125,0.0829145728643216,rpi5,1.0,16181134295344169509
r9cu44c3,noniid,fedrolex,1339,0.125,0.35772357723577236,rpi5,0.5,4792805651467158759
r9cu44c3,noniid,fedrolex,1339,0.125,0.12626262626262627,rpi5,0.5,6253284296340417004
r9cu44c3,noniid,fedrolex,1339,0.125,0.3701550387596899,rpi5,0.5,905669160184900300
r9cu44c3,noniid,fedrolex,1339,0.125,0.06622516556291391,rpi5,1.0,9778560075911825995
r9cu44c3,noniid,fedrolex,1339,0.125,0.08174386920980926,rpi5,1.0,10129819605159776750
r9cu44c3,noniid,fedrolex,1339,0.125,0.039603960396039604,rpi5,1.0,11919967787376620265
r9cu44c3,noniid,fedrolex,1339,0.125,0.378698224852071,rpi5,0.5,7665224363422475562
r9cu44c3,noniid,fedrolex,1339,0.125,0.07074340527577938,rpi5,1.0,17012211527730920579
r9cu44c3,noniid,fedrolex,1339,0.125,0.15816326530612246,rpi5,0.5,8908707192876152020
r9cu44c3,noniid,fedrolex,1339,0.125,0.027777777777777776,rpi4,0.25,14171326375354134543
r9cu44c3,noniid,fedrolex,1339,0.125,0.5301794453507341,rpi4,0.125,5894065762790256522
r9cu44c3,noniid,fedrolex,1339,0.125,0.6789366053169734,rpi4,0.125,7492589890728305405
r9cu44c3,noniid,fedrolex,1339,0.125,0.038560411311053984,rpi4,0.125,7171792752440100258
r9cu44c3,noniid,fedrolex,1339,0.125,0.03237410071942446,rpi4,0.25,13938659799070746460
r9cu44c3,noniid,fedrolex,1339,0.125,0.7589928057553957,rpi4,0.25,8607822624199704135
r9cu44c3,noniid,fedrolex,1339,0.125,0.39622641509433965,rpi4,0.125,34397632509181732
r9cu44c3,noniid,fedrolex,1339,0.125,0.32051282051282054,rpi4,0.25,8991317275068785033
r9cu44c3,noniid,fedrolex,1339,0.125,0.07803121248499399,rpi4,0.125,7485939938920665931
r9cu44c3,noniid,fedrolex,1339,0.125,0.2109375,rpi4,0.25,16311945563553994766
r9cu44c3,noniid,fedrolex,1339,0.25,0.36810551558752996,rpi5,1.0,17012211527730920579
r9cu44c3,noniid,fedrolex,1339,0.25,0.24795640326975477,rpi5,1.0,10129819605159776750
r9cu44c3,noniid,fedrolex,1339,0.25,0.0891089108910891,rpi5,1.0,11919967787376620265
r9cu44c3,noniid,fedrolex,1339,0.25,0.24242424242424243,rpi5,0.5,6253284296340417004
r9cu44c3,noniid,fedrolex,1339,0.25,0.47696476964769646,rpi5,0.5,4792805651467158759
r9cu44c3,noniid,fedrolex,1339,0.25,0.09602649006622517,rpi5,1.0,9778560075911825995
r9cu44c3,noniid,fedrolex,1339,0.25,0.4437869822485207,rpi5,0.5,7665224363422475562
r9cu44c3,noniid,fedrolex,1339,0.25,0.36627906976744184,rpi5,0.5,905669160184900300
r9cu44c3,noniid,fedrolex,1339,0.25,0.17336683417085427,rpi5,1.0,16181134295344169509
r9cu44c3,noniid,fedrolex,1339,0.25,0.42857142857142855,rpi5,0.5,8908707192876152020
r9cu44c3,noniid,fedrolex,1339,0.25,0.12222222222222222,rpi4,0.25,14171326375354134543
r9cu44c3,noniid,fedrolex,1339,0.25,0.19447779111644659,rpi4,0.125,7485939938920665931
r9cu44c3,noniid,fedrolex,1339,0.25,0.441025641025641,rpi4,0.25,8991317275068785033
r9cu44c3,noniid,fedrolex,1339,0.25,0.634584013050571,rpi4,0.125,5894065762790256522
r9cu44c3,noniid,fedrolex,1339,0.25,0.2879177377892031,rpi4,0.125,7171792752440100258
r9cu44c3,noniid,fedrolex,1339,0.25,0.6500857632933105,rpi4,0.125,34397632509181732
r9cu44c3,noniid,fedrolex,1339,0.25,0.7014314928425358,rpi4,0.125,7492589890728305405
r9cu44c3,noniid,fedrolex,1339,0.25,0.31654676258992803,rpi4,0.25,13938659799070746460
r9cu44c3,noniid,fedrolex,1339,0.25,0.7661870503597122,rpi4,0.25,8607822624199704135
r9cu44c3,noniid,fedrolex,1339,0.25,0.36328125,rpi4,0.25,16311945563553994766
r9cu44c3,noniid,fedrolex,1339,0.5,0.38419618528610355,rpi5,1.0,10129819605159776750
r9cu44c3,noniid,fedrolex,1339,0.5,0.18316831683168316,rpi5,1.0,11919967787376620265
r9cu44c3,noniid,fedrolex,1339,0.5,0.7857142857142857,rpi5,0.5,8908707192876152020
r9cu44c3,noniid,fedrolex,1339,0.5,0.42005420054200543,rpi5,0.5,4792805651467158759
r9cu44c3,noniid,fedrolex,1339,0.5,0.3905325443786982,rpi5,0.5,7665224363422475562
r9cu44c3,noniid,fedrolex,1339,0.5,0.4940047961630695,rpi5,1.0,17012211527730920579
r9cu44c3,noniid,fedrolex,1339,0.5,0.4728682170542636,rpi5,0.5,905669160184900300
r9cu44c3,noniid,fedrolex,1339,0.5,0.24503311258278146,rpi5,1.0,9778560075911825995
r9cu44c3,noniid,fedrolex,1339,0.5,0.2814070351758794,rpi5,1.0,16181134295344169509
r9cu44c3,noniid,fedrolex,1339,0.5,0.4797979797979798,rpi5,0.5,6253284296340417004
r9cu44c3,noniid,fedrolex,1339,0.5,0.23721881390593047,rpi4,0.125,7492589890728305405
r9cu44c3,noniid,fedrolex,1339,0.5,0.4138817480719794,rpi4,0.125,7171792752440100258
r9cu44c3,noniid,fedrolex,1339,0.5,0.5833333333333334,rpi4,0.25,14171326375354134543
r9cu44c3,noniid,fedrolex,1339,0.5,0.6966426858513189,rpi4,0.25,13938659799070746460
r9cu44c3,noniid,fedrolex,1339,0.5,0.6076923076923076,rpi4,0.25,8991317275068785033
r9cu44c3,noniid,fedrolex,1339,0.5,0.6574225122349103,rpi4,0.125,5894065762790256522
r9cu44c3,noniid,fedrolex,1339,0.5,0.7302158273381295,rpi4,0.25,8607822624199704135
r9cu44c3,noniid,fedrolex,1339,0.5,0.3996569468267582,rpi4,0.125,34397632509181732
r9cu44c3,noniid,fedrolex,1339,0.5,0.2725090036014406,rpi4,0.125,7485939938920665931
r9cu44c3,noniid,fedrolex,1339,0.5,0.36328125,rpi4,0.25,16311945563553994766
r9cu44c3,noniid,fedrolex,1339,1.0,0.8990066225165563,rpi5,1.0,9778560075911825995
r9cu44c3,noniid,fedrolex,1339,1.0,0.6989795918367347,rpi5,0.5,8908707192876152020
r9cu44c3,noniid,fedrolex,1339,1.0,0.5798816568047337,rpi5,0.5,7665224363422475562
r9cu44c3,noniid,fedrolex,1339,1.0,0.6666666666666666,rpi5,0.5,4792805651467158759
r9cu44c3,noniid,fedrolex,1339,1.0,0.5213178294573644,rpi5,0.5,905669160184900300
r9cu44c3,noniid,fedrolex,1339,1.0,0.6485148514851485,rpi5,1.0,11919967787376620265
r9cu44c3,noniid,fedrolex,1339,1.0,0.6906474820143885,rpi5,1.0,17012211527730920579
r9cu44c3,noniid,fedrolex,1339,1.0,0.6430517711171662,rpi5,1.0,10129819605159776750
r9cu44c3,noniid,fedrolex,1339,1.0,0.601010101010101,rpi5,0.5,6253284296340417004
r9cu44c3,noniid,fedrolex,1339,1.0,0.7386934673366834,rpi5,1.0,16181134295344169509
r9cu44c3,noniid,fedrolex,1339,1.0,0.1738241308793456,rpi4,0.125,7492589890728305405
r9cu44c3,noniid,fedrolex,1339,1.0,0.7166666666666667,rpi4,0.25,14171326375354134543
r9cu44c3,noniid,fedrolex,1339,1.0,0.5995203836930456,rpi4,0.25,13938659799070746460
r9cu44c3,noniid,fedrolex,1339,1.0,0.5618247298919568,rpi4,0.125,7485939938920665931
r9cu44c3,noniid,fedrolex,1339,1.0,0.5758564437194127,rpi4,0.125,5894065762790256522
r9cu44c3,noniid,fedrolex,1339,1.0,0.5912596401028277,rpi4,0.125,7171792752440100258
r9cu44c3,noniid,fedrolex,1339,1.0,0.7205128205128205,rpi4,0.25,8991317275068785033
r9cu44c3,noniid,fedrolex,1339,1.0,0.4648370497427101,rpi4,0.125,34397632509181732
r9cu44c3,noniid,fedrolex,1339,1.0,0.4832134292565947,rpi4,0.25,8607822624199704135
r9cu44c3,noniid,fedrolex,1339,1.0,0.54296875,rpi4,0.25,16311945563553994766
lp0lif2n,noniid,fiarse,1337,0.125,0.6185819070904646,rpi5,1.0,16604295209212051405
lp0lif2n,noniid,fiarse,1337,0.125,0.8093699515347335,rpi5,0.5,3862277269996205537
lp0lif2n,noniid,fiarse,1337,0.125,0.5741444866920152,rpi5,0.5,1833993327754806313
lp0lif2n,noniid,fiarse,1337,0.125,0.8816326530612245,rpi5,0.5,1169200409416939333
lp0lif2n,noniid,fiarse,1337,0.125,0.7290167865707434,rpi5,0.5,5986171995715522491
lp0lif2n,noniid,fiarse,1337,0.125,0.758957654723127,rpi5,1.0,7986231066142031113
lp0lif2n,noniid,fiarse,1337,0.125,0.8175519630484989,rpi5,1.0,8409027882920543986
lp0lif2n,noniid,fiarse,1337,0.125,0.6738609112709832,rpi5,0.5,7949792274269343119
lp0lif2n,noniid,fiarse,1337,0.125,0.6708860759493671,rpi5,1.0,12340107035221329788
lp0lif2n,noniid,fiarse,1337,0.125,0.7905405405405406,rpi5,1.0,14138866792868500668
lp0lif2n,noniid,fiarse,1337,0.125,0.8481012658227848,rpi4,0.25,11372627326390798004
lp0lif2n,noniid,fiarse,1337,0.125,0.8753387533875339,rpi4,0.25,6187478471976068104
lp0lif2n,noniid,fiarse,1337,0.125,0.729381443298969,rpi4,0.125,1433871135509084365
lp0lif2n,noniid,fiarse,1337,0.125,0.7805194805194805,rpi4,0.125,5486271719472828974
lp0lif2n,noniid,fiarse,1337,0.125,0.5807962529274004,rpi4,0.25,11276642950267662514
lp0lif2n,noniid,fiarse,1337,0.125,0.5993031358885017,rpi4,0.25,5542969799783633139
lp0lif2n,noniid,fiarse,1337,0.125,0.519163763066202,rpi4,0.125,1716172637319219060
lp0lif2n,noniid,fiarse,1337,0.125,0.44654088050314467,rpi4,0.25,13308668457957871280
lp0lif2n,noniid,fiarse,1337,0.125,0.5371702637889688,rpi4,0.125,2933986200058249631
lp0lif2n,noniid,fiarse,1337,0.125,0.7355371900826446,rpi4,0.125,2211897758776208029
lp0lif2n,noniid,fiarse,1337,0.25,0.6653992395437263,rpi5,0.5,1833993327754806313
lp0lif2n,noniid,fiarse,1337,0.25,0.6151079136690647,rpi5,0.5,7949792274269343119
lp0lif2n,noniid,fiarse,1337,0.25,0.8468468468468469,rpi5,1.0,14138866792868500668
lp0lif2n,noniid,fiarse,1337,0.25,0.7468354430379747,rpi5,1.0,12340107035221329788
lp0lif2n,noniid,fiarse,1337,0.25,0.7944572748267898,rpi5,1.0,8409027882920543986
lp0lif2n,noniid,fiarse,1337,0.25,0.7757793764988009,rpi5,0.5,5986171995715522491
lp0lif2n,noniid,fiarse,1337,0.25,0.7980613893376414,rpi5,0.5,3862277269996205537
lp0lif2n,noniid,fiarse,1337,0.25,0.6234718826405868,rpi5,1.0,16604295209212051405
lp0lif2n,noniid,fiarse,1337,0.25,0.8257328990228013,rpi5,1.0,7986231066142031113
lp0lif2n,noniid,fiarse,1337,0.25,0.8734693877551021,rpi5,0.5,1169200409416939333
lp0lif2n,noniid,fiarse,1337,0.25,0.8227848101265823,rpi4,0.25,11372627326390798004
lp0lif2n,noniid,fiarse,1337,0.25,0.8064935064935065,rpi4,0.125,5486271719472828974
lp0lif2n,noniid,fiarse,1337,0.25,0.39372822299651566,rpi4,0.125,1716172637319219060
lp0lif2n,noniid,fiarse,1337,0.25,0.7216494845360825,rpi4,0.125,1433871135509084365
lp0lif2n,noniid,fiarse,1337,0.25,0.6794425087108014,rpi4,0.25,5542969799783633139
lp0lif2n,noniid,fiarse,1337,0.25,0.8699186991869918,rpi4,0.25,6187478471976068104
lp0lif2n,noniid,fiarse,1337,0.25,0.389937106918239,rpi4,0.25,13308668457957871280
lp0lif2n,noniid,fiarse,1337,0.25,0.65807962529274,rpi4,0.25,11276642950267662514
lp0lif2n,noniid,fiarse,1337,0.25,0.407673860911271,rpi4,0.125,2933986200058249631
lp0lif2n,noniid,fiarse,1337,0.25,0.6198347107438017,rpi4,0.125,2211897758776208029
lp0lif2n,noniid,fiarse,1337,0.5,0.5599022004889975,rpi5,1.0,16604295209212051405
lp0lif2n,noniid,fiarse,1337,0.5,0.9061224489795918,rpi5,0.5,1169200409416939333
lp0lif2n,noniid,fiarse,1337,0.5,0.8680781758957655,rpi5,1.0,7986231066142031113
lp0lif2n,noniid,fiarse,1337,0.5,0.7793764988009593,rpi5,0.5,5986171995715522491
lp0lif2n,noniid,fiarse,1337,0.5,0.6115107913669064,rpi5,0.5,7949792274269343119
lp0lif2n,noniid,fiarse,1337,0.5,0.7879746835443038,rpi5,1.0,12340107035221329788
lp0lif2n,noniid,fiarse,1337,0.5,0.6387832699619772,rpi5,0.5,1833993327754806313
lp0lif2n,noniid,fiarse,1337,0.5,0.8337182448036952,rpi5,1.0,8409027882920543986
lp0lif2n,noniid,fiarse,1337,0.5,0.7641357027463651,rpi5,0.5,3862277269996205537
lp0lif2n,noniid,fiarse,1337,0.5,0.8783783783783784,rpi5,1.0,14138866792868500668
lp0lif2n,noniid,fiarse,1337,0.5,0.7974683544303798,rpi4,0.25,11372627326390798004
lp0lif2n,noniid,fiarse,1337,0.5,0.7474226804123711,rpi4,0.125,1433871135509084365
lp0lif2n,noniid,fiarse,1337,0.5,0.6515679442508711,rpi4,0.25,5542969799783633139
lp0lif2n,noniid,fiarse,1337,0.5,0.313588850174216,rpi4,0.125,1716172637319219060
lp0lif2n,noniid,fiarse,1337,0.5,0.8,rpi4,0.125,5486271719472828974
lp0lif2n,noniid,fiarse,1337,0.5,0.4276729559748428,rpi4,0.25,13308668457957871280
lp0lif2n,noniid,fiarse,1337,0.5,0.6276346604215457,rpi4,0.25,11276642950267662514
lp0lif2n,noniid,fiarse,1337,0.5,0.8102981029810298,rpi4,0.25,6187478471976068104
lp0lif2n,noniid,fiarse,1337,0.5,0.37170263788968827,rpi4,0.125,2933986200058249631
lp0lif2n,noniid,fiarse,1337,0.5,0.5578512396694215,rpi4,0.125,2211897758776208029
lp0lif2n,noniid,fiarse,1337,1.0,0.5815347721822542,rpi5,0.5,7949792274269343119
lp0lif2n,noniid,fiarse,1337,1.0,0.750599520383693,rpi5,0.5,5986171995715522491
lp0lif2n,noniid,fiarse,1337,1.0,0.5779467680608364,rpi5,0.5,1833993327754806313
lp0lif2n,noniid,fiarse,1337,1.0,0.8957654723127035,rpi5,1.0,7986231066142031113
lp0lif2n,noniid,fiarse,1337,1.0,0.6639741518578353,rpi5,0.5,3862277269996205537
lp0lif2n,noniid,fiarse,1337,1.0,0.4938875305623472,rpi5,1.0,16604295209212051405
lp0lif2n,noniid,fiarse,1337,1.0,0.8475750577367206,rpi5,1.0,8409027882920543986
lp0lif2n,noniid,fiarse,1337,1.0,0.9061224489795918,rpi5,0.5,1169200409416939333
lp0lif2n,noniid,fiarse,1337,1.0,0.8806306306306306,rpi5,1.0,14138866792868500668
lp0lif2n,noniid,fiarse,1337,1.0,0.819620253164557,rpi5,1.0,12340107035221329788
lp0lif2n,noniid,fiarse,1337,1.0,0.810126582278481,rpi4,0.25,11372627326390798004
lp0lif2n,noniid,fiarse,1337,1.0,0.6411149825783972,rpi4,0.25,5542969799783633139
lp0lif2n,noniid,fiarse,1337,1.0,0.28222996515679444,rpi4,0.125,1716172637319219060
lp0lif2n,noniid,fiarse,1337,1.0,0.7909090909090909,rpi4,0.125,5486271719472828974
lp0lif2n,noniid,fiarse,1337,1.0,0.4308176100628931,rpi4,0.25,13308668457957871280
lp0lif2n,noniid,fiarse,1337,1.0,0.5667447306791569,rpi4,0.25,11276642950267662514
lp0lif2n,noniid,fiarse,1337,1.0,0.75,rpi4,0.125,1433871135509084365
lp0lif2n,noniid,fiarse,1337,1.0,0.7696476964769647,rpi4,0.25,6187478471976068104
lp0lif2n,noniid,fiarse,1337,1.0,0.32014388489208634,rpi4,0.125,2933986200058249631
lp0lif2n,noniid,fiarse,1337,1.0,0.49173553719008267,rpi4,0.125,2211897758776208029
dn4zet2u,noniid,fiarse,1338,0.125,0.8208955223880597,rpi5,0.5,4097961896522665712
dn4zet2u,noniid,fiarse,1338,0.125,0.8025210084033614,rpi5,1.0,7622186043613681335
dn4zet2u,noniid,fiarse,1338,0.125,0.8129496402877698,rpi5,0.5,5097196657939188748
dn4zet2u,noniid,fiarse,1338,0.125,0.9166666666666666,rpi5,1.0,10706488125603945747
dn4zet2u,noniid,fiarse,1338,0.125,0.8009592326139089,rpi5,0.5,5778229238854078680
dn4zet2u,noniid,fiarse,1338,0.125,0.6518282988871225,rpi5,0.5,1607001084779868150
dn4zet2u,noniid,fiarse,1338,0.125,0.30952380952380953,rpi5,0.5,5517667395776284614
dn4zet2u,noniid,fiarse,1338,0.125,0.640625,rpi5,1.0,10578333245320790912
dn4zet2u,noniid,fiarse,1338,0.125,0.5423976608187134,rpi5,1.0,18366469709183195564
dn4zet2u,noniid,fiarse,1338,0.125,0.574468085106383,rpi5,1.0,9156392170544893004
dn4zet2u,noniid,fiarse,1338,0.125,0.7660377358490567,rpi4,0.125,10612527827532451680
dn4zet2u,noniid,fiarse,1338,0.125,0.7468030690537084,rpi4,0.125,4499428242287952175
dn4zet2u,noniid,fiarse,1338,0.125,0.861904761904762,rpi4,0.25,14767384116460304107
dn4zet2u,noniid,fiarse,1338,0.125,0.6428571428571429,rpi4,0.25,12357553689695380271
dn4zet2u,noniid,fiarse,1338,0.125,0.6611570247933884,rpi4,0.25,18323901150966850411
dn4zet2u,noniid,fiarse,1338,0.125,0.6816666666666666,rpi4,0.125,12268608026327969327
dn4zet2u,noniid,fiarse,1338,0.125,0.32545931758530183,rpi4,0.125,12076946970561175647
dn4zet2u,noniid,fiarse,1338,0.125,0.8814055636896047,rpi4,0.25,17791620008891219836
dn4zet2u,noniid,fiarse,1338,0.125,0.6774193548387096,rpi4,0.25,12974392361709027293
dn4zet2u,noniid,fiarse,1338,0.125,0.6616161616161617,rpi4,0.125,4457568304365990625
dn4zet2u,noniid,fiarse,1338,0.25,0.574468085106383,rpi5,1.0,9156392170544893004
dn4zet2u,noniid,fiarse,1338,0.25,0.63671875,rpi5,1.0,10578333245320790912
dn4zet2u,noniid,fiarse,1338,0.25,0.7742448330683624,rpi5,0.5,1607001084779868150
dn4zet2u,noniid,fiarse,1338,0.25,0.8165467625899281,rpi5,0.5,5778229238854078680
dn4zet2u,noniid,fiarse,1338,0.25,0.7689075630252101,rpi5,1.0,7622186043613681335
dn4zet2u,noniid,fiarse,1338,0.25,0.8776978417266187,rpi5,0.5,5097196657939188748
dn4zet2u,noniid,fiarse,1338,0.25,0.8716417910447761,rpi5,0.5,4097961896522665712
dn4zet2u,noniid,fiarse,1338,0.25,0.47619047619047616,rpi5,0.5,5517667395776284614
dn4zet2u,noniid,fiarse,1338,0.25,0.6067251461988304,rpi5,1.0,18366469709183195564
dn4zet2u,noniid,fiarse,1338,0.25,0.9166666666666666,rpi5,1.0,10706488125603945747
dn4zet2u,noniid,fiarse,1338,0.25,0.6633333333333333,rpi4,0.125,12268608026327969327
dn4zet2u,noniid,fiarse,1338,0.25,0.8535871156661786,rpi4,0.25,17791620008891219836
dn4zet2u,noniid,fiarse,1338,0.25,0.8634920634920635,rpi4,0.25,14767384116460304107
dn4zet2u,noniid,fiarse,1338,0.25,0.7452830188679245,rpi4,0.125,10612527827532451680
dn4zet2u,noniid,fiarse,1338,0.25,0.6828644501278772,rpi4,0.125,4499428242287952175
dn4zet2u,noniid,fiarse,1338,0.25,0.32020997375328086,rpi4,0.125,12076946970561175647
dn4zet2u,noniid,fiarse,1338,0.25,0.6115702479338843,rpi4,0.25,18323901150966850411
dn4zet2u,noniid,fiarse,1338,0.25,0.6660714285714285,rpi4,0.25,12357553689695380271
dn4zet2u,noniid,fiarse,1338,0.25,0.7419354838709677,rpi4,0.25,12974392361709027293
dn4zet2u,noniid,fiarse,1338,0.25,0.6616161616161617,rpi4,0.125,4457568304365990625
dn4zet2u,noniid,fiarse,1338,0.5,0.5,rpi5,0.5,5517667395776284614
dn4zet2u,noniid,fiarse,1338,0.5,0.6023391812865497,rpi5,1.0,18366469709183195564
dn4zet2u,noniid,fiarse,1338,0.5,0.7362110311750599,rpi5,0.5,5778229238854078680
dn4zet2u,noniid,fiarse,1338,0.5,0.7265500794912559,rpi5,0.5,1607001084779868150
dn4zet2u,noniid,fiarse,1338,0.5,0.8597014925373134,rpi5,0.5,4097961896522665712
dn4zet2u,noniid,fiarse,1338,0.5,0.8067226890756303,rpi5,1.0,7622186043613681335
dn4zet2u,noniid,fiarse,1338,0.5,0.8633093525179856,rpi5,0.5,5097196657939188748
dn4zet2u,noniid,fiarse,1338,0.5,0.9270833333333334,rpi5,1.0,10706488125603945747
dn4zet2u,noniid,fiarse,1338,0.5,0.5570599613152805,rpi5,1.0,9156392170544893004
dn4zet2u,noniid,fiarse,1338,0.5,0.5546875,rpi5,1.0,10578333245320790912
dn4zet2u,noniid,fiarse,1338,0.5,0.7339622641509433,rpi4,0.125,10612527827532451680
dn4zet2u,noniid,fiarse,1338,0.5,0.8476190476190476,rpi4,0.25,14767384116460304107
dn4zet2u,noniid,fiarse,1338,0.5,0.6464285714285715,rpi4,0.25,12357553689695380271
dn4zet2u,noniid,fiarse,1338,0.5,0.7033248081841432,rpi4,0.125,4499428242287952175
dn4zet2u,noniid,fiarse,1338,0.5,0.7774524158125915,rpi4,0.25,17791620008891219836
dn4zet2u,noniid,fiarse,1338,0.5,0.28083989501312334,rpi4,0.125,12076946970561175647
dn4zet2u,noniid,fiarse,1338,0.5,0.685,rpi4,0.125,12268608026327969327
dn4zet2u,noniid,fiarse,1338,0.5,0.5909090909090909,rpi4,0.25,12974392361709027293
dn4zet2u,noniid,fiarse,1338,0.5,0.6487603305785123,rpi4,0.25,18323901150966850411
dn4zet2u,noniid,fiarse,1338,0.5,0.6515151515151515,rpi4,0.125,4457568304365990625
dn4zet2u,noniid,fiarse,1338,1.0,0.7223880597014926,rpi5,0.5,4097961896522665712
dn4zet2u,noniid,fiarse,1338,1.0,0.9270833333333334,rpi5,1.0,10706488125603945747
dn4zet2u,noniid,fiarse,1338,1.0,0.56640625,rpi5,1.0,10578333245320790912
dn4zet2u,noniid,fiarse,1338,1.0,0.8375350140056023,rpi5,1.0,7622186043613681335
dn4zet2u,noniid,fiarse,1338,1.0,0.4960254372019078,rpi5,0.5,1607001084779868150
dn4zet2u,noniid,fiarse,1338,1.0,0.5789473684210527,rpi5,1.0,18366469709183195564
dn4zet2u,noniid,fiarse,1338,1.0,0.5239808153477218,rpi5,0.5,5778229238854078680
dn4zet2u,noniid,fiarse,1338,1.0,0.5918762088974855,rpi5,1.0,9156392170544893004
dn4zet2u,noniid,fiarse,1338,1.0,0.38095238095238093,rpi5,0.5,5517667395776284614
dn4zet2u,noniid,fiarse,1338,1.0,0.8141486810551559,rpi5,0.5,5097196657939188748
dn4zet2u,noniid,fiarse,1338,1.0,0.7186700767263428,rpi4,0.125,4499428242287952175
dn4zet2u,noniid,fiarse,1338,1.0,0.6900826446280992,rpi4,0.25,18323901150966850411
dn4zet2u,noniid,fiarse,1338,1.0,0.6392857142857142,rpi4,0.25,12357553689695380271
dn4zet2u,noniid,fiarse,1338,1.0,0.3914956011730205,rpi4,0.25,12974392361709027293
dn4zet2u,noniid,fiarse,1338,1.0,0.8174603174603174,rpi4,0.25,14767384116460304107
dn4zet2u,noniid,fiarse,1338,1.0,0.6830188679245283,rpi4,0.125,10612527827532451680
dn4zet2u,noniid,fiarse,1338,1.0,0.72,rpi4,0.125,12268608026327969327
dn4zet2u,noniid,fiarse,1338,1.0,0.28608923884514437,rpi4,0.125,12076946970561175647
dn4zet2u,noniid,fiarse,1338,1.0,0.7715959004392386,rpi4,0.25,17791620008891219836
dn4zet2u,noniid,fiarse,1338,1.0,0.5909090909090909,rpi4,0.125,4457568304365990625
c87h2c85,noniid,fiarse,1339,0.125,0.38613861386138615,rpi5,0.5,8848051662548366269
c87h2c85,noniid,fiarse,1339,0.125,0.6366906474820144,rpi5,1.0,13931412252081937773
c87h2c85,noniid,fiarse,1339,0.125,0.8214285714285714,rpi5,1.0,11815137518523616145
c87h2c85,noniid,fiarse,1339,0.125,0.5404040404040404,rpi5,1.0,12211825057780689794
c87h2c85,noniid,fiarse,1339,0.125,0.627906976744186,rpi5,0.5,8192821398877151159
c87h2c85,noniid,fiarse,1339,0.125,0.7119205298013245,rpi5,0.5,2225779342313059794
c87h2c85,noniid,fiarse,1339,0.125,0.7886178861788617,rpi5,1.0,15424952630587886894
c87h2c85,noniid,fiarse,1339,0.125,0.635678391959799,rpi5,0.5,1673470672816431935
c87h2c85,noniid,fiarse,1339,0.125,0.48501362397820164,rpi5,0.5,7227223706351694613
c87h2c85,noniid,fiarse,1339,0.125,0.47337278106508873,rpi5,1.0,14524232864684280334
c87h2c85,noniid,fiarse,1339,0.125,0.570694087403599,rpi4,0.125,1587986131348498426
c87h2c85,noniid,fiarse,1339,0.125,0.8320512820512821,rpi4,0.25,17239080576943921793
c87h2c85,noniid,fiarse,1339,0.125,0.33013205282112845,rpi4,0.25,13786374142291915139
c87h2c85,noniid,fiarse,1339,0.125,0.6809815950920245,rpi4,0.25,15807932481171985257
c87h2c85,noniid,fiarse,1339,0.125,0.7422512234910277,rpi4,0.25,13279570036352250816
c87h2c85,noniid,fiarse,1339,0.125,0.7944444444444444,rpi4,0.125,9469535873217178663
c87h2c85,noniid,fiarse,1339,0.125,0.8393285371702638,rpi4,0.125,11814261738475701669
c87h2c85,noniid,fiarse,1339,0.125,0.9064748201438849,rpi4,0.25,16673871757206136611
c87h2c85,noniid,fiarse,1339,0.125,0.7495711835334476,rpi4,0.125,9684502400841675139
c87h2c85,noniid,fiarse,1339,0.125,0.8984375,rpi4,0.125,12294471663363594607
c87h2c85,noniid,fiarse,1339,0.25,0.6954436450839329,rpi5,1.0,13931412252081937773
c87h2c85,noniid,fiarse,1339,0.25,0.38613861386138615,rpi5,0.5,8848051662548366269
c87h2c85,noniid,fiarse,1339,0.25,0.7615176151761518,rpi5,1.0,15424952630587886894
c87h2c85,noniid,fiarse,1339,0.25,0.826530612244898,rpi5,1.0,11815137518523616145
c87h2c85,noniid,fiarse,1339,0.25,0.8079470198675497,rpi5,0.5,2225779342313059794
c87h2c85,noniid,fiarse,1339,0.25,0.6782945736434108,rpi5,0.5,8192821398877151159
c87h2c85,noniid,fiarse,1339,0.25,0.5395095367847411,rpi5,0.5,7227223706351694613
c87h2c85,noniid,fiarse,1339,0.25,0.635678391959799,rpi5,0.5,1673470672816431935
c87h2c85,noniid,fiarse,1339,0.25,0.6212121212121212,rpi5,1.0,12211825057780689794
c87h2c85,noniid,fiarse,1339,0.25,0.5029585798816568,rpi5,1.0,14524232864684280334
c87h2c85,noniid,fiarse,1339,0.25,0.7422512234910277,rpi4,0.25,13279570036352250816
c87h2c85,noniid,fiarse,1339,0.25,0.6707566462167689,rpi4,0.25,15807932481171985257
c87h2c85,noniid,fiarse,1339,0.25,0.6015424164524421,rpi4,0.125,1587986131348498426
c87h2c85,noniid,fiarse,1339,0.25,0.8111111111111111,rpi4,0.125,9469535873217178663
c87h2c85,noniid,fiarse,1339,0.25,0.6758147512864494,rpi4,0.125,9684502400841675139
c87h2c85,noniid,fiarse,1339,0.25,0.89568345323741,rpi4,0.25,16673871757206136611
c87h2c85,noniid,fiarse,1339,0.25,0.8309352517985612,rpi4,0.125,11814261738475701669
c87h2c85,noniid,fiarse,1339,0.25,0.8487179487179487,rpi4,0.25,17239080576943921793
c87h2c85,noniid,fiarse,1339,0.25,0.3445378151260504,rpi4,0.25,13786374142291915139
c87h2c85,noniid,fiarse,1339,0.25,0.87109375,rpi4,0.125,12294471663363594607
c87h2c85,noniid,fiarse,1339,0.5,0.7070707070707071,rpi5,1.0,12211825057780689794
c87h2c85,noniid,fiarse,1339,0.5,0.7551020408163265,rpi5,1.0,11815137518523616145
c87h2c85,noniid,fiarse,1339,0.5,0.8013245033112583,rpi5,0.5,2225779342313059794
c87h2c85,noniid,fiarse,1339,0.5,0.670299727520436,rpi5,0.5,7227223706351694613
c87h2c85,noniid,fiarse,1339,0.5,0.7228682170542635,rpi5,0.5,8192821398877151159
c87h2c85,noniid,fiarse,1339,0.5,0.7588075880758808,rpi5,1.0,15424952630587886894
c87h2c85,noniid,fiarse,1339,0.5,0.5502958579881657,rpi5,1.0,14524232864684280334
c87h2c85,noniid,fiarse,1339,0.5,0.750599520383693,rpi5,1.0,13931412252081937773
c87h2c85,noniid,fiarse,1339,0.5,0.6934673366834171,rpi5,0.5,1673470672816431935
c87h2c85,noniid,fiarse,1339,0.5,0.43564356435643564,rpi5,0.5,8848051662548366269
c87h2c85,noniid,fiarse,1339,0.5,0.6478149100257069,rpi4,0.125,1587986131348498426
c87h2c85,noniid,fiarse,1339,0.5,0.8165467625899281,rpi4,0.125,11814261738475701669
c87h2c85,noniid,fiarse,1339,0.5,0.7722222222222223,rpi4,0.125,9469535873217178663
c87h2c85,noniid,fiarse,1339,0.5,0.660377358490566,rpi4,0.125,9684502400841675139
c87h2c85,noniid,fiarse,1339,0.5,0.7520391517128875,rpi4,0.25,13279570036352250816
c87h2c85,noniid,fiarse,1339,0.5,0.6871165644171779,rpi4,0.25,15807932481171985257
c87h2c85,noniid,fiarse,1339,0.5,0.8358974358974359,rpi4,0.25,17239080576943921793
c87h2c85,noniid,fiarse,1339,0.5,0.3517406962785114,rpi4,0.25,13786374142291915139
c87h2c85,noniid,fiarse,1339,0.5,0.8453237410071942,rpi4,0.25,16673871757206136611
c87h2c85,noniid,fiarse,1339,0.5,0.81640625,rpi4,0.125,12294471663363594607
c87h2c85,noniid,fiarse,1339,1.0,0.4207920792079208,rpi5,0.5,8848051662548366269
c87h2c85,noniid,fiarse,1339,1.0,0.6633165829145728,rpi5,0.5,1673470672816431935
c87h2c85,noniid,fiarse,1339,1.0,0.7913279132791328,rpi5,1.0,15424952630587886894
c87h2c85,noniid,fiarse,1339,1.0,0.689922480620155,rpi5,0.5,8192821398877151159
c87h2c85,noniid,fiarse,1339,1.0,0.7434052757793765,rpi5,1.0,13931412252081937773
c87h2c85,noniid,fiarse,1339,1.0,0.5562130177514792,rpi5,1.0,14524232864684280334
c87h2c85,noniid,fiarse,1339,1.0,0.6565656565656566,rpi5,1.0,12211825057780689794
c87h2c85,noniid,fiarse,1339,1.0,0.75,rpi5,0.5,2225779342313059794
c87h2c85,noniid,fiarse,1339,1.0,0.7551020408163265,rpi5,1.0,11815137518523616145
c87h2c85,noniid,fiarse,1339,1.0,0.6294277929155313,rpi5,0.5,7227223706351694613
c87h2c85,noniid,fiarse,1339,1.0,0.7722222222222223,rpi4,0.125,9469535873217178663
c87h2c85,noniid,fiarse,1339,1.0,0.7716150081566069,rpi4,0.25,13279570036352250816
c87h2c85,noniid,fiarse,1339,1.0,0.3445378151260504,rpi4,0.25,13786374142291915139
c87h2c85,noniid,fiarse,1339,1.0,0.6503856041131105,rpi4,0.125,1587986131348498426
c87h2c85,noniid,fiarse,1339,1.0,0.7402862985685071,rpi4,0.25,15807932481171985257
c87h2c85,noniid,fiarse,1339,1.0,0.7547169811320755,rpi4,0.125,9684502400841675139
c87h2c85,noniid,fiarse,1339,1.0,0.8448717948717949,rpi4,0.25,17239080576943921793
c87h2c85,noniid,fiarse,1339,1.0,0.8213429256594724,rpi4,0.125,11814261738475701669
c87h2c85,noniid,fiarse,1339,1.0,0.894484412470024,rpi4,0.25,16673871757206136611
c87h2c85,noniid,fiarse,1339,1.0,0.8359375,rpi4,0.125,12294471663363594607
