{
  "max_steps": 60,
  "expected_seed_coverage": {
    "fedbuff_k5": {
      "seeds": [
        1337,
        1338,
        1339
      ],
      "run_ids": [
        "f8r1yqsh",
        "3sduvg0n",
        "w54p73te"
      ]
    },
    "fedbuff_k10": {
      "seeds": [
        1337,
        1338,
        1339
      ],
      "run_ids": [
        "j81afai0",
        "kouohvbb",
        "o7i4mdii"
      ]
    },
    "fedstaleweight_k5": {
      "seeds": [
        1337,
        1338,
        1339
      ],
      "run_ids": [
        "qjnt77fk",
        "hmg55ujk",
        "yk3uqpnh"
      ]
    },
    "fedstaleweight_k10": {
      "seeds": [
        1337,
        1338,
        1339
      ],
      "run_ids": [
        "wyc9rjxq",
        "b0xxbbi7",
        "9qv2c0qb"
      ]
    }
  },
  "panels": {
    "rpi4": {
      "fedbuff_k5": {
        "n": 188,
        "seeds": [
          1337,
          1338,
          1339
        ],
        "run_ids": [
          "3sduvg0n",
          "f8r1yqsh",
          "w54p73te"
        ],
        "mean": 0.08827213549301521,
        "median": 0.08944271909999159,
        "q1": 0.08164965809277261,
        "q3": 0.08944271909999159,
        "min": 0.06666666666666667,
        "max": 0.1414213562373095
      },
      "fedbuff_k10": {
        "n": 262,
        "seeds": [
          1337,
          1338,
          1339
        ],
        "run_ids": [
          "j81afai0",
          "kouohvbb",
          "o7i4mdii"
        ],
        "mean": 0.04955849545877313,
        "median": 0.05,
        "q1": 0.05,
        "q3": 0.05,
        "min": 0.03779644730092272,
        "max": 0.07071067811865475
      },
      "fedstaleweight_k5": {
        "n": 180,
        "seeds": [
          1337,
          1338,
          1339
        ],
        "run_ids": [
          "hmg55ujk",
          "qjnt77fk",
          "yk3uqpnh"
        ],
        "mean": 0.2900075851908254,
        "median": 0.28,
        "q1": 0.22857142857142856,
        "q3": 0.34444444444444444,
        "min": 0.14666666666666667,
        "max": 0.4823529411764706
      },
      "fedstaleweight_k10": {
        "n": 260,
        "seeds": [
          1337,
          1338,
          1339
        ],
        "run_ids": [
          "9qv2c0qb",
          "b0xxbbi7",
          "wyc9rjxq"
        ],
        "mean": 0.2030529257699857,
        "median": 0.19375,
        "q1": 0.16153846153846155,
        "q3": 0.23846153846153847,
        "min": 0.1,
        "max": 0.38125
      }
    },
    "rpi5": {
      "fedbuff_k5": {
        "n": 712,
        "seeds": [
          1337,
          1338,
          1339
        ],
        "run_ids": [
          "3sduvg0n",
          "f8r1yqsh",
          "w54p73te"
        ],
        "mean": 0.11412231821075361,
        "median": 0.11547005383792516,
        "q1": 0.1,
        "q3": 0.11547005383792516,
        "min": 0.08164965809277261,
        "max": 0.2
      },
      "fedbuff_k10": {
        "n": 1538,
        "seeds": [
          1337,
          1338,
          1339
        ],
        "run_ids": [
          "j81afai0",
          "kouohvbb",
          "o7i4mdii"
        ],
        "mean": 0.07058899017684475,
        "median": 0.07071067811865475,
        "q1": 0.07071067811865475,
        "q3": 0.07071067811865475,
        "min": 0.05773502691896258,
        "max": 0.1
      },
      "fedstaleweight_k5": {
        "n": 720,
        "seeds": [
          1337,
          1338,
          1339
        ],
        "run_ids": [
          "hmg55ujk",
          "qjnt77fk",
          "yk3uqpnh"
        ],
        "mean": 0.17749810370229363,
        "median": 0.17777777777777778,
        "q1": 0.14666666666666667,
        "q3": 0.21333333333333335,
        "min": 0.06315789473684211,
        "max": 0.35
      },
      "fedstaleweight_k10": {
        "n": 1510,
        "seeds": [
          1337,
          1338,
          1339
        ],
        "run_ids": [
          "9qv2c0qb",
          "b0xxbbi7",
          "wyc9rjxq"
        ],
        "mean": 0.08225578761576405,
        "median": 0.07857142857142857,
        "q1": 0.06875,
        "q3": 0.09166666666666666,
        "min": 0.007692307692307693,
        "max": 0.19090909090909092
      }
    }
  }
}